gamePk,link,gameType,season,gameDate,gameMonth,gameDay,doubleHeader,gameStatus,homeTeamId,awayTeamId,homeScoreFinal,awayScoreFinal
823244,/api/v1.1/game/823244/feed/live,R,2026,05:00.0,3,25,N,Final,137,147,0,7
823649,/api/v1.1/game/823649/feed/live,R,2026,15:00.0,3,26,N,Final,121,134,11,7
823812,/api/v1.1/game/823812/feed/live,R,2026,10:00.0,3,26,N,Final,158,145,14,2
824704,/api/v1.1/game/824704/feed/live,R,2026,20:00.0,3,26,N,Final,112,120,4,10
824865,/api/v1.1/game/824865/feed/live,R,2026,05:00.0,3,26,N,Final,110,142,2,1
824541,/api/v1.1/game/824541/feed/live,R,2026,10:00.0,3,26,N,Final,113,111,0,3
824218,/api/v1.1/game/824218/feed/live,R,2026,10:00.0,3,26,N,Final,117,108,0,3
823325,/api/v1.1/game/823325/feed/live,R,2026,10:00.0,3,26,N,Final,135,116,2,8
823081,/api/v1.1/game/823081/feed/live,R,2026,15:00.0,3,26,N,Final,138,139,9,7
823486,/api/v1.1/game/823486/feed/live,R,2026,15:00.0,3,26,N,Final,143,140,5,3
823974,/api/v1.1/game/823974/feed/live,R,2026,30:00.0,3,26,N,Final,119,109,8,2
823163,/api/v1.1/game/823163/feed/live,R,2026,10:00.0,3,26,N,Final,136,114,4,6
823243,/api/v1.1/game/823243/feed/live,R,2026,35:00.0,3,27,N,Final,137,147,0,3
822839,/api/v1.1/game/822839/feed/live,R,2026,07:00.0,3,27,N,Final,141,133,3,2
823893,/api/v1.1/game/823893/feed/live,R,2026,10:00.0,3,27,N,Final,146,115,2,1
824946,/api/v1.1/game/824946/feed/live,R,2026,15:00.0,3,27,N,Final,144,118,6,0
824216,/api/v1.1/game/824216/feed/live,R,2026,15:00.0,3,27,N,Final,117,108,2,6
823324,/api/v1.1/game/823324/feed/live,R,2026,40:00.0,3,27,N,Final,135,116,2,5
823162,/api/v1.1/game/823162/feed/live,R,2026,45:00.0,3,27,N,Final,136,114,5,1
823971,/api/v1.1/game/823971/feed/live,R,2026,10:00.0,3,27,N,Final,119,109,5,4
823082,/api/v1.1/game/823082/feed/live,R,2026,15:00.0,3,28,N,Final,138,139,6,5
824701,/api/v1.1/game/824701/feed/live,R,2026,20:00.0,3,28,N,Final,112,120,10,2
822838,/api/v1.1/game/822838/feed/live,R,2026,07:00.0,3,28,N,Final,141,133,8,7
824862,/api/v1.1/game/824862/feed/live,R,2026,05:00.0,3,28,N,Final,110,142,1,4
823488,/api/v1.1/game/823488/feed/live,R,2026,05:00.0,3,28,N,Final,143,140,4,5
824540,/api/v1.1/game/824540/feed/live,R,2026,10:00.0,3,28,N,Final,113,111,6,5
823651,/api/v1.1/game/823651/feed/live,R,2026,10:00.0,3,28,N,Final,121,134,4,2
823892,/api/v1.1/game/823892/feed/live,R,2026,10:00.0,3,28,N,Final,146,115,4,3
824213,/api/v1.1/game/824213/feed/live,R,2026,10:00.0,3,28,N,Final,117,108,11,9
823811,/api/v1.1/game/823811/feed/live,R,2026,10:00.0,3,28,N,Final,158,145,6,1
824945,/api/v1.1/game/824945/feed/live,R,2026,15:00.0,3,28,N,Final,144,118,6,2
823241,/api/v1.1/game/823241/feed/live,R,2026,15:00.0,3,28,N,Final,137,147,1,3
823323,/api/v1.1/game/823323/feed/live,R,2026,40:00.0,3,28,N,Final,135,116,3,0
823973,/api/v1.1/game/823973/feed/live,R,2026,10:00.0,3,28,N,Final,119,109,3,2
823161,/api/v1.1/game/823161/feed/live,R,2026,40:00.0,3,28,N,Final,136,114,5,6
824864,/api/v1.1/game/824864/feed/live,R,2026,35:00.0,3,29,N,Final,110,142,8,6
823487,/api/v1.1/game/823487/feed/live,R,2026,35:00.0,3,29,N,Final,143,140,3,8
824944,/api/v1.1/game/824944/feed/live,R,2026,35:00.0,3,29,N,Final,144,118,1,4
822837,/api/v1.1/game/822837/feed/live,R,2026,37:00.0,3,29,N,Final,141,133,5,2
824538,/api/v1.1/game/824538/feed/live,R,2026,40:00.0,3,29,N,Final,113,111,3,2
823647,/api/v1.1/game/823647/feed/live,R,2026,40:00.0,3,29,N,Final,121,134,3,4
823891,/api/v1.1/game/823891/feed/live,R,2026,40:00.0,3,29,N,Final,146,115,4,3
824215,/api/v1.1/game/824215/feed/live,R,2026,10:00.0,3,29,N,Final,117,108,9,7
823810,/api/v1.1/game/823810/feed/live,R,2026,10:00.0,3,29,N,Final,158,145,9,7
823079,/api/v1.1/game/823079/feed/live,R,2026,15:00.0,3,29,N,Final,138,139,7,11
824700,/api/v1.1/game/824700/feed/live,R,2026,20:00.0,3,29,N,Final,112,120,3,6
823160,/api/v1.1/game/823160/feed/live,R,2026,20:00.0,3,29,N,Final,136,114,8,0
824135,/api/v1.1/game/824135/feed/live,R,2026,10:00.0,3,30,N,Final,118,142,3,1
824863,/api/v1.1/game/824863/feed/live,R,2026,35:00.0,3,30,N,Final,110,140,2,5
824539,/api/v1.1/game/824539/feed/live,R,2026,40:00.0,3,30,N,Final,113,134,2,0
823484,/api/v1.1/game/823484/feed/live,R,2026,40:00.0,3,30,N,Final,143,120,2,13
823890,/api/v1.1/game/823890/feed/live,R,2026,40:00.0,3,30,N,Final,146,145,4,9
822834,/api/v1.1/game/822834/feed/live,R,2026,07:00.0,3,30,N,Final,141,115,5,14
824943,/api/v1.1/game/824943/feed/live,R,2026,15:00.0,3,30,N,Final,144,133,4,0
824702,/api/v1.1/game/824702/feed/live,R,2026,40:00.0,3,30,N,Final,112,108,7,2
823809,/api/v1.1/game/823809/feed/live,R,2026,40:00.0,3,30,N,Final,158,139,2,3
823080,/api/v1.1/game/823080/feed/live,R,2026,45:00.0,3,30,N,Final,138,121,2,4
824214,/api/v1.1/game/824214/feed/live,R,2026,10:00.0,3,30,N,Final,117,111,8,1
823320,/api/v1.1/game/823320/feed/live,R,2026,40:00.0,3,30,N,Final,135,137,2,3
823159,/api/v1.1/game/823159/feed/live,R,2026,40:00.0,3,30,N,Final,136,147,2,1
825108,/api/v1.1/game/825108/feed/live,R,2026,10:00.0,3,30,N,Final,109,116,9,6
823972,/api/v1.1/game/823972/feed/live,R,2026,10:00.0,3,30,N,Final,119,114,2,4
824861,/api/v1.1/game/824861/feed/live,R,2026,35:00.0,3,31,N,Final,110,140,5,8
824537,/api/v1.1/game/824537/feed/live,R,2026,40:00.0,3,31,N,Final,113,134,3,8
823485,/api/v1.1/game/823485/feed/live,R,2026,40:00.0,3,31,N,Final,143,120,3,2
823888,/api/v1.1/game/823888/feed/live,R,2026,40:00.0,3,31,N,Final,146,145,9,2
822836,/api/v1.1/game/822836/feed/live,R,2026,07:00.0,3,31,N,Final,141,115,5,1
824942,/api/v1.1/game/824942/feed/live,R,2026,15:00.0,3,31,N,Final,144,133,2,5
824699,/api/v1.1/game/824699/feed/live,R,2026,40:00.0,3,31,N,Final,112,108,0,2
823807,/api/v1.1/game/823807/feed/live,R,2026,40:00.0,3,31,N,Final,158,139,6,2
823077,/api/v1.1/game/823077/feed/live,R,2026,45:00.0,3,31,N,Final,138,121,3,0
824212,/api/v1.1/game/824212/feed/live,R,2026,10:00.0,3,31,N,Final,117,111,9,2
825107,/api/v1.1/game/825107/feed/live,R,2026,40:00.0,3,31,N,Final,109,116,7,5
823322,/api/v1.1/game/823322/feed/live,R,2026,40:00.0,3,31,N,Final,135,137,3,9
823158,/api/v1.1/game/823158/feed/live,R,2026,40:00.0,3,31,N,Final,136,147,0,5
823969,/api/v1.1/game/823969/feed/live,R,2026,10:00.0,3,31,N,Final,119,114,4,1
824940,/api/v1.1/game/824940/feed/live,R,2026,15:00.0,4,1,N,Final,144,133,5,1
824860,/api/v1.1/game/824860/feed/live,R,2026,35:00.0,4,1,N,Final,110,140,8,3
824536,/api/v1.1/game/824536/feed/live,R,2026,40:00.0,4,1,N,Final,113,134,3,8
823483,/api/v1.1/game/823483/feed/live,R,2026,05:00.0,4,1,N,Final,143,120,6,5
822835,/api/v1.1/game/822835/feed/live,R,2026,07:00.0,4,1,N,Final,141,115,1,2
823889,/api/v1.1/game/823889/feed/live,R,2026,10:00.0,4,1,N,Final,146,145,10,0
823078,/api/v1.1/game/823078/feed/live,R,2026,15:00.0,4,1,N,Final,138,121,2,1
823806,/api/v1.1/game/823806/feed/live,R,2026,40:00.0,4,1,N,Final,158,139,8,2
824211,/api/v1.1/game/824211/feed/live,R,2026,10:00.0,4,1,N,Final,117,111,6,4
824698,/api/v1.1/game/824698/feed/live,R,2026,20:00.0,4,1,N,Final,112,108,6,2
825106,/api/v1.1/game/825106/feed/live,R,2026,40:00.0,4,1,N,Final,109,116,1,0
823321,/api/v1.1/game/823321/feed/live,R,2026,10:00.0,4,1,N,Final,135,137,7,1
823157,/api/v1.1/game/823157/feed/live,R,2026,10:00.0,4,1,N,Final,136,147,3,5
824136,/api/v1.1/game/824136/feed/live,R,2026,40:00.0,4,1,N,Final,118,142,13,9
823970,/api/v1.1/game/823970/feed/live,R,2026,20:00.0,4,1,N,Final,119,114,1,4
824133,/api/v1.1/game/824133/feed/live,R,2026,10:00.0,4,2,N,Final,118,142,1,5
825105,/api/v1.1/game/825105/feed/live,R,2026,40:00.0,4,2,N,Final,109,144,2,17
823242,/api/v1.1/game/823242/feed/live,R,2026,45:00.0,4,2,N,Final,137,121,7,2
822758,/api/v1.1/game/822758/feed/live,R,2026,05:00.0,4,3,N,Final,120,119,6,13
824299,/api/v1.1/game/824299/feed/live,R,2026,10:00.0,4,3,N,Final,116,138,4,0
823568,/api/v1.1/game/823568/feed/live,R,2026,35:00.0,4,3,N,Final,147,146,8,2
824786,/api/v1.1/game/824786/feed/live,R,2026,10:00.0,4,3,N,Final,111,135,5,2
824621,/api/v1.1/game/824621/feed/live,R,2026,10:00.0,4,3,N,Final,145,141,5,4
822919,/api/v1.1/game/822919/feed/live,R,2026,05:00.0,4,3,N,Final,140,113,3,5
824458,/api/v1.1/game/824458/feed/live,R,2026,10:00.0,4,3,N,Final,114,112,4,1
823732,/api/v1.1/game/823732/feed/live,R,2026,10:00.0,4,3,N,Final,142,139,10,4
824377,/api/v1.1/game/824377/feed/live,R,2026,10:00.0,4,3,N,Final,115,143,1,10
823406,/api/v1.1/game/823406/feed/live,R,2026,12:00.0,4,3,N,Final,134,110,5,4
824056,/api/v1.1/game/824056/feed/live,R,2026,38:00.0,4,3,N,Final,108,136,1,3
825026,/api/v1.1/game/825026/feed/live,R,2026,40:00.0,4,3,N,Final,133,117,11,4
825103,/api/v1.1/game/825103/feed/live,R,2026,45:00.0,4,3,N,Final,109,144,0,2
823240,/api/v1.1/game/823240/feed/live,R,2026,15:00.0,4,3,N,Final,137,121,3,10
824295,/api/v1.1/game/824295/feed/live,R,2026,10:00.0,4,4,N,Final,116,138,11,6
824622,/api/v1.1/game/824622/feed/live,R,2026,10:00.0,4,4,N,Final,145,141,6,3
824132,/api/v1.1/game/824132/feed/live,R,2026,10:00.0,4,4,S,Final,118,158,2,5
824134,/api/v1.1/game/824134/feed/live,R,2026,10:00.0,4,4,S,Final,118,158,8,2
822757,/api/v1.1/game/822757/feed/live,R,2026,05:00.0,4,4,N,Final,120,119,5,10
825027,/api/v1.1/game/825027/feed/live,R,2026,05:00.0,4,4,N,Final,133,117,0,11
823404,/api/v1.1/game/823404/feed/live,R,2026,05:00.0,4,4,N,Final,134,110,3,2
824782,/api/v1.1/game/824782/feed/live,R,2026,10:00.0,4,4,N,Final,111,135,2,3
822920,/api/v1.1/game/822920/feed/live,R,2026,05:00.0,4,4,N,Final,140,113,0,2
823569,/api/v1.1/game/823569/feed/live,R,2026,05:00.0,4,4,N,Final,147,146,9,7
823730,/api/v1.1/game/823730/feed/live,R,2026,10:00.0,4,4,N,Final,142,139,1,7
825104,/api/v1.1/game/825104/feed/live,R,2026,15:00.0,4,4,N,Final,109,144,2,1
824378,/api/v1.1/game/824378/feed/live,R,2026,10:00.0,4,4,N,Final,115,143,1,2
823239,/api/v1.1/game/823239/feed/live,R,2026,05:00.0,4,4,N,Final,137,121,0,9
824054,/api/v1.1/game/824054/feed/live,R,2026,38:00.0,4,4,N,Final,108,136,1,0
824459,/api/v1.1/game/824459/feed/live,R,2026,10:00.0,4,5,Y,Final,114,112,0,1
824460,/api/v1.1/game/824460/feed/live,R,2026,15:00.0,4,5,Y,Final,114,112,6,5
822756,/api/v1.1/game/822756/feed/live,R,2026,35:00.0,4,5,N,Final,120,119,6,8
823405,/api/v1.1/game/823405/feed/live,R,2026,35:00.0,4,5,N,Final,134,110,8,2
824781,/api/v1.1/game/824781/feed/live,R,2026,35:00.0,4,5,N,Final,111,135,6,8
823566,/api/v1.1/game/823566/feed/live,R,2026,35:00.0,4,5,N,Final,147,146,6,7
823729,/api/v1.1/game/823729/feed/live,R,2026,10:00.0,4,5,N,Final,142,139,1,4
824620,/api/v1.1/game/824620/feed/live,R,2026,10:00.0,4,5,N,Final,145,141,3,0
824131,/api/v1.1/game/824131/feed/live,R,2026,10:00.0,4,5,N,Final,118,158,5,8
822917,/api/v1.1/game/822917/feed/live,R,2026,35:00.0,4,5,N,Final,140,113,1,2
824379,/api/v1.1/game/824379/feed/live,R,2026,10:00.0,4,5,N,Final,115,143,4,1
825025,/api/v1.1/game/825025/feed/live,R,2026,05:00.0,4,5,N,Final,133,117,12,10
823238,/api/v1.1/game/823238/feed/live,R,2026,05:00.0,4,5,N,Final,137,121,2,5
824053,/api/v1.1/game/824053/feed/live,R,2026,07:00.0,4,5,N,Final,108,136,8,7
825102,/api/v1.1/game/825102/feed/live,R,2026,10:00.0,4,5,N,Final,109,144,6,5
824296,/api/v1.1/game/824296/feed/live,R,2026,20:00.0,4,5,N,Final,116,138,3,5
823002,/api/v1.1/game/823002/feed/live,R,2026,10:00.0,4,6,N,Final,139,112,6,4
824456,/api/v1.1/game/824456/feed/live,R,2026,10:00.0,4,6,N,Final,114,118,2,4
823401,/api/v1.1/game/823401/feed/live,R,2026,40:00.0,4,6,N,Final,134,135,0,5
823886,/api/v1.1/game/823886/feed/live,R,2026,40:00.0,4,6,N,Final,146,113,0,2
822755,/api/v1.1/game/822755/feed/live,R,2026,45:00.0,4,6,N,Final,120,138,9,6
824783,/api/v1.1/game/824783/feed/live,R,2026,45:00.0,4,6,N,Final,111,158,6,8
822832,/api/v1.1/game/822832/feed/live,R,2026,07:00.0,4,6,N,Final,141,119,2,14
823728,/api/v1.1/game/823728/feed/live,R,2026,40:00.0,4,6,N,Final,142,116,7,3
824619,/api/v1.1/game/824619/feed/live,R,2026,40:00.0,4,6,N,Final,145,110,1,2
822918,/api/v1.1/game/822918/feed/live,R,2026,05:00.0,4,6,N,Final,140,136,2,1
824376,/api/v1.1/game/824376/feed/live,R,2026,40:00.0,4,6,N,Final,115,117,9,7
824052,/api/v1.1/game/824052/feed/live,R,2026,38:00.0,4,6,N,Final,108,144,6,2
823237,/api/v1.1/game/823237/feed/live,R,2026,45:00.0,4,6,N,Final,137,143,4,6
824457,/api/v1.1/game/824457/feed/live,R,2026,10:00.0,4,7,N,Final,114,118,2,1
824618,/api/v1.1/game/824618/feed/live,R,2026,10:00.0,4,7,N,Final,145,110,2,4
823648,/api/v1.1/game/823648/feed/live,R,2026,10:00.0,4,7,N,Final,121,109,4,3
823402,/api/v1.1/game/823402/feed/live,R,2026,40:00.0,4,7,N,Final,134,135,7,1
822999,/api/v1.1/game/822999/feed/live,R,2026,40:00.0,4,7,N,Final,139,112,2,9
823887,/api/v1.1/game/823887/feed/live,R,2026,40:00.0,4,7,N,Final,146,113,3,6
822754,/api/v1.1/game/822754/feed/live,R,2026,45:00.0,4,7,N,Final,120,138,6,7
824780,/api/v1.1/game/824780/feed/live,R,2026,45:00.0,4,7,N,Final,111,158,3,2
823567,/api/v1.1/game/823567/feed/live,R,2026,05:00.0,4,7,N,Final,147,133,5,3
822831,/api/v1.1/game/822831/feed/live,R,2026,07:00.0,4,7,N,Final,141,119,1,4
823727,/api/v1.1/game/823727/feed/live,R,2026,40:00.0,4,7,N,Final,142,116,4,2
822916,/api/v1.1/game/822916/feed/live,R,2026,05:00.0,4,7,N,Final,140,136,3,2
824375,/api/v1.1/game/824375/feed/live,R,2026,40:00.0,4,7,N,Final,115,117,5,1
824051,/api/v1.1/game/824051/feed/live,R,2026,38:00.0,4,7,N,Final,108,144,2,7
823235,/api/v1.1/game/823235/feed/live,R,2026,45:00.0,4,7,N,Final,137,143,6,0
823403,/api/v1.1/game/823403/feed/live,R,2026,35:00.0,4,8,N,Final,134,135,2,8
824455,/api/v1.1/game/824455/feed/live,R,2026,10:00.0,4,8,N,Final,114,118,10,2
824779,/api/v1.1/game/824779/feed/live,R,2026,35:00.0,4,8,N,Final,111,158,5,0
824617,/api/v1.1/game/824617/feed/live,R,2026,10:00.0,4,8,N,Final,145,110,3,5
822915,/api/v1.1/game/822915/feed/live,R,2026,35:00.0,4,8,N,Final,140,136,3,0
822833,/api/v1.1/game/822833/feed/live,R,2026,07:00.0,4,8,N,Final,141,119,4,3
824374,/api/v1.1/game/824374/feed/live,R,2026,10:00.0,4,8,N,Final,115,117,9,1
823234,/api/v1.1/game/823234/feed/live,R,2026,45:00.0,4,8,N,Final,137,143,5,0
822753,/api/v1.1/game/822753/feed/live,R,2026,05:00.0,4,8,N,Final,120,138,1,6
824050,/api/v1.1/game/824050/feed/live,R,2026,07:00.0,4,8,N,Final,108,144,2,8
823646,/api/v1.1/game/823646/feed/live,R,2026,10:00.0,4,8,N,Final,121,109,2,7
823000,/api/v1.1/game/823000/feed/live,R,2026,40:00.0,4,8,N,Final,139,112,2,6
823885,/api/v1.1/game/823885/feed/live,R,2026,40:00.0,4,8,N,Final,146,113,7,4
823564,/api/v1.1/game/823564/feed/live,R,2026,05:00.0,4,8,N,Final,147,133,2,3
823726,/api/v1.1/game/823726/feed/live,R,2026,40:00.0,4,8,N,Final,142,116,8,6
823884,/api/v1.1/game/823884/feed/live,R,2026,10:00.0,4,9,N,Final,146,113,8,1
823565,/api/v1.1/game/823565/feed/live,R,2026,35:00.0,4,9,N,Final,147,133,0,1
823724,/api/v1.1/game/823724/feed/live,R,2026,40:00.0,4,9,N,Final,142,116,3,1
823645,/api/v1.1/game/823645/feed/live,R,2026,10:00.0,4,9,N,Final,121,109,1,7
824130,/api/v1.1/game/824130/feed/live,R,2026,40:00.0,4,9,N,Final,118,145,0,2
823319,/api/v1.1/game/823319/feed/live,R,2026,40:00.0,4,9,N,Final,135,115,7,3
824695,/api/v1.1/game/824695/feed/live,R,2026,20:00.0,4,10,N,Final,112,134,0,2
823482,/api/v1.1/game/823482/feed/live,R,2026,40:00.0,4,10,N,Final,143,109,4,5
824297,/api/v1.1/game/824297/feed/live,R,2026,40:00.0,4,10,N,Final,116,146,2,0
824534,/api/v1.1/game/824534/feed/live,R,2026,45:00.0,4,10,N,Final,113,108,2,10
822829,/api/v1.1/game/822829/feed/live,R,2026,07:00.0,4,10,N,Final,141,142,10,4
823643,/api/v1.1/game/823643/feed/live,R,2026,10:00.0,4,10,N,Final,121,133,0,4
822997,/api/v1.1/game/822997/feed/live,R,2026,10:00.0,4,10,N,Final,139,147,5,3
824858,/api/v1.1/game/824858/feed/live,R,2026,15:00.0,4,10,N,Final,110,137,3,6
824941,/api/v1.1/game/824941/feed/live,R,2026,15:00.0,4,10,N,Final,144,114,11,5
824128,/api/v1.1/game/824128/feed/live,R,2026,40:00.0,4,10,N,Final,118,145,2,0
823808,/api/v1.1/game/823808/feed/live,R,2026,40:00.0,4,10,N,Final,158,120,3,7
823076,/api/v1.1/game/823076/feed/live,R,2026,15:00.0,4,10,N,Final,138,111,3,2
823318,/api/v1.1/game/823318/feed/live,R,2026,40:00.0,4,10,N,Final,135,115,5,2
823156,/api/v1.1/game/823156/feed/live,R,2026,40:00.0,4,10,N,Final,136,117,9,6
823968,/api/v1.1/game/823968/feed/live,R,2026,10:00.0,4,10,N,Final,119,140,8,7
823480,/api/v1.1/game/823480/feed/live,R,2026,05:00.0,4,11,N,Final,143,109,4,3
824294,/api/v1.1/game/824294/feed/live,R,2026,10:00.0,4,11,N,Final,116,146,6,1
824697,/api/v1.1/game/824697/feed/live,R,2026,20:00.0,4,11,N,Final,112,134,3,4
822830,/api/v1.1/game/822830/feed/live,R,2026,07:00.0,4,11,N,Final,141,142,4,7
824535,/api/v1.1/game/824535/feed/live,R,2026,10:00.0,4,11,N,Final,113,108,7,3
823644,/api/v1.1/game/823644/feed/live,R,2026,10:00.0,4,11,N,Final,121,133,6,11
824129,/api/v1.1/game/824129/feed/live,R,2026,10:00.0,4,11,N,Final,118,145,2,0
822996,/api/v1.1/game/822996/feed/live,R,2026,10:00.0,4,11,N,Final,139,147,5,4
823805,/api/v1.1/game/823805/feed/live,R,2026,10:00.0,4,11,N,Final,158,120,1,3
824857,/api/v1.1/game/824857/feed/live,R,2026,15:00.0,4,11,N,Final,110,137,6,2
823074,/api/v1.1/game/823074/feed/live,R,2026,15:00.0,4,11,N,Final,138,111,1,7
824939,/api/v1.1/game/824939/feed/live,R,2026,15:00.0,4,11,N,Final,144,114,0,6
823316,/api/v1.1/game/823316/feed/live,R,2026,40:00.0,4,11,N,Final,135,115,9,5
823967,/api/v1.1/game/823967/feed/live,R,2026,10:00.0,4,11,N,Final,119,140,6,3
823155,/api/v1.1/game/823155/feed/live,R,2026,40:00.0,4,11,N,Final,136,117,8,7
824859,/api/v1.1/game/824859/feed/live,R,2026,35:00.0,4,12,N,Final,110,137,6,2
823479,/api/v1.1/game/823479/feed/live,R,2026,35:00.0,4,12,N,Final,143,109,3,4
822828,/api/v1.1/game/822828/feed/live,R,2026,37:00.0,4,12,N,Final,141,142,2,8
824533,/api/v1.1/game/824533/feed/live,R,2026,40:00.0,4,12,N,Final,113,108,6,9
823642,/api/v1.1/game/823642/feed/live,R,2026,40:00.0,4,12,N,Final,121,133,0,1
824293,/api/v1.1/game/824293/feed/live,R,2026,40:00.0,4,12,N,Final,116,146,8,2
822998,/api/v1.1/game/822998/feed/live,R,2026,40:00.0,4,12,N,Final,139,147,5,4
824126,/api/v1.1/game/824126/feed/live,R,2026,10:00.0,4,12,N,Final,118,145,5,6
823804,/api/v1.1/game/823804/feed/live,R,2026,10:00.0,4,12,N,Final,158,120,6,8
823075,/api/v1.1/game/823075/feed/live,R,2026,15:00.0,4,12,N,Final,138,111,3,9
824696,/api/v1.1/game/824696/feed/live,R,2026,20:00.0,4,12,N,Final,112,134,7,6
823317,/api/v1.1/game/823317/feed/live,R,2026,10:00.0,4,12,N,Final,135,115,7,2
823154,/api/v1.1/game/823154/feed/live,R,2026,10:00.0,4,12,N,Final,136,117,6,1
823966,/api/v1.1/game/823966/feed/live,R,2026,10:00.0,4,12,N,Final,119,140,2,5
824938,/api/v1.1/game/824938/feed/live,R,2026,20:00.0,4,12,N,Final,144,114,13,1
823153,/api/v1.1/game/823153/feed/live,R,2026,10:00.0,4,13,N,Final,136,117,6,2
824856,/api/v1.1/game/824856/feed/live,R,2026,35:00.0,4,13,N,Final,110,109,9,7
823400,/api/v1.1/game/823400/feed/live,R,2026,40:00.0,4,13,N,Final,134,120,16,5
823481,/api/v1.1/game/823481/feed/live,R,2026,40:00.0,4,13,N,Final,143,112,13,7
823563,/api/v1.1/game/823563/feed/live,R,2026,05:00.0,4,13,N,Final,147,108,11,10
824937,/api/v1.1/game/824937/feed/live,R,2026,15:00.0,4,13,N,Final,144,146,4,10
823725,/api/v1.1/game/823725/feed/live,R,2026,40:00.0,4,13,N,Final,142,111,13,6
823073,/api/v1.1/game/823073/feed/live,R,2026,45:00.0,4,13,N,Final,138,114,3,9
825024,/api/v1.1/game/825024/feed/live,R,2026,40:00.0,4,13,N,Final,133,140,1,8
823964,/api/v1.1/game/823964/feed/live,R,2026,10:00.0,4,13,N,Final,119,121,4,0
824853,/api/v1.1/game/824853/feed/live,R,2026,35:00.0,4,14,N,Final,110,109,3,4
824292,/api/v1.1/game/824292/feed/live,R,2026,40:00.0,4,14,N,Final,116,118,2,1
823398,/api/v1.1/game/823398/feed/live,R,2026,40:00.0,4,14,N,Final,134,120,4,5
824531,/api/v1.1/game/824531/feed/live,R,2026,40:00.0,4,14,N,Final,113,137,2,1
823478,/api/v1.1/game/823478/feed/live,R,2026,40:00.0,4,14,N,Final,143,112,4,10
823562,/api/v1.1/game/823562/feed/live,R,2026,05:00.0,4,14,N,Final,147,108,1,7
824935,/api/v1.1/game/824935/feed/live,R,2026,15:00.0,4,14,N,Final,144,146,6,5
823723,/api/v1.1/game/823723/feed/live,R,2026,40:00.0,4,14,N,Final,142,111,6,0
824616,/api/v1.1/game/824616/feed/live,R,2026,40:00.0,4,14,N,Final,145,139,5,8
823802,/api/v1.1/game/823802/feed/live,R,2026,40:00.0,4,14,N,Final,158,141,7,9
823072,/api/v1.1/game/823072/feed/live,R,2026,45:00.0,4,14,N,Final,138,114,6,5
824210,/api/v1.1/game/824210/feed/live,R,2026,10:00.0,4,14,N,Final,117,115,7,6
823315,/api/v1.1/game/823315/feed/live,R,2026,40:00.0,4,14,N,Final,135,136,4,1
825022,/api/v1.1/game/825022/feed/live,R,2026,40:00.0,4,14,N,Final,133,140,2,1
823965,/api/v1.1/game/823965/feed/live,R,2026,10:00.0,4,14,N,Final,119,121,2,1
824855,/api/v1.1/game/824855/feed/live,R,2026,35:00.0,4,15,N,Final,110,109,5,8
823071,/api/v1.1/game/823071/feed/live,R,2026,15:00.0,4,15,N,Final,138,114,5,3
823722,/api/v1.1/game/823722/feed/live,R,2026,40:00.0,4,15,N,Final,142,111,5,9
824291,/api/v1.1/game/824291/feed/live,R,2026,40:00.0,4,15,N,Final,116,118,2,1
823399,/api/v1.1/game/823399/feed/live,R,2026,40:00.0,4,15,N,Final,134,120,2,0
824532,/api/v1.1/game/824532/feed/live,R,2026,40:00.0,4,15,N,Final,113,137,8,3
823477,/api/v1.1/game/823477/feed/live,R,2026,40:00.0,4,15,N,Final,143,112,2,11
823561,/api/v1.1/game/823561/feed/live,R,2026,05:00.0,4,15,N,Final,147,108,5,4
824936,/api/v1.1/game/824936/feed/live,R,2026,15:00.0,4,15,N,Final,144,146,6,3
824615,/api/v1.1/game/824615/feed/live,R,2026,40:00.0,4,15,N,Final,145,139,3,8
823803,/api/v1.1/game/823803/feed/live,R,2026,40:00.0,4,15,N,Final,158,141,2,1
824209,/api/v1.1/game/824209/feed/live,R,2026,10:00.0,4,15,N,Final,117,115,3,1
823314,/api/v1.1/game/823314/feed/live,R,2026,40:00.0,4,15,N,Final,135,136,7,6
825021,/api/v1.1/game/825021/feed/live,R,2026,40:00.0,4,15,N,Final,133,140,6,5
823963,/api/v1.1/game/823963/feed/live,R,2026,10:00.0,4,15,N,Final,119,121,8,2
823396,/api/v1.1/game/823396/feed/live,R,2026,35:00.0,4,16,N,Final,134,120,7,8
824530,/api/v1.1/game/824530/feed/live,R,2026,40:00.0,4,16,N,Final,113,137,0,3
824289,/api/v1.1/game/824289/feed/live,R,2026,10:00.0,4,16,N,Final,116,118,10,9
823560,/api/v1.1/game/823560/feed/live,R,2026,35:00.0,4,16,N,Final,147,108,4,11
823801,/api/v1.1/game/823801/feed/live,R,2026,40:00.0,4,16,N,Final,158,141,2,1
824614,/api/v1.1/game/824614/feed/live,R,2026,10:00.0,4,16,N,Final,145,139,3,5
825023,/api/v1.1/game/825023/feed/live,R,2026,05:00.0,4,16,N,Final,133,140,6,9
824453,/api/v1.1/game/824453/feed/live,R,2026,10:00.0,4,16,N,Final,114,110,4,2
824208,/api/v1.1/game/824208/feed/live,R,2026,10:00.0,4,16,N,Final,117,115,2,3
823313,/api/v1.1/game/823313/feed/live,R,2026,40:00.0,4,16,N,Final,135,136,5,2
824693,/api/v1.1/game/824693/feed/live,R,2026,20:00.0,4,17,N,Final,112,121,12,4
824454,/api/v1.1/game/824454/feed/live,R,2026,10:00.0,4,17,N,Final,114,110,4,6
823476,/api/v1.1/game/823476/feed/live,R,2026,40:00.0,4,17,N,Final,143,144,0,9
822752,/api/v1.1/game/822752/feed/live,R,2026,45:00.0,4,17,N,Final,120,137,5,10
823397,/api/v1.1/game/823397/feed/live,R,2026,45:00.0,4,17,N,Final,134,139,5,1
823559,/api/v1.1/game/823559/feed/live,R,2026,05:00.0,4,17,N,Final,147,118,4,2
823883,/api/v1.1/game/823883/feed/live,R,2026,10:00.0,4,17,N,Final,146,158,5,7
824778,/api/v1.1/game/824778/feed/live,R,2026,15:00.0,4,17,N,Final,111,116,1,0
824207,/api/v1.1/game/824207/feed/live,R,2026,10:00.0,4,17,N,Final,117,138,4,9
823720,/api/v1.1/game/823720/feed/live,R,2026,10:00.0,4,17,N,Final,142,113,1,2
824373,/api/v1.1/game/824373/feed/live,R,2026,40:00.0,4,17,N,Final,115,119,1,7
824048,/api/v1.1/game/824048/feed/live,R,2026,38:00.0,4,17,N,Final,108,135,8,0
823152,/api/v1.1/game/823152/feed/live,R,2026,40:00.0,4,17,N,Final,136,140,0,5
825101,/api/v1.1/game/825101/feed/live,R,2026,40:00.0,4,17,N,Final,109,141,6,3
825019,/api/v1.1/game/825019/feed/live,R,2026,40:00.0,4,17,N,Final,133,145,2,9
823558,/api/v1.1/game/823558/feed/live,R,2026,35:00.0,4,18,N,Final,147,118,13,4
823721,/api/v1.1/game/823721/feed/live,R,2026,10:00.0,4,18,N,Final,142,113,4,5
824694,/api/v1.1/game/824694/feed/live,R,2026,20:00.0,4,18,N,Final,112,121,4,2
823394,/api/v1.1/game/823394/feed/live,R,2026,30:00.0,4,18,N,Final,134,139,7,8
822751,/api/v1.1/game/822751/feed/live,R,2026,05:00.0,4,18,N,Final,120,137,6,7
825020,/api/v1.1/game/825020/feed/live,R,2026,05:00.0,4,18,N,Final,133,145,7,6
824775,/api/v1.1/game/824775/feed/live,R,2026,10:00.0,4,18,N,Final,111,116,1,4
823882,/api/v1.1/game/823882/feed/live,R,2026,10:00.0,4,18,N,Final,146,158,2,5
824451,/api/v1.1/game/824451/feed/live,R,2026,10:00.0,4,18,N,Final,114,110,4,2
824206,/api/v1.1/game/824206/feed/live,R,2026,10:00.0,4,18,N,Final,117,138,5,7
823151,/api/v1.1/game/823151/feed/live,R,2026,15:00.0,4,18,N,Final,136,140,7,3
823474,/api/v1.1/game/823474/feed/live,R,2026,15:00.0,4,18,N,Final,143,144,1,3
824372,/api/v1.1/game/824372/feed/live,R,2026,10:00.0,4,18,N,Final,115,119,4,3
825098,/api/v1.1/game/825098/feed/live,R,2026,10:00.0,4,18,N,Final,109,141,6,2
824049,/api/v1.1/game/824049/feed/live,R,2026,38:00.0,4,18,N,Final,108,135,1,4
822750,/api/v1.1/game/822750/feed/live,R,2026,35:00.0,4,19,N,Final,120,137,3,0
823393,/api/v1.1/game/823393/feed/live,R,2026,35:00.0,4,19,N,Final,134,139,6,3
823556,/api/v1.1/game/823556/feed/live,R,2026,35:00.0,4,19,N,Final,147,118,7,0
824452,/api/v1.1/game/824452/feed/live,R,2026,40:00.0,4,19,N,Final,114,110,8,4
823881,/api/v1.1/game/823881/feed/live,R,2026,40:00.0,4,19,N,Final,146,158,5,3
824205,/api/v1.1/game/824205/feed/live,R,2026,10:00.0,4,19,N,Final,117,138,5,7
823718,/api/v1.1/game/823718/feed/live,R,2026,10:00.0,4,19,N,Final,142,113,4,7
824691,/api/v1.1/game/824691/feed/live,R,2026,20:00.0,4,19,N,Final,112,121,2,1
824371,/api/v1.1/game/824371/feed/live,R,2026,10:00.0,4,19,N,Final,115,119,9,6
825018,/api/v1.1/game/825018/feed/live,R,2026,05:00.0,4,19,N,Final,133,145,4,7
824047,/api/v1.1/game/824047/feed/live,R,2026,07:00.0,4,19,N,Final,108,135,1,2
823150,/api/v1.1/game/823150/feed/live,R,2026,10:00.0,4,19,N,Final,136,140,5,2
825100,/api/v1.1/game/825100/feed/live,R,2026,10:00.0,4,19,N,Final,109,141,4,10
824777,/api/v1.1/game/824777/feed/live,R,2026,35:00.0,4,19,N,Final,111,116,2,6
823475,/api/v1.1/game/823475/feed/live,R,2026,20:00.0,4,19,N,Final,143,144,2,4
824776,/api/v1.1/game/824776/feed/live,R,2026,10:00.0,4,20,N,Final,111,116,8,6
824450,/api/v1.1/game/824450/feed/live,R,2026,10:00.0,4,20,N,Final,114,117,2,9
822994,/api/v1.1/game/822994/feed/live,R,2026,40:00.0,4,20,N,Final,139,113,1,6
823879,/api/v1.1/game/823879/feed/live,R,2026,40:00.0,4,20,N,Final,146,138,5,3
822749,/api/v1.1/game/822749/feed/live,R,2026,45:00.0,4,20,N,Final,120,144,4,9
824125,/api/v1.1/game/824125/feed/live,R,2026,40:00.0,4,20,N,Final,118,110,5,7
824692,/api/v1.1/game/824692/feed/live,R,2026,40:00.0,4,20,N,Final,112,143,5,1
824370,/api/v1.1/game/824370/feed/live,R,2026,40:00.0,4,20,N,Final,115,119,3,12
824046,/api/v1.1/game/824046/feed/live,R,2026,38:00.0,4,20,N,Final,108,141,2,5
823149,/api/v1.1/game/823149/feed/live,R,2026,40:00.0,4,20,N,Final,136,133,4,6
824448,/api/v1.1/game/824448/feed/live,R,2026,10:00.0,4,21,N,Final,114,117,8,5
822995,/api/v1.1/game/822995/feed/live,R,2026,40:00.0,4,21,N,Final,139,113,6,12
823880,/api/v1.1/game/823880/feed/live,R,2026,40:00.0,4,21,N,Final,146,138,3,5
824290,/api/v1.1/game/824290/feed/live,R,2026,40:00.0,4,21,N,Final,116,158,4,12
822747,/api/v1.1/game/822747/feed/live,R,2026,45:00.0,4,21,N,Final,120,144,11,4
824773,/api/v1.1/game/824773/feed/live,R,2026,45:00.0,4,21,N,Final,111,147,0,4
823640,/api/v1.1/game/823640/feed/live,R,2026,10:00.0,4,21,N,Final,121,142,3,5
824127,/api/v1.1/game/824127/feed/live,R,2026,40:00.0,4,21,N,Final,118,110,6,5
824690,/api/v1.1/game/824690/feed/live,R,2026,40:00.0,4,21,N,Final,112,143,7,4
822914,/api/v1.1/game/822914/feed/live,R,2026,05:00.0,4,21,N,Final,140,134,5,1
824369,/api/v1.1/game/824369/feed/live,R,2026,40:00.0,4,21,N,Final,115,135,0,1
824045,/api/v1.1/game/824045/feed/live,R,2026,38:00.0,4,21,N,Final,108,141,2,4
823148,/api/v1.1/game/823148/feed/live,R,2026,40:00.0,4,21,N,Final,136,133,2,5
825099,/api/v1.1/game/825099/feed/live,R,2026,40:00.0,4,21,N,Final,109,145,5,11
823236,/api/v1.1/game/823236/feed/live,R,2026,45:00.0,4,21,N,Final,137,119,3,1
823878,/api/v1.1/game/823878/feed/live,R,2026,10:00.0,4,22,N,Final,146,138,4,1
824449,/api/v1.1/game/824449/feed/live,R,2026,10:00.0,4,22,N,Final,114,117,0,2
822993,/api/v1.1/game/822993/feed/live,R,2026,10:00.0,4,22,N,Final,139,113,6,1
824123,/api/v1.1/game/824123/feed/live,R,2026,10:00.0,4,22,N,Final,118,110,6,8
824044,/api/v1.1/game/824044/feed/live,R,2026,07:00.0,4,22,N,Final,108,141,7,3
823147,/api/v1.1/game/823147/feed/live,R,2026,10:00.0,4,22,N,Final,136,133,5,4
824286,/api/v1.1/game/824286/feed/live,R,2026,40:00.0,4,22,N,Final,116,158,5,2
822748,/api/v1.1/game/822748/feed/live,R,2026,45:00.0,4,22,N,Final,120,144,6,8
824774,/api/v1.1/game/824774/feed/live,R,2026,45:00.0,4,22,N,Final,111,147,1,4
823641,/api/v1.1/game/823641/feed/live,R,2026,10:00.0,4,22,N,Final,121,142,3,2
824688,/api/v1.1/game/824688/feed/live,R,2026,40:00.0,4,22,N,Final,112,143,7,2
822913,/api/v1.1/game/822913/feed/live,R,2026,05:00.0,4,22,N,Final,140,134,4,8
824367,/api/v1.1/game/824367/feed/live,R,2026,40:00.0,4,22,N,Final,115,135,8,3
825097,/api/v1.1/game/825097/feed/live,R,2026,40:00.0,4,22,N,Final,109,145,11,7
823231,/api/v1.1/game/823231/feed/live,R,2026,45:00.0,4,22,N,Final,137,119,3,0
822745,/api/v1.1/game/822745/feed/live,R,2026,05:00.0,4,23,N,Final,120,144,2,7
824288,/api/v1.1/game/824288/feed/live,R,2026,10:00.0,4,23,N,Final,116,158,5,4
824689,/api/v1.1/game/824689/feed/live,R,2026,20:00.0,4,23,N,Final,112,143,8,7
824368,/api/v1.1/game/824368/feed/live,R,2026,10:00.0,4,23,N,Final,115,135,8,10
825096,/api/v1.1/game/825096/feed/live,R,2026,40:00.0,4,23,N,Final,109,145,1,4
823233,/api/v1.1/game/823233/feed/live,R,2026,45:00.0,4,23,N,Final,137,119,0,3
824770,/api/v1.1/game/824770/feed/live,R,2026,10:00.0,4,23,N,Final,111,147,2,4
823639,/api/v1.1/game/823639/feed/live,R,2026,10:00.0,4,23,N,Final,121,142,10,8
822912,/api/v1.1/game/822912/feed/live,R,2026,05:00.0,4,23,N,Final,140,134,6,1
824529,/api/v1.1/game/824529/feed/live,R,2026,40:00.0,4,24,N,Final,113,116,9,8
824854,/api/v1.1/game/824854/feed/live,R,2026,05:00.0,4,24,N,Final,110,111,10,3
822827,/api/v1.1/game/822827/feed/live,R,2026,07:00.0,4,24,N,Final,141,114,6,8
823638,/api/v1.1/game/823638/feed/live,R,2026,10:00.0,4,24,N,Final,121,115,3,4
822992,/api/v1.1/game/822992/feed/live,R,2026,10:00.0,4,24,N,Final,139,142,6,2
824932,/api/v1.1/game/824932/feed/live,R,2026,15:00.0,4,24,N,Final,144,143,5,3
824124,/api/v1.1/game/824124/feed/live,R,2026,40:00.0,4,24,N,Final,118,108,6,3
824611,/api/v1.1/game/824611/feed/live,R,2026,40:00.0,4,24,N,Final,145,120,5,4
823800,/api/v1.1/game/823800/feed/live,R,2026,40:00.0,4,24,N,Final,158,134,0,6
822909,/api/v1.1/game/822909/feed/live,R,2026,05:00.0,4,24,N,Final,140,133,1,8
824204,/api/v1.1/game/824204/feed/live,R,2026,10:00.0,4,24,N,Final,117,147,4,12
823069,/api/v1.1/game/823069/feed/live,R,2026,15:00.0,4,24,N,Final,138,136,2,3
823962,/api/v1.1/game/823962/feed/live,R,2026,15:00.0,4,24,N,Final,119,112,4,6
823232,/api/v1.1/game/823232/feed/live,R,2026,15:00.0,4,24,N,Final,137,146,4,9
824851,/api/v1.1/game/824851/feed/live,R,2026,05:00.0,4,25,N,Final,110,111,1,17
823070,/api/v1.1/game/823070/feed/live,R,2026,15:00.0,4,25,N,Final,138,136,9,11
822826,/api/v1.1/game/822826/feed/live,R,2026,07:00.0,4,25,N,Final,141,114,5,3
823229,/api/v1.1/game/823229/feed/live,R,2026,05:00.0,4,25,N,Final,137,146,6,2
822989,/api/v1.1/game/822989/feed/live,R,2026,10:00.0,4,25,N,Final,139,142,6,1
824613,/api/v1.1/game/824613/feed/live,R,2026,10:00.0,4,25,N,Final,145,120,3,6
825093,/api/v1.1/game/825093/feed/live,R,2026,05:00.0,4,25,N,Final,109,135,4,6
822910,/api/v1.1/game/822910/feed/live,R,2026,05:00.0,4,25,N,Final,140,133,4,3
824121,/api/v1.1/game/824121/feed/live,R,2026,10:00.0,4,25,N,Final,118,108,12,1
824203,/api/v1.1/game/824203/feed/live,R,2026,10:00.0,4,25,N,Final,117,147,3,8
823799,/api/v1.1/game/823799/feed/live,R,2026,10:00.0,4,25,N,Final,158,134,3,6
824527,/api/v1.1/game/824527/feed/live,R,2026,15:00.0,4,25,N,Final,113,116,9,2
823960,/api/v1.1/game/823960/feed/live,R,2026,15:00.0,4,25,N,Final,119,112,12,4
824933,/api/v1.1/game/824933/feed/live,R,2026,15:00.0,4,25,N,Final,144,143,5,8
824852,/api/v1.1/game/824852/feed/live,R,2026,35:00.0,4,26,N,Final,110,111,3,5
824934,/api/v1.1/game/824934/feed/live,R,2026,35:00.0,4,26,N,Final,144,143,6,2
822824,/api/v1.1/game/822824/feed/live,R,2026,37:00.0,4,26,N,Final,141,114,4,2
824528,/api/v1.1/game/824528/feed/live,R,2026,40:00.0,4,26,N,Final,113,116,3,8
823635,/api/v1.1/game/823635/feed/live,R,2026,40:00.0,4,26,Y,Final,121,115,1,3
823637,/api/v1.1/game/823637/feed/live,R,2026,45:00.0,4,26,Y,Final,121,115,0,3
822991,/api/v1.1/game/822991/feed/live,R,2026,40:00.0,4,26,N,Final,139,142,4,2
824612,/api/v1.1/game/824612/feed/live,R,2026,10:00.0,4,26,N,Final,145,120,1,2
824202,/api/v1.1/game/824202/feed/live,R,2026,10:00.0,4,26,N,Final,117,147,7,4
823797,/api/v1.1/game/823797/feed/live,R,2026,10:00.0,4,26,N,Final,158,134,5,0
823068,/api/v1.1/game/823068/feed/live,R,2026,15:00.0,4,26,N,Final,138,136,2,3
822911,/api/v1.1/game/822911/feed/live,R,2026,35:00.0,4,26,N,Final,140,133,1,2
825094,/api/v1.1/game/825094/feed/live,R,2026,05:00.0,4,26,N,Final,109,135,12,7
823230,/api/v1.1/game/823230/feed/live,R,2026,05:00.0,4,26,N,Final,137,146,6,3
824122,/api/v1.1/game/824122/feed/live,R,2026,10:00.0,4,26,N,Final,118,108,11,9
823959,/api/v1.1/game/823959/feed/live,R,2026,10:00.0,4,26,N,Final,119,112,6,0
824446,/api/v1.1/game/824446/feed/live,R,2026,10:00.0,4,27,N,Final,114,139,2,3
823395,/api/v1.1/game/823395/feed/live,R,2026,40:00.0,4,27,N,Final,134,138,2,4
822825,/api/v1.1/game/822825/feed/live,R,2026,07:00.0,4,27,N,Final,141,111,0,5
823719,/api/v1.1/game/823719/feed/live,R,2026,40:00.0,4,27,N,Final,142,136,11,4
824609,/api/v1.1/game/824609/feed/live,R,2026,40:00.0,4,27,N,Final,145,108,8,7
822906,/api/v1.1/game/822906/feed/live,R,2026,05:00.0,4,27,N,Final,140,147,2,4
823311,/api/v1.1/game/823311/feed/live,R,2026,40:00.0,4,27,N,Final,135,112,9,7
823961,/api/v1.1/game/823961/feed/live,R,2026,10:00.0,4,27,N,Final,119,146,5,4
824447,/api/v1.1/game/824447/feed/live,R,2026,10:00.0,4,28,N,Final,114,139,0,1
824849,/api/v1.1/game/824849/feed/live,R,2026,35:00.0,4,28,N,Final,110,117,5,3
824526,/api/v1.1/game/824526/feed/live,R,2026,40:00.0,4,28,N,Final,113,115,7,2
823390,/api/v1.1/game/823390/feed/live,R,2026,40:00.0,4,28,N,Final,134,138,7,11
823473,/api/v1.1/game/823473/feed/live,R,2026,40:00.0,4,28,N,Final,143,137,7,0
822823,/api/v1.1/game/822823/feed/live,R,2026,07:00.0,4,28,N,Final,141,111,3,0
823636,/api/v1.1/game/823636/feed/live,R,2026,10:00.0,4,28,N,Final,121,120,8,0
824931,/api/v1.1/game/824931/feed/live,R,2026,15:00.0,4,28,N,Final,144,116,5,2
823716,/api/v1.1/game/823716/feed/live,R,2026,40:00.0,4,28,N,Final,142,136,1,7
824610,/api/v1.1/game/824610/feed/live,R,2026,40:00.0,4,28,N,Final,145,108,5,2
823798,/api/v1.1/game/823798/feed/live,R,2026,40:00.0,4,28,N,Final,158,109,13,2
822908,/api/v1.1/game/822908/feed/live,R,2026,05:00.0,4,28,N,Final,140,147,2,3
825017,/api/v1.1/game/825017/feed/live,R,2026,40:00.0,4,28,N,Final,133,118,1,4
823310,/api/v1.1/game/823310/feed/live,R,2026,40:00.0,4,28,N,Final,135,112,3,8
823956,/api/v1.1/game/823956/feed/live,R,2026,10:00.0,4,28,N,Final,119,146,1,2
824445,/api/v1.1/game/824445/feed/live,R,2026,10:00.0,4,29,N,Final,114,139,3,1
824608,/api/v1.1/game/824608/feed/live,R,2026,10:00.0,4,29,N,Final,145,108,3,2
823717,/api/v1.1/game/823717/feed/live,R,2026,40:00.0,4,29,N,Final,142,136,3,5
822907,/api/v1.1/game/822907/feed/live,R,2026,35:00.0,4,29,N,Final,140,147,3,0
822821,/api/v1.1/game/822821/feed/live,R,2026,07:00.0,4,29,N,Final,141,111,8,1
823958,/api/v1.1/game/823958/feed/live,R,2026,10:00.0,4,29,N,Final,119,146,2,3
823312,/api/v1.1/game/823312/feed/live,R,2026,10:00.0,4,29,N,Final,135,112,4,5
824525,/api/v1.1/game/824525/feed/live,R,2026,40:00.0,4,29,N,Final,113,115,2,13
823392,/api/v1.1/game/823392/feed/live,R,2026,40:00.0,4,29,N,Final,134,138,4,5
823633,/api/v1.1/game/823633/feed/live,R,2026,10:00.0,4,29,N,Final,121,120,2,14
824930,/api/v1.1/game/824930/feed/live,R,2026,15:00.0,4,29,N,Final,144,116,4,3
823796,/api/v1.1/game/823796/feed/live,R,2026,40:00.0,4,29,N,Final,158,109,2,6
825015,/api/v1.1/game/825015/feed/live,R,2026,40:00.0,4,29,N,Final,133,118,5,2
824929,/api/v1.1/game/824929/feed/live,R,2026,15:00.0,4,30,N,Final,144,116,2,5
824848,/api/v1.1/game/824848/feed/live,R,2026,35:00.0,4,30,Y,Final,110,117,10,3
824850,/api/v1.1/game/824850/feed/live,R,2026,40:00.0,4,30,Y,Final,110,117,5,11
823391,/api/v1.1/game/823391/feed/live,R,2026,35:00.0,4,30,N,Final,134,138,5,10
823472,/api/v1.1/game/823472/feed/live,R,2026,35:00.0,4,30,S,Final,143,137,3,2
823471,/api/v1.1/game/823471/feed/live,R,2026,35:00.0,4,30,S,Final,143,137,6,5
824524,/api/v1.1/game/824524/feed/live,R,2026,40:00.0,4,30,N,Final,113,115,6,4
823634,/api/v1.1/game/823634/feed/live,R,2026,10:00.0,4,30,N,Final,121,120,4,5
823795,/api/v1.1/game/823795/feed/live,R,2026,40:00.0,4,30,N,Final,158,109,13,1
825016,/api/v1.1/game/825016/feed/live,R,2026,05:00.0,4,30,N,Final,133,118,6,3
823714,/api/v1.1/game/823714/feed/live,R,2026,40:00.0,4,30,N,Final,142,141,7,1
824686,/api/v1.1/game/824686/feed/live,R,2026,20:00.0,5,1,N,Final,112,109,6,5
824287,/api/v1.1/game/824287/feed/live,R,2026,40:00.0,5,1,N,Final,116,140,4,5
823389,/api/v1.1/game/823389/feed/live,R,2026,45:00.0,5,1,N,Final,134,113,9,1
822744,/api/v1.1/game/822744/feed/live,R,2026,45:00.0,5,1,N,Final,120,158,1,6
823557,/api/v1.1/game/823557/feed/live,R,2026,05:00.0,5,1,N,Final,147,110,7,2
824772,/api/v1.1/game/824772/feed/live,R,2026,10:00.0,5,1,N,Final,111,117,3,1
822990,/api/v1.1/game/822990/feed/live,R,2026,10:00.0,5,1,N,Final,139,137,3,0
823877,/api/v1.1/game/823877/feed/live,R,2026,10:00.0,5,1,N,Final,146,143,5,6
823713,/api/v1.1/game/823713/feed/live,R,2026,10:00.0,5,1,N,Final,142,141,3,7
823066,/api/v1.1/game/823066/feed/live,R,2026,15:00.0,5,1,N,Final,138,119,7,2
824366,/api/v1.1/game/824366/feed/live,R,2026,40:00.0,5,1,N,Final,115,144,6,8
824041,/api/v1.1/game/824041/feed/live,R,2026,38:00.0,5,1,N,Final,108,121,3,4
825012,/api/v1.1/game/825012/feed/live,R,2026,40:00.0,5,1,N,Final,133,114,5,8
823309,/api/v1.1/game/823309/feed/live,R,2026,40:00.0,5,1,N,Final,135,145,2,8
823146,/api/v1.1/game/823146/feed/live,R,2026,45:00.0,5,1,N,Final,136,118,6,7
823554,/api/v1.1/game/823554/feed/live,R,2026,35:00.0,5,2,N,Final,147,110,9,4
823715,/api/v1.1/game/823715/feed/live,R,2026,10:00.0,5,2,N,Final,142,141,4,11
824685,/api/v1.1/game/824685/feed/live,R,2026,20:00.0,5,2,N,Final,112,109,2,0
825014,/api/v1.1/game/825014/feed/live,R,2026,05:00.0,5,2,N,Final,133,114,6,14
823388,/api/v1.1/game/823388/feed/live,R,2026,05:00.0,5,2,N,Final,134,113,17,7
822746,/api/v1.1/game/822746/feed/live,R,2026,05:00.0,5,2,N,Final,120,158,1,4
824771,/api/v1.1/game/824771/feed/live,R,2026,10:00.0,5,2,N,Final,111,117,3,6
823876,/api/v1.1/game/823876/feed/live,R,2026,10:00.0,5,2,N,Final,146,143,4,0
822988,/api/v1.1/game/822988/feed/live,R,2026,10:00.0,5,2,N,Final,139,137,5,1
823067,/api/v1.1/game/823067/feed/live,R,2026,15:00.0,5,2,N,Final,138,119,3,2
824284,/api/v1.1/game/824284/feed/live,R,2026,15:00.0,5,2,N,Final,116,140,5,1
824365,/api/v1.1/game/824365/feed/live,R,2026,10:00.0,5,2,N,Final,115,144,1,9
823308,/api/v1.1/game/823308/feed/live,R,2026,40:00.0,5,2,N,Final,135,145,0,4
824042,/api/v1.1/game/824042/feed/live,R,2026,38:00.0,5,2,N,Final,108,121,4,3
823144,/api/v1.1/game/823144/feed/live,R,2026,40:00.0,5,2,N,Final,136,118,2,3
823711,/api/v1.1/game/823711/feed/live,R,2026,45:00.0,5,3,N,Final,142,141,4,3
824769,/api/v1.1/game/824769/feed/live,R,2026,35:00.0,5,3,N,Final,111,117,1,3
823387,/api/v1.1/game/823387/feed/live,R,2026,35:00.0,5,3,N,Final,134,113,1,0
823555,/api/v1.1/game/823555/feed/live,R,2026,35:00.0,5,3,N,Final,147,110,11,3
822742,/api/v1.1/game/822742/feed/live,R,2026,35:00.0,5,3,N,Final,120,158,3,2
822987,/api/v1.1/game/822987/feed/live,R,2026,40:00.0,5,3,N,Final,139,137,2,1
823875,/api/v1.1/game/823875/feed/live,R,2026,40:00.0,5,3,N,Final,146,143,2,7
823065,/api/v1.1/game/823065/feed/live,R,2026,15:00.0,5,3,N,Final,138,119,1,4
824687,/api/v1.1/game/824687/feed/live,R,2026,20:00.0,5,3,N,Final,112,109,8,4
824364,/api/v1.1/game/824364/feed/live,R,2026,10:00.0,5,3,N,Final,115,144,6,11
825013,/api/v1.1/game/825013/feed/live,R,2026,05:00.0,5,3,N,Final,133,114,7,1
824043,/api/v1.1/game/824043/feed/live,R,2026,07:00.0,5,3,N,Final,108,121,1,5
823145,/api/v1.1/game/823145/feed/live,R,2026,10:00.0,5,3,N,Final,136,118,1,4
823307,/api/v1.1/game/823307/feed/live,R,2026,10:00.0,5,3,N,Final,135,145,4,3
824285,/api/v1.1/game/824285/feed/live,R,2026,20:00.0,5,3,N,Final,116,140,7,1
824363,/api/v1.1/game/824363/feed/live,R,2026,40:00.0,5,4,N,Final,115,121,2,4
824283,/api/v1.1/game/824283/feed/live,R,2026,10:00.0,5,4,N,Final,116,111,4,5
822984,/api/v1.1/game/822984/feed/live,R,2026,40:00.0,5,4,N,Final,139,141,5,1
823874,/api/v1.1/game/823874/feed/live,R,2026,40:00.0,5,4,N,Final,146,143,0,1
823552,/api/v1.1/game/823552/feed/live,R,2026,05:00.0,5,4,N,Final,147,110,12,1
824684,/api/v1.1/game/824684/feed/live,R,2026,10:00.0,5,4,N,Final,112,113,5,4
824120,/api/v1.1/game/824120/feed/live,R,2026,40:00.0,5,4,N,Final,118,114,6,2
823064,/api/v1.1/game/823064/feed/live,R,2026,45:00.0,5,4,N,Final,138,158,6,3
824201,/api/v1.1/game/824201/feed/live,R,2026,10:00.0,5,4,N,Final,117,119,3,8
824039,/api/v1.1/game/824039/feed/live,R,2026,38:00.0,5,4,N,Final,108,145,0,6
823143,/api/v1.1/game/823143/feed/live,R,2026,40:00.0,5,4,N,Final,136,144,5,4
823228,/api/v1.1/game/823228/feed/live,R,2026,45:00.0,5,4,N,Final,137,135,3,2
824281,/api/v1.1/game/824281/feed/live,R,2026,40:00.0,5,5,N,Final,116,111,3,10
822986,/api/v1.1/game/822986/feed/live,R,2026,40:00.0,5,5,N,Final,139,141,4,3
823469,/api/v1.1/game/823469/feed/live,R,2026,40:00.0,5,5,N,Final,143,133,9,1
823873,/api/v1.1/game/823873/feed/live,R,2026,40:00.0,5,5,N,Final,146,110,7,9
822743,/api/v1.1/game/822743/feed/live,R,2026,45:00.0,5,5,N,Final,120,142,3,11
823553,/api/v1.1/game/823553/feed/live,R,2026,05:00.0,5,5,N,Final,147,140,7,4
824682,/api/v1.1/game/824682/feed/live,R,2026,40:00.0,5,5,N,Final,112,113,3,2
824119,/api/v1.1/game/824119/feed/live,R,2026,40:00.0,5,5,N,Final,118,114,5,3
824200,/api/v1.1/game/824200/feed/live,R,2026,10:00.0,5,5,N,Final,117,119,2,1
824040,/api/v1.1/game/824040/feed/live,R,2026,38:00.0,5,5,N,Final,108,145,4,3
825092,/api/v1.1/game/825092/feed/live,R,2026,40:00.0,5,5,N,Final,109,134,9,0
823142,/api/v1.1/game/823142/feed/live,R,2026,40:00.0,5,5,N,Final,136,144,2,3
823227,/api/v1.1/game/823227/feed/live,R,2026,45:00.0,5,5,N,Final,137,135,5,10
822985,/api/v1.1/game/822985/feed/live,R,2026,10:00.0,5,6,N,Final,139,141,3,0
823063,/api/v1.1/game/823063/feed/live,R,2026,15:00.0,5,6,N,Final,138,158,2,6
824198,/api/v1.1/game/824198/feed/live,R,2026,10:00.0,5,6,N,Final,117,119,2,12
823226,/api/v1.1/game/823226/feed/live,R,2026,45:00.0,5,6,N,Final,137,135,1,5
824036,/api/v1.1/game/824036/feed/live,R,2026,07:00.0,5,6,N,Final,108,145,8,2
823141,/api/v1.1/game/823141/feed/live,R,2026,10:00.0,5,6,N,Final,136,144,3,1
824282,/api/v1.1/game/824282/feed/live,R,2026,40:00.0,5,6,N,Final,116,111,0,4
823470,/api/v1.1/game/823470/feed/live,R,2026,40:00.0,5,6,N,Final,143,133,6,3
823872,/api/v1.1/game/823872/feed/live,R,2026,40:00.0,5,6,N,Final,146,110,4,7
822740,/api/v1.1/game/822740/feed/live,R,2026,45:00.0,5,6,N,Final,120,142,15,2
823550,/api/v1.1/game/823550/feed/live,R,2026,05:00.0,5,6,N,Final,147,140,1,6
824683,/api/v1.1/game/824683/feed/live,R,2026,40:00.0,5,6,N,Final,112,113,7,6
824118,/api/v1.1/game/824118/feed/live,R,2026,40:00.0,5,6,N,Final,118,114,1,3
824361,/api/v1.1/game/824361/feed/live,R,2026,20:00.0,5,6,N,Final,115,121,5,10
825091,/api/v1.1/game/825091/feed/live,R,2026,40:00.0,5,6,N,Final,109,134,0,1
823551,/api/v1.1/game/823551/feed/live,R,2026,35:00.0,5,7,N,Final,147,140,9,2
822741,/api/v1.1/game/822741/feed/live,R,2026,05:00.0,5,7,N,Final,120,142,7,5
824117,/api/v1.1/game/824117/feed/live,R,2026,10:00.0,5,7,N,Final,118,114,5,8
824681,/api/v1.1/game/824681/feed/live,R,2026,20:00.0,5,7,N,Final,112,113,8,3
824362,/api/v1.1/game/824362/feed/live,R,2026,10:00.0,5,7,N,Final,115,121,6,2
825090,/api/v1.1/game/825090/feed/live,R,2026,40:00.0,5,7,N,Final,109,134,2,4
823467,/api/v1.1/game/823467/feed/live,R,2026,40:00.0,5,7,N,Final,143,133,1,12
823870,/api/v1.1/game/823870/feed/live,R,2026,40:00.0,5,7,N,Final,146,110,4,3
824767,/api/v1.1/game/824767/feed/live,R,2026,10:00.0,5,7,N,Final,111,139,4,8
823306,/api/v1.1/game/823306/feed/live,R,2026,10:00.0,5,7,N,Final,135,138,1,2
824522,/api/v1.1/game/824522/feed/live,R,2026,10:00.0,5,8,N,Final,113,117,0,10
823466,/api/v1.1/game/823466/feed/live,R,2026,40:00.0,5,8,N,Final,143,115,7,9
824846,/api/v1.1/game/824846/feed/live,R,2026,05:00.0,5,8,N,Final,110,133,3,4
822822,/api/v1.1/game/822822/feed/live,R,2026,07:00.0,5,8,N,Final,141,108,2,0
824768,/api/v1.1/game/824768/feed/live,R,2026,10:00.0,5,8,N,Final,111,139,2,0
823871,/api/v1.1/game/823871/feed/live,R,2026,10:00.0,5,8,N,Final,146,120,2,3
824443,/api/v1.1/game/824443/feed/live,R,2026,15:00.0,5,8,N,Final,114,142,6,4
824116,/api/v1.1/game/824116/feed/live,R,2026,40:00.0,5,8,N,Final,118,116,4,3
824607,/api/v1.1/game/824607/feed/live,R,2026,40:00.0,5,8,N,Final,145,136,8,12
823794,/api/v1.1/game/823794/feed/live,R,2026,40:00.0,5,8,N,Final,158,147,6,0
822904,/api/v1.1/game/822904/feed/live,R,2026,05:00.0,5,8,N,Final,140,112,1,7
825088,/api/v1.1/game/825088/feed/live,R,2026,40:00.0,5,8,N,Final,109,121,1,3
823303,/api/v1.1/game/823303/feed/live,R,2026,45:00.0,5,8,N,Final,135,138,0,6
823957,/api/v1.1/game/823957/feed/live,R,2026,10:00.0,5,8,N,Final,119,144,3,1
823225,/api/v1.1/game/823225/feed/live,R,2026,15:00.0,5,8,N,Final,137,134,5,2
822820,/api/v1.1/game/822820/feed/live,R,2026,07:00.0,5,9,N,Final,141,108,14,1
824847,/api/v1.1/game/824847/feed/live,R,2026,05:00.0,5,9,N,Final,110,133,2,6
824523,/api/v1.1/game/824523/feed/live,R,2026,10:00.0,5,9,N,Final,113,117,3,1
823869,/api/v1.1/game/823869/feed/live,R,2026,10:00.0,5,9,N,Final,146,120,8,7
823468,/api/v1.1/game/823468/feed/live,R,2026,05:00.0,5,9,N,Final,143,115,9,3
824444,/api/v1.1/game/824444/feed/live,R,2026,10:00.0,5,9,N,Final,114,142,1,2
822905,/api/v1.1/game/822905/feed/live,R,2026,05:00.0,5,9,N,Final,140,112,6,0
824115,/api/v1.1/game/824115/feed/live,R,2026,10:00.0,5,9,N,Final,118,116,5,1
824606,/api/v1.1/game/824606/feed/live,R,2026,10:00.0,5,9,N,Final,145,136,6,1
823792,/api/v1.1/game/823792/feed/live,R,2026,10:00.0,5,9,N,Final,158,147,4,3
825089,/api/v1.1/game/825089/feed/live,R,2026,15:00.0,5,9,N,Final,109,121,2,1
823304,/api/v1.1/game/823304/feed/live,R,2026,15:00.0,5,9,N,Final,135,138,4,2
823224,/api/v1.1/game/823224/feed/live,R,2026,05:00.0,5,9,N,Final,137,134,3,13
823955,/api/v1.1/game/823955/feed/live,R,2026,10:00.0,5,9,N,Final,119,144,2,7
823868,/api/v1.1/game/823868/feed/live,R,2026,15:00.0,5,10,N,Final,146,120,5,2
824845,/api/v1.1/game/824845/feed/live,R,2026,35:00.0,5,10,N,Final,110,133,2,1
824765,/api/v1.1/game/824765/feed/live,R,2026,35:00.0,5,10,N,Final,111,139,1,4
823463,/api/v1.1/game/823463/feed/live,R,2026,35:00.0,5,10,N,Final,143,115,6,0
822819,/api/v1.1/game/822819/feed/live,R,2026,37:00.0,5,10,N,Final,141,108,1,6
824520,/api/v1.1/game/824520/feed/live,R,2026,40:00.0,5,10,N,Final,113,117,5,0
824440,/api/v1.1/game/824440/feed/live,R,2026,40:00.0,5,10,N,Final,114,142,4,5
824605,/api/v1.1/game/824605/feed/live,R,2026,10:00.0,5,10,N,Final,145,136,2,1
823793,/api/v1.1/game/823793/feed/live,R,2026,10:00.0,5,10,N,Final,158,147,4,3
822902,/api/v1.1/game/822902/feed/live,R,2026,35:00.0,5,10,N,Final,140,112,3,0
823221,/api/v1.1/game/823221/feed/live,R,2026,05:00.0,5,10,N,Final,137,134,7,6
825085,/api/v1.1/game/825085/feed/live,R,2026,10:00.0,5,10,N,Final,109,121,5,1
823305,/api/v1.1/game/823305/feed/live,R,2026,10:00.0,5,10,N,Final,135,138,3,2
823954,/api/v1.1/game/823954/feed/live,R,2026,10:00.0,5,10,N,Final,119,144,2,7
824113,/api/v1.1/game/824113/feed/live,R,2026,20:00.0,5,10,N,Final,118,116,3,6
824441,/api/v1.1/game/824441/feed/live,R,2026,10:00.0,5,11,N,Final,114,108,7,2
824844,/api/v1.1/game/824844/feed/live,R,2026,35:00.0,5,11,N,Final,110,147,3,2
822818,/api/v1.1/game/822818/feed/live,R,2026,07:00.0,5,11,N,Final,141,139,5,8
822901,/api/v1.1/game/822901/feed/live,R,2026,05:00.0,5,11,N,Final,140,109,0,1
824199,/api/v1.1/game/824199/feed/live,R,2026,10:00.0,5,11,N,Final,117,136,1,3
823953,/api/v1.1/game/823953/feed/live,R,2026,10:00.0,5,11,N,Final,119,137,3,9
824442,/api/v1.1/game/824442/feed/live,R,2026,10:00.0,5,12,N,Final,114,108,3,2
824843,/api/v1.1/game/824843/feed/live,R,2026,35:00.0,5,12,N,Final,110,147,2,6
824521,/api/v1.1/game/824521/feed/live,R,2026,40:00.0,5,12,N,Final,113,120,4,10
823385,/api/v1.1/game/823385/feed/live,R,2026,40:00.0,5,12,N,Final,134,115,3,1
824764,/api/v1.1/game/824764/feed/live,R,2026,45:00.0,5,12,N,Final,111,143,1,2
822817,/api/v1.1/game/822817/feed/live,R,2026,07:00.0,5,12,N,Final,141,139,6,7
823632,/api/v1.1/game/823632/feed/live,R,2026,10:00.0,5,12,N,Final,121,116,10,2
824927,/api/v1.1/game/824927/feed/live,R,2026,15:00.0,5,12,N,Final,144,112,5,2
824604,/api/v1.1/game/824604/feed/live,R,2026,40:00.0,5,12,N,Final,145,118,6,5
823712,/api/v1.1/game/823712/feed/live,R,2026,40:00.0,5,12,N,Final,142,146,3,0
823790,/api/v1.1/game/823790/feed/live,R,2026,40:00.0,5,12,N,Final,158,135,6,4
822903,/api/v1.1/game/822903/feed/live,R,2026,05:00.0,5,12,N,Final,140,109,7,4
824197,/api/v1.1/game/824197/feed/live,R,2026,10:00.0,5,12,N,Final,117,136,2,10
825011,/api/v1.1/game/825011/feed/live,R,2026,40:00.0,5,12,N,Final,133,138,4,6
823951,/api/v1.1/game/823951/feed/live,R,2026,10:00.0,5,12,N,Final,119,137,2,6
824841,/api/v1.1/game/824841/feed/live,R,2026,05:00.0,5,13,N,Final,110,147,7,0
824438,/api/v1.1/game/824438/feed/live,R,2026,10:00.0,5,13,N,Final,114,108,4,2
824519,/api/v1.1/game/824519/feed/live,R,2026,40:00.0,5,13,N,Final,113,120,7,8
823386,/api/v1.1/game/823386/feed/live,R,2026,40:00.0,5,13,N,Final,134,115,4,10
824763,/api/v1.1/game/824763/feed/live,R,2026,45:00.0,5,13,N,Final,111,143,3,1
822815,/api/v1.1/game/822815/feed/live,R,2026,07:00.0,5,13,N,Final,141,139,5,3
823631,/api/v1.1/game/823631/feed/live,R,2026,10:00.0,5,13,N,Final,121,116,3,2
824928,/api/v1.1/game/824928/feed/live,R,2026,15:00.0,5,13,N,Final,144,112,4,1
824603,/api/v1.1/game/824603/feed/live,R,2026,40:00.0,5,13,N,Final,145,118,6,5
823710,/api/v1.1/game/823710/feed/live,R,2026,40:00.0,5,13,N,Final,142,146,5,9
823791,/api/v1.1/game/823791/feed/live,R,2026,40:00.0,5,13,N,Final,158,135,1,3
822900,/api/v1.1/game/822900/feed/live,R,2026,05:00.0,5,13,N,Final,140,109,6,5
824195,/api/v1.1/game/824195/feed/live,R,2026,10:00.0,5,13,N,Final,117,136,4,3
825010,/api/v1.1/game/825010/feed/live,R,2026,40:00.0,5,13,N,Final,133,138,6,2
823952,/api/v1.1/game/823952/feed/live,R,2026,10:00.0,5,13,N,Final,119,137,4,0
823383,/api/v1.1/game/823383/feed/live,R,2026,35:00.0,5,14,N,Final,134,115,7,2
824517,/api/v1.1/game/824517/feed/live,R,2026,40:00.0,5,14,N,Final,113,120,15,1
823630,/api/v1.1/game/823630/feed/live,R,2026,10:00.0,5,14,N,Final,121,116,9,4
823709,/api/v1.1/game/823709/feed/live,R,2026,40:00.0,5,14,N,Final,142,146,9,1
823789,/api/v1.1/game/823789/feed/live,R,2026,40:00.0,5,14,N,Final,158,135,7,1
824196,/api/v1.1/game/824196/feed/live,R,2026,10:00.0,5,14,N,Final,117,136,3,8
825008,/api/v1.1/game/825008/feed/live,R,2026,05:00.0,5,14,N,Final,133,138,4,5
824762,/api/v1.1/game/824762/feed/live,R,2026,45:00.0,5,14,N,Final,111,143,1,3
824926,/api/v1.1/game/824926/feed/live,R,2026,15:00.0,5,14,N,Final,144,112,0,2
824602,/api/v1.1/game/824602/feed/live,R,2026,40:00.0,5,14,N,Final,145,118,6,2
823950,/api/v1.1/game/823950/feed/live,R,2026,10:00.0,5,14,N,Final,119,137,5,2
823384,/api/v1.1/game/823384/feed/live,R,2026,40:00.0,5,15,N,Final,134,143,9,11
822739,/api/v1.1/game/822739/feed/live,R,2026,45:00.0,5,15,N,Final,120,110,3,2
824280,/api/v1.1/game/824280/feed/live,R,2026,45:00.0,5,15,N,Final,116,141,3,2
824439,/api/v1.1/game/824439/feed/live,R,2026,10:00.0,5,15,N,Final,114,113,6,7
822983,/api/v1.1/game/822983/feed/live,R,2026,10:00.0,5,15,N,Final,139,146,7,2
823707,/api/v1.1/game/823707/feed/live,R,2026,10:00.0,5,15,N,Final,142,158,2,3
824925,/api/v1.1/game/824925/feed/live,R,2026,15:00.0,5,15,N,Final,144,111,3,2
823629,/api/v1.1/game/823629/feed/live,R,2026,15:00.0,5,15,N,Final,121,147,2,5
824601,/api/v1.1/game/824601/feed/live,R,2026,40:00.0,5,15,N,Final,145,112,5,10
824194,/api/v1.1/game/824194/feed/live,R,2026,10:00.0,5,15,N,Final,117,140,2,0
823061,/api/v1.1/game/823061/feed/live,R,2026,15:00.0,5,15,N,Final,138,118,5,4
824360,/api/v1.1/game/824360/feed/live,R,2026,40:00.0,5,15,N,Final,115,109,1,9
824037,/api/v1.1/game/824037/feed/live,R,2026,38:00.0,5,15,N,Final,108,119,0,6
823140,/api/v1.1/game/823140/feed/live,R,2026,40:00.0,5,15,N,Final,136,135,0,2
825009,/api/v1.1/game/825009/feed/live,R,2026,40:00.0,5,15,N,Final,133,137,5,2
824278,/api/v1.1/game/824278/feed/live,R,2026,10:00.0,5,16,N,Final,116,141,1,2
823060,/api/v1.1/game/823060/feed/live,R,2026,15:00.0,5,16,N,Final,138,118,4,2
824359,/api/v1.1/game/824359/feed/live,R,2026,10:00.0,5,16,N,Final,115,109,4,2
822737,/api/v1.1/game/822737/feed/live,R,2026,05:00.0,5,16,N,Final,120,110,13,3
823382,/api/v1.1/game/823382/feed/live,R,2026,05:00.0,5,16,N,Final,134,143,0,6
822981,/api/v1.1/game/822981/feed/live,R,2026,10:00.0,5,16,N,Final,139,146,5,10
824435,/api/v1.1/game/824435/feed/live,R,2026,10:00.0,5,16,N,Final,114,113,7,4
824193,/api/v1.1/game/824193/feed/live,R,2026,10:00.0,5,16,N,Final,117,140,4,1
824600,/api/v1.1/game/824600/feed/live,R,2026,10:00.0,5,16,N,Final,145,112,8,3
823706,/api/v1.1/game/823706/feed/live,R,2026,10:00.0,5,16,N,Final,142,158,1,2
823139,/api/v1.1/game/823139/feed/live,R,2026,15:00.0,5,16,N,Final,136,135,4,7
824924,/api/v1.1/game/824924/feed/live,R,2026,15:00.0,5,16,N,Final,144,111,2,3
823627,/api/v1.1/game/823627/feed/live,R,2026,15:00.0,5,16,N,Final,121,147,6,3
824038,/api/v1.1/game/824038/feed/live,R,2026,38:00.0,5,16,N,Final,108,119,2,15
825007,/api/v1.1/game/825007/feed/live,R,2026,40:00.0,5,16,N,Final,133,137,4,6
822982,/api/v1.1/game/822982/feed/live,R,2026,15:00.0,5,17,N,Final,139,146,6,3
822738,/api/v1.1/game/822738/feed/live,R,2026,35:00.0,5,17,N,Final,120,110,3,7
823381,/api/v1.1/game/823381/feed/live,R,2026,35:00.0,5,17,N,Final,134,143,0,6
824923,/api/v1.1/game/824923/feed/live,R,2026,35:00.0,5,17,N,Final,144,111,8,1
824436,/api/v1.1/game/824436/feed/live,R,2026,40:00.0,5,17,N,Final,114,113,10,3
824279,/api/v1.1/game/824279/feed/live,R,2026,40:00.0,5,17,N,Final,116,141,1,4
823628,/api/v1.1/game/823628/feed/live,R,2026,40:00.0,5,17,N,Final,121,147,7,6
824192,/api/v1.1/game/824192/feed/live,R,2026,10:00.0,5,17,N,Final,117,140,0,8
824599,/api/v1.1/game/824599/feed/live,R,2026,10:00.0,5,17,N,Final,145,112,9,8
823708,/api/v1.1/game/823708/feed/live,R,2026,10:00.0,5,17,N,Final,142,158,5,4
823058,/api/v1.1/game/823058/feed/live,R,2026,15:00.0,5,17,N,Final,138,118,0,2
824358,/api/v1.1/game/824358/feed/live,R,2026,10:00.0,5,17,N,Final,115,109,6,8
825006,/api/v1.1/game/825006/feed/live,R,2026,05:00.0,5,17,N,Final,133,137,1,10
824034,/api/v1.1/game/824034/feed/live,R,2026,07:00.0,5,17,N,Final,108,119,1,10
823138,/api/v1.1/game/823138/feed/live,R,2026,20:00.0,5,17,N,Final,136,135,3,8
824277,/api/v1.1/game/824277/feed/live,R,2026,40:00.0,5,18,N,Final,116,114,2,8
822980,/api/v1.1/game/822980/feed/live,R,2026,40:00.0,5,18,N,Final,139,110,16,6
823465,/api/v1.1/game/823465/feed/live,R,2026,40:00.0,5,18,N,Final,143,113,5,4
823867,/api/v1.1/game/823867/feed/live,R,2026,40:00.0,5,18,N,Final,146,144,12,0
822734,/api/v1.1/game/822734/feed/live,R,2026,45:00.0,5,18,N,Final,120,121,7,16
823549,/api/v1.1/game/823549/feed/live,R,2026,05:00.0,5,18,N,Final,147,141,7,6
824114,/api/v1.1/game/824114/feed/live,R,2026,10:00.0,5,18,N,Final,118,111,1,3
823705,/api/v1.1/game/823705/feed/live,R,2026,40:00.0,5,18,N,Final,142,117,6,3
824680,/api/v1.1/game/824680/feed/live,R,2026,40:00.0,5,18,N,Final,112,158,3,9
824357,/api/v1.1/game/824357/feed/live,R,2026,40:00.0,5,18,N,Final,115,140,7,6
824035,/api/v1.1/game/824035/feed/live,R,2026,38:00.0,5,18,N,Final,108,133,2,1
823301,/api/v1.1/game/823301/feed/live,R,2026,40:00.0,5,18,N,Final,135,119,1,0
825087,/api/v1.1/game/825087/feed/live,R,2026,40:00.0,5,18,N,Final,109,137,12,2
823137,/api/v1.1/game/823137/feed/live,R,2026,40:00.0,5,18,N,Final,136,145,6,1
823865,/api/v1.1/game/823865/feed/live,R,2026,10:00.0,5,19,N,Final,146,144,4,8
824276,/api/v1.1/game/824276/feed/live,R,2026,40:00.0,5,19,N,Final,116,114,3,4
822979,/api/v1.1/game/822979/feed/live,R,2026,40:00.0,5,19,N,Final,139,110,4,1
823464,/api/v1.1/game/823464/feed/live,R,2026,40:00.0,5,19,N,Final,143,113,1,4
822736,/api/v1.1/game/822736/feed/live,R,2026,45:00.0,5,19,N,Final,120,121,9,6
823548,/api/v1.1/game/823548/feed/live,R,2026,05:00.0,5,19,N,Final,147,141,5,4
824112,/api/v1.1/game/824112/feed/live,R,2026,40:00.0,5,19,N,Final,118,111,1,7
823704,/api/v1.1/game/823704/feed/live,R,2026,40:00.0,5,19,N,Final,142,117,1,2
824677,/api/v1.1/game/824677/feed/live,R,2026,40:00.0,5,19,N,Final,112,158,2,5
823059,/api/v1.1/game/823059/feed/live,R,2026,45:00.0,5,19,N,Final,138,134,9,6
824356,/api/v1.1/game/824356/feed/live,R,2026,40:00.0,5,19,N,Final,115,140,0,10
824033,/api/v1.1/game/824033/feed/live,R,2026,38:00.0,5,19,N,Final,108,133,6,14
823302,/api/v1.1/game/823302/feed/live,R,2026,40:00.0,5,19,N,Final,135,119,4,5
825086,/api/v1.1/game/825086/feed/live,R,2026,40:00.0,5,19,N,Final,109,137,5,3
823136,/api/v1.1/game/823136/feed/live,R,2026,40:00.0,5,19,N,Final,136,145,1,2
823462,/api/v1.1/game/823462/feed/live,R,2026,05:00.0,5,20,N,Final,143,113,4,9
822977,/api/v1.1/game/822977/feed/live,R,2026,10:00.0,5,20,N,Final,139,110,5,3
823703,/api/v1.1/game/823703/feed/live,R,2026,40:00.0,5,20,N,Final,142,117,4,1
824355,/api/v1.1/game/824355/feed/live,R,2026,10:00.0,5,20,N,Final,115,140,4,5
825084,/api/v1.1/game/825084/feed/live,R,2026,40:00.0,5,20,N,Final,109,137,6,3
823134,/api/v1.1/game/823134/feed/live,R,2026,10:00.0,5,20,N,Final,136,145,5,4
824273,/api/v1.1/game/824273/feed/live,R,2026,40:00.0,5,20,N,Final,116,114,2,3
823866,/api/v1.1/game/823866/feed/live,R,2026,40:00.0,5,20,N,Final,146,144,1,9
822735,/api/v1.1/game/822735/feed/live,R,2026,45:00.0,5,20,N,Final,120,121,8,4
823547,/api/v1.1/game/823547/feed/live,R,2026,05:00.0,5,20,N,Final,147,141,1,2
824111,/api/v1.1/game/824111/feed/live,R,2026,40:00.0,5,20,N,Final,118,111,3,4
824678,/api/v1.1/game/824678/feed/live,R,2026,40:00.0,5,20,N,Final,112,158,0,5
823057,/api/v1.1/game/823057/feed/live,R,2026,45:00.0,5,20,N,Final,138,134,0,7
823299,/api/v1.1/game/823299/feed/live,R,2026,40:00.0,5,20,N,Final,135,119,0,4
824032,/api/v1.1/game/824032/feed/live,R,2026,38:00.0,5,20,N,Final,108,133,5,6
824274,/api/v1.1/game/824274/feed/live,R,2026,10:00.0,5,21,N,Final,116,114,1,3
823056,/api/v1.1/game/823056/feed/live,R,2026,15:00.0,5,21,N,Final,138,134,2,6
822733,/api/v1.1/game/822733/feed/live,R,2026,05:00.0,5,21,N,Final,120,121,1,2
823864,/api/v1.1/game/823864/feed/live,R,2026,40:00.0,5,21,N,Final,146,144,3,9
823545,/api/v1.1/game/823545/feed/live,R,2026,05:00.0,5,21,N,Final,147,141,0,2
824031,/api/v1.1/game/824031/feed/live,R,2026,38:00.0,5,21,N,Final,108,133,2,3
825083,/api/v1.1/game/825083/feed/live,R,2026,40:00.0,5,21,N,Final,109,115,2,1
824679,/api/v1.1/game/824679/feed/live,R,2026,20:00.0,5,22,N,Final,112,117,2,4
823461,/api/v1.1/game/823461/feed/live,R,2026,40:00.0,5,22,N,Final,143,114,0,1
823546,/api/v1.1/game/823546/feed/live,R,2026,05:00.0,5,22,N,Final,147,139,2,4
822816,/api/v1.1/game/822816/feed/live,R,2026,07:00.0,5,22,N,Final,141,134,6,2
824761,/api/v1.1/game/824761/feed/live,R,2026,10:00.0,5,22,N,Final,111,142,6,8
823863,/api/v1.1/game/823863/feed/live,R,2026,10:00.0,5,22,N,Final,146,121,2,1
824842,/api/v1.1/game/824842/feed/live,R,2026,15:00.0,5,22,N,Final,110,116,7,4
824922,/api/v1.1/game/824922/feed/live,R,2026,15:00.0,5,22,N,Final,144,120,5,4
824110,/api/v1.1/game/824110/feed/live,R,2026,40:00.0,5,22,N,Final,118,136,0,2
823788,/api/v1.1/game/823788/feed/live,R,2026,40:00.0,5,22,N,Final,158,119,5,1
824029,/api/v1.1/game/824029/feed/live,R,2026,38:00.0,5,22,N,Final,108,140,9,6
825082,/api/v1.1/game/825082/feed/live,R,2026,40:00.0,5,22,N,Final,109,115,2,3
823298,/api/v1.1/game/823298/feed/live,R,2026,40:00.0,5,22,N,Final,135,133,7,3
823223,/api/v1.1/game/823223/feed/live,R,2026,15:00.0,5,22,N,Final,137,145,4,9
824518,/api/v1.1/game/824518/feed/live,R,2026,10:00.0,5,23,S,Final,113,138,1,8
824516,/api/v1.1/game/824516/feed/live,R,2026,15:00.0,5,23,S,Final,113,138,7,6
824674,/api/v1.1/game/824674/feed/live,R,2026,20:00.0,5,23,N,Final,112,117,0,3
822814,/api/v1.1/game/822814/feed/live,R,2026,07:00.0,5,23,N,Final,141,134,5,2
823458,/api/v1.1/game/823458/feed/live,R,2026,05:00.0,5,23,N,Final,143,114,3,0
823222,/api/v1.1/game/823222/feed/live,R,2026,05:00.0,5,23,N,Final,137,145,10,3
824109,/api/v1.1/game/824109/feed/live,R,2026,10:00.0,5,23,N,Final,118,136,5,0
824760,/api/v1.1/game/824760/feed/live,R,2026,10:00.0,5,23,N,Final,111,142,2,4
824920,/api/v1.1/game/824920/feed/live,R,2026,10:00.0,5,23,N,Final,144,120,0,2
823862,/api/v1.1/game/823862/feed/live,R,2026,10:00.0,5,23,N,Final,146,121,4,1
823787,/api/v1.1/game/823787/feed/live,R,2026,15:00.0,5,23,N,Final,158,119,3,11
823300,/api/v1.1/game/823300/feed/live,R,2026,40:00.0,5,23,N,Final,135,133,2,0
824030,/api/v1.1/game/824030/feed/live,R,2026,05:00.0,5,23,N,Final,108,140,5,2
825080,/api/v1.1/game/825080/feed/live,R,2026,10:00.0,5,23,N,Final,109,115,5,4
822813,/api/v1.1/game/822813/feed/live,R,2026,15:00.0,5,24,N,Final,141,134,1,4
824839,/api/v1.1/game/824839/feed/live,R,2026,35:00.0,5,24,S,Final,110,116,5,3
824840,/api/v1.1/game/824840/feed/live,R,2026,05:00.0,5,24,S,Final,110,116,1,4
824759,/api/v1.1/game/824759/feed/live,R,2026,35:00.0,5,24,N,Final,111,142,5,6
823459,/api/v1.1/game/823459/feed/live,R,2026,35:00.0,5,24,N,Final,143,114,1,3
823544,/api/v1.1/game/823544/feed/live,R,2026,35:00.0,5,24,N,Final,147,139,2,0
823861,/api/v1.1/game/823861/feed/live,R,2026,40:00.0,5,24,N,Final,146,121,4,0
824108,/api/v1.1/game/824108/feed/live,R,2026,10:00.0,5,24,N,Final,118,136,8,6
823786,/api/v1.1/game/823786/feed/live,R,2026,10:00.0,5,24,N,Final,158,119,1,5
824676,/api/v1.1/game/824676/feed/live,R,2026,20:00.0,5,24,N,Final,112,117,5,8
823220,/api/v1.1/game/823220/feed/live,R,2026,05:00.0,5,24,N,Final,137,145,8,5
825081,/api/v1.1/game/825081/feed/live,R,2026,10:00.0,5,24,N,Final,109,115,9,1
823297,/api/v1.1/game/823297/feed/live,R,2026,10:00.0,5,24,N,Final,135,133,2,5
824921,/api/v1.1/game/824921/feed/live,R,2026,10:00.0,5,24,N,Final,144,120,1,2
824028,/api/v1.1/game/824028/feed/live,R,2026,20:00.0,5,24,N,Final,108,140,2,1
823380,/api/v1.1/game/823380/feed/live,R,2026,35:00.0,5,25,N,Final,134,112,2,1
824838,/api/v1.1/game/824838/feed/live,R,2026,35:00.0,5,25,N,Final,110,139,9,7
824598,/api/v1.1/game/824598/feed/live,R,2026,10:00.0,5,25,N,Final,145,142,3,1
823784,/api/v1.1/game/823784/feed/live,R,2026,10:00.0,5,25,N,Final,158,138,5,1
824107,/api/v1.1/game/824107/feed/live,R,2026,40:00.0,5,25,N,Final,118,147,3,4
823625,/api/v1.1/game/823625/feed/live,R,2026,10:00.0,5,25,N,Final,121,113,2,7
823219,/api/v1.1/game/823219/feed/live,R,2026,05:00.0,5,25,N,Final,137,109,2,6
824437,/api/v1.1/game/824437/feed/live,R,2026,10:00.0,5,25,N,Final,114,120,2,10
823296,/api/v1.1/game/823296/feed/live,R,2026,40:00.0,5,25,N,Final,135,143,0,3
822899,/api/v1.1/game/822899/feed/live,R,2026,05:00.0,5,25,N,Final,140,117,0,9
822812,/api/v1.1/game/822812/feed/live,R,2026,07:00.0,5,25,N,Final,141,146,2,8
823948,/api/v1.1/game/823948/feed/live,R,2026,10:00.0,5,25,N,Final,119,115,5,3
825005,/api/v1.1/game/825005/feed/live,R,2026,40:00.0,5,25,N,Final,133,136,2,9
824434,/api/v1.1/game/824434/feed/live,R,2026,10:00.0,5,26,N,Final,114,120,3,6
824837,/api/v1.1/game/824837/feed/live,R,2026,35:00.0,5,26,N,Final,110,139,6,1
824275,/api/v1.1/game/824275/feed/live,R,2026,40:00.0,5,26,N,Final,116,108,6,10
823379,/api/v1.1/game/823379/feed/live,R,2026,40:00.0,5,26,N,Final,134,112,12,1
824758,/api/v1.1/game/824758/feed/live,R,2026,45:00.0,5,26,N,Final,111,144,6,7
822811,/api/v1.1/game/822811/feed/live,R,2026,07:00.0,5,26,N,Final,141,146,8,1
823624,/api/v1.1/game/823624/feed/live,R,2026,10:00.0,5,26,N,Final,121,113,2,7
824597,/api/v1.1/game/824597/feed/live,R,2026,40:00.0,5,26,N,Final,145,142,3,5
824106,/api/v1.1/game/824106/feed/live,R,2026,40:00.0,5,26,N,Final,118,147,1,15
823785,/api/v1.1/game/823785/feed/live,R,2026,40:00.0,5,26,N,Final,158,138,6,0
822898,/api/v1.1/game/822898/feed/live,R,2026,05:00.0,5,26,N,Final,140,117,10,7
825004,/api/v1.1/game/825004/feed/live,R,2026,40:00.0,5,26,N,Final,133,136,1,4
823294,/api/v1.1/game/823294/feed/live,R,2026,40:00.0,5,26,N,Final,135,143,3,4
823216,/api/v1.1/game/823216/feed/live,R,2026,45:00.0,5,26,N,Final,137,109,5,7
823949,/api/v1.1/game/823949/feed/live,R,2026,10:00.0,5,26,N,Final,119,115,15,6
822809,/api/v1.1/game/822809/feed/live,R,2026,07:00.0,5,27,N,Final,141,146,2,1
824432,/api/v1.1/game/824432/feed/live,R,2026,10:00.0,5,27,N,Final,114,120,3,2
823783,/api/v1.1/game/823783/feed/live,R,2026,40:00.0,5,27,N,Final,158,138,2,1
825003,/api/v1.1/game/825003/feed/live,R,2026,05:00.0,5,27,N,Final,133,136,1,9
823217,/api/v1.1/game/823217/feed/live,R,2026,45:00.0,5,27,N,Final,137,109,2,3
823295,/api/v1.1/game/823295/feed/live,R,2026,10:00.0,5,27,N,Final,135,143,0,3
824836,/api/v1.1/game/824836/feed/live,R,2026,35:00.0,5,27,N,Final,110,139,11,2
824270,/api/v1.1/game/824270/feed/live,R,2026,40:00.0,5,27,N,Final,116,108,4,0
823376,/api/v1.1/game/823376/feed/live,R,2026,40:00.0,5,27,N,Final,134,112,4,10
824756,/api/v1.1/game/824756/feed/live,R,2026,45:00.0,5,27,N,Final,111,144,8,0
823626,/api/v1.1/game/823626/feed/live,R,2026,10:00.0,5,27,N,Final,121,113,4,2
824596,/api/v1.1/game/824596/feed/live,R,2026,40:00.0,5,27,N,Final,145,142,15,2
824104,/api/v1.1/game/824104/feed/live,R,2026,40:00.0,5,27,N,Final,118,147,0,7
822897,/api/v1.1/game/822897/feed/live,R,2026,05:00.0,5,27,N,Final,140,117,3,4
823947,/api/v1.1/game/823947/feed/live,R,2026,10:00.0,5,27,N,Final,119,115,4,1
824272,/api/v1.1/game/824272/feed/live,R,2026,10:00.0,5,28,N,Final,116,108,1,7
824595,/api/v1.1/game/824595/feed/live,R,2026,10:00.0,5,28,N,Final,145,142,6,2
824757,/api/v1.1/game/824757/feed/live,R,2026,10:00.0,5,28,N,Final,111,144,2,10
824834,/api/v1.1/game/824834/feed/live,R,2026,35:00.0,5,28,N,Final,110,141,1,2
823378,/api/v1.1/game/823378/feed/live,R,2026,40:00.0,5,28,N,Final,134,112,2,7
822896,/api/v1.1/game/822896/feed/live,R,2026,05:00.0,5,28,N,Final,140,117,1,5
824515,/api/v1.1/game/824515/feed/live,R,2026,40:00.0,5,29,N,Final,113,144,3,8
822732,/api/v1.1/game/822732/feed/live,R,2026,45:00.0,5,29,N,Final,120,135,5,7
823377,/api/v1.1/game/823377/feed/live,R,2026,45:00.0,5,29,N,Final,134,142,6,5
824835,/api/v1.1/game/824835/feed/live,R,2026,05:00.0,5,29,N,Final,110,141,5,6
824433,/api/v1.1/game/824433/feed/live,R,2026,10:00.0,5,29,N,Final,114,111,4,3
822978,/api/v1.1/game/822978/feed/live,R,2026,10:00.0,5,29,N,Final,139,108,8,5
823623,/api/v1.1/game/823623/feed/live,R,2026,10:00.0,5,29,N,Final,121,146,9,7
823055,/api/v1.1/game/823055/feed/live,R,2026,15:00.0,5,29,N,Final,138,112,6,5
824594,/api/v1.1/game/824594/feed/live,R,2026,40:00.0,5,29,N,Final,145,116,4,3
822894,/api/v1.1/game/822894/feed/live,R,2026,05:00.0,5,29,N,Final,140,118,9,1
824191,/api/v1.1/game/824191/feed/live,R,2026,10:00.0,5,29,N,Final,117,158,4,5
824353,/api/v1.1/game/824353/feed/live,R,2026,40:00.0,5,29,N,Final,115,137,8,6
825002,/api/v1.1/game/825002/feed/live,R,2026,40:00.0,5,29,N,Final,133,147,2,8
823135,/api/v1.1/game/823135/feed/live,R,2026,10:00.0,5,29,N,Final,136,109,7,6
823946,/api/v1.1/game/823946/feed/live,R,2026,15:00.0,5,29,N,Final,119,143,4,2
824593,/api/v1.1/game/824593/feed/live,R,2026,10:00.0,5,30,N,Final,145,116,7,1
822731,/api/v1.1/game/822731/feed/live,R,2026,05:00.0,5,30,N,Final,120,135,9,4
822893,/api/v1.1/game/822893/feed/live,R,2026,05:00.0,5,30,N,Final,140,118,7,6
824833,/api/v1.1/game/824833/feed/live,R,2026,05:00.0,5,30,N,Final,110,141,6,5
823375,/api/v1.1/game/823375/feed/live,R,2026,05:00.0,5,30,N,Final,134,142,10,9
824431,/api/v1.1/game/824431/feed/live,R,2026,10:00.0,5,30,N,Final,114,111,1,9
822975,/api/v1.1/game/822975/feed/live,R,2026,10:00.0,5,30,N,Final,139,108,3,14
823622,/api/v1.1/game/823622/feed/live,R,2026,10:00.0,5,30,N,Final,121,146,6,1
824190,/api/v1.1/game/824190/feed/live,R,2026,10:00.0,5,30,N,Final,117,158,9,2
823054,/api/v1.1/game/823054/feed/live,R,2026,15:00.0,5,30,N,Final,138,112,1,6
824513,/api/v1.1/game/824513/feed/live,R,2026,15:00.0,5,30,N,Final,113,144,2,5
824352,/api/v1.1/game/824352/feed/live,R,2026,10:00.0,5,30,N,Final,115,137,8,3
825000,/api/v1.1/game/825000/feed/live,R,2026,05:00.0,5,30,N,Final,133,147,6,4
823132,/api/v1.1/game/823132/feed/live,R,2026,10:00.0,5,30,N,Final,136,109,5,1
823945,/api/v1.1/game/823945/feed/live,R,2026,10:00.0,5,30,N,Final,119,143,3,4
824832,/api/v1.1/game/824832/feed/live,R,2026,15:00.0,5,31,N,Final,110,141,9,5
822729,/api/v1.1/game/822729/feed/live,R,2026,35:00.0,5,31,N,Final,120,135,4,2
823373,/api/v1.1/game/823373/feed/live,R,2026,35:00.0,5,31,N,Final,134,142,9,3
824430,/api/v1.1/game/824430/feed/live,R,2026,40:00.0,5,31,N,Final,114,111,4,9
822976,/api/v1.1/game/822976/feed/live,R,2026,40:00.0,5,31,N,Final,139,108,5,2
824512,/api/v1.1/game/824512/feed/live,R,2026,40:00.0,5,31,N,Final,113,144,6,4
823621,/api/v1.1/game/823621/feed/live,R,2026,40:00.0,5,31,N,Final,121,146,10,1
824592,/api/v1.1/game/824592/feed/live,R,2026,10:00.0,5,31,N,Final,145,116,2,1
824187,/api/v1.1/game/824187/feed/live,R,2026,10:00.0,5,31,N,Final,117,158,0,2
822895,/api/v1.1/game/822895/feed/live,R,2026,35:00.0,5,31,N,Final,140,118,6,3
824354,/api/v1.1/game/824354/feed/live,R,2026,10:00.0,5,31,N,Final,115,137,6,19
825001,/api/v1.1/game/825001/feed/live,R,2026,05:00.0,5,31,N,Final,133,147,8,13
823133,/api/v1.1/game/823133/feed/live,R,2026,10:00.0,5,31,N,Final,136,109,3,2
823944,/api/v1.1/game/823944/feed/live,R,2026,10:00.0,5,31,N,Final,119,143,9,1
823053,/api/v1.1/game/823053/feed/live,R,2026,20:00.0,5,31,N,Final,138,112,5,1
822974,/api/v1.1/game/822974/feed/live,R,2026,40:00.0,6,1,N,Final,139,116,9,10
822730,/api/v1.1/game/822730/feed/live,R,2026,45:00.0,6,1,N,Final,120,146,3,7
824510,/api/v1.1/game/824510/feed/live,R,2026,10:00.0,6,1,N,Final,113,118,2,9
823702,/api/v1.1/game/823702/feed/live,R,2026,40:00.0,6,1,N,Final,142,145,9,6
823781,/api/v1.1/game/823781/feed/live,R,2026,40:00.0,6,1,N,Final,158,137,16,2
823050,/api/v1.1/game/823050/feed/live,R,2026,45:00.0,6,1,N,Final,138,140,1,2
824027,/api/v1.1/game/824027/feed/live,R,2026,38:00.0,6,1,N,Final,108,115,8,9
825078,/api/v1.1/game/825078/feed/live,R,2026,40:00.0,6,1,N,Final,109,119,4,1
823131,/api/v1.1/game/823131/feed/live,R,2026,40:00.0,6,1,N,Final,136,121,3,2
822971,/api/v1.1/game/822971/feed/live,R,2026,40:00.0,6,2,N,Final,139,116,0,8
823460,/api/v1.1/game/823460/feed/live,R,2026,40:00.0,6,2,N,Final,143,135,3,2
824754,/api/v1.1/game/824754/feed/live,R,2026,45:00.0,6,2,N,Final,111,110,2,4
822728,/api/v1.1/game/822728/feed/live,R,2026,45:00.0,6,2,N,Final,120,146,3,7
823541,/api/v1.1/game/823541/feed/live,R,2026,05:00.0,6,2,N,Final,147,114,4,9
824511,/api/v1.1/game/824511/feed/live,R,2026,10:00.0,6,2,N,Final,113,118,4,3
824918,/api/v1.1/game/824918/feed/live,R,2026,15:00.0,6,2,N,Final,144,141,4,3
823700,/api/v1.1/game/823700/feed/live,R,2026,40:00.0,6,2,N,Final,142,145,6,4
823782,/api/v1.1/game/823782/feed/live,R,2026,40:00.0,6,2,N,Final,158,137,8,3
823052,/api/v1.1/game/823052/feed/live,R,2026,45:00.0,6,2,N,Final,138,140,4,7
824675,/api/v1.1/game/824675/feed/live,R,2026,05:00.0,6,2,N,Final,112,133,1,2
824189,/api/v1.1/game/824189/feed/live,R,2026,10:00.0,6,2,N,Final,117,134,6,10
824026,/api/v1.1/game/824026/feed/live,R,2026,38:00.0,6,2,N,Final,108,115,2,8
825079,/api/v1.1/game/825079/feed/live,R,2026,40:00.0,6,2,N,Final,109,119,5,6
823129,/api/v1.1/game/823129/feed/live,R,2026,40:00.0,6,2,N,Final,136,121,8,3
822727,/api/v1.1/game/822727/feed/live,R,2026,05:00.0,6,3,N,Final,120,146,1,4
822973,/api/v1.1/game/822973/feed/live,R,2026,10:00.0,6,3,N,Final,139,116,2,7
823701,/api/v1.1/game/823701/feed/live,R,2026,40:00.0,6,3,N,Final,142,145,0,8
823130,/api/v1.1/game/823130/feed/live,R,2026,40:00.0,6,3,N,Final,136,121,1,7
823456,/api/v1.1/game/823456/feed/live,R,2026,40:00.0,6,3,N,Final,143,135,3,2
824755,/api/v1.1/game/824755/feed/live,R,2026,45:00.0,6,3,N,Final,111,110,8,1
823540,/api/v1.1/game/823540/feed/live,R,2026,05:00.0,6,3,N,Final,147,114,4,5
824509,/api/v1.1/game/824509/feed/live,R,2026,10:00.0,6,3,N,Final,113,118,2,5
824917,/api/v1.1/game/824917/feed/live,R,2026,15:00.0,6,3,N,Final,144,141,7,3
823780,/api/v1.1/game/823780/feed/live,R,2026,40:00.0,6,3,N,Final,158,137,0,1
823051,/api/v1.1/game/823051/feed/live,R,2026,45:00.0,6,3,N,Final,138,140,5,3
824671,/api/v1.1/game/824671/feed/live,R,2026,05:00.0,6,3,N,Final,112,133,4,5
824188,/api/v1.1/game/824188/feed/live,R,2026,10:00.0,6,3,N,Final,117,134,11,9
824024,/api/v1.1/game/824024/feed/live,R,2026,38:00.0,6,3,N,Final,108,115,11,4
825077,/api/v1.1/game/825077/feed/live,R,2026,40:00.0,6,3,N,Final,109,119,0,7
823457,/api/v1.1/game/823457/feed/live,R,2026,05:00.0,6,4,N,Final,143,135,6,4
824753,/api/v1.1/game/824753/feed/live,R,2026,35:00.0,6,4,N,Final,111,110,2,8
823542,/api/v1.1/game/823542/feed/live,R,2026,35:00.0,6,4,N,Final,147,114,2,1
823779,/api/v1.1/game/823779/feed/live,R,2026,10:00.0,6,4,N,Final,158,137,9,12
824919,/api/v1.1/game/824919/feed/live,R,2026,15:00.0,6,4,N,Final,144,141,2,7
823698,/api/v1.1/game/823698/feed/live,R,2026,40:00.0,6,4,N,Final,142,118,6,8
824672,/api/v1.1/game/824672/feed/live,R,2026,05:00.0,6,4,N,Final,112,133,7,6
824185,/api/v1.1/game/824185/feed/live,R,2026,10:00.0,6,4,N,Final,117,134,1,5
825076,/api/v1.1/game/825076/feed/live,R,2026,40:00.0,6,4,N,Final,109,119,3,2
824673,/api/v1.1/game/824673/feed/live,R,2026,20:00.0,6,5,N,Final,112,137,3,18
824271,/api/v1.1/game/824271/feed/live,R,2026,40:00.0,6,5,N,Final,116,136,7,3
823455,/api/v1.1/game/823455/feed/live,R,2026,40:00.0,6,5,N,Final,143,145,8,6
823538,/api/v1.1/game/823538/feed/live,R,2026,05:00.0,6,5,N,Final,147,111,3,5
822810,/api/v1.1/game/822810/feed/live,R,2026,07:00.0,6,5,N,Final,141,110,3,13
823860,/api/v1.1/game/823860/feed/live,R,2026,10:00.0,6,5,N,Final,146,139,0,6
824914,/api/v1.1/game/824914/feed/live,R,2026,15:00.0,6,5,N,Final,144,134,6,3
824186,/api/v1.1/game/824186/feed/live,R,2026,10:00.0,6,5,N,Final,117,133,5,1
823049,/api/v1.1/game/823049/feed/live,R,2026,15:00.0,6,5,N,Final,138,113,10,3
822892,/api/v1.1/game/822892/feed/live,R,2026,15:00.0,6,5,N,Final,140,114,3,2
823699,/api/v1.1/game/823699/feed/live,R,2026,15:00.0,6,5,N,Final,142,118,5,3
824350,/api/v1.1/game/824350/feed/live,R,2026,40:00.0,6,5,N,Final,115,158,7,9
825073,/api/v1.1/game/825073/feed/live,R,2026,40:00.0,6,5,N,Final,109,120,1,14
823293,/api/v1.1/game/823293/feed/live,R,2026,40:00.0,6,5,N,Final,135,121,0,5
823943,/api/v1.1/game/823943/feed/live,R,2026,10:00.0,6,5,N,Final,119,108,1,0
824269,/api/v1.1/game/824269/feed/live,R,2026,10:00.0,6,6,N,Final,116,136,0,4
823697,/api/v1.1/game/823697/feed/live,R,2026,10:00.0,6,6,N,Final,142,118,2,3
823048,/api/v1.1/game/823048/feed/live,R,2026,15:00.0,6,6,N,Final,138,113,6,5
824669,/api/v1.1/game/824669/feed/live,R,2026,20:00.0,6,6,N,Final,112,137,3,2
822808,/api/v1.1/game/822808/feed/live,R,2026,07:00.0,6,6,N,Final,141,110,6,4
823454,/api/v1.1/game/823454/feed/live,R,2026,05:00.0,6,6,N,Final,143,145,3,6
825075,/api/v1.1/game/825075/feed/live,R,2026,10:00.0,6,6,N,Final,109,120,1,6
824184,/api/v1.1/game/824184/feed/live,R,2026,10:00.0,6,6,N,Final,117,133,13,2
824915,/api/v1.1/game/824915/feed/live,R,2026,10:00.0,6,6,N,Final,144,134,6,3
823859,/api/v1.1/game/823859/feed/live,R,2026,10:00.0,6,6,N,Final,146,139,4,3
822891,/api/v1.1/game/822891/feed/live,R,2026,35:00.0,6,6,N,Final,140,114,0,6
824351,/api/v1.1/game/824351/feed/live,R,2026,10:00.0,6,6,N,Final,115,158,1,7
823942,/api/v1.1/game/823942/feed/live,R,2026,10:00.0,6,6,N,Final,119,108,9,2
823292,/api/v1.1/game/823292/feed/live,R,2026,10:00.0,6,6,N,Final,135,121,3,2
824916,/api/v1.1/game/824916/feed/live,R,2026,35:00.0,6,7,N,Final,144,134,3,2
823453,/api/v1.1/game/823453/feed/live,R,2026,35:00.0,6,7,N,Final,143,145,9,5
823537,/api/v1.1/game/823537/feed/live,R,2026,35:00.0,6,7,N,Final,147,111,6,1
822807,/api/v1.1/game/822807/feed/live,R,2026,37:00.0,6,7,N,Final,141,110,6,4
824268,/api/v1.1/game/824268/feed/live,R,2026,40:00.0,6,7,N,Final,116,136,5,4
823857,/api/v1.1/game/823857/feed/live,R,2026,40:00.0,6,7,N,Final,146,139,4,1
824183,/api/v1.1/game/824183/feed/live,R,2026,10:00.0,6,7,N,Final,117,133,0,5
823696,/api/v1.1/game/823696/feed/live,R,2026,10:00.0,6,7,N,Final,142,118,5,6
823047,/api/v1.1/game/823047/feed/live,R,2026,15:00.0,6,7,N,Final,138,113,5,3
822890,/api/v1.1/game/822890/feed/live,R,2026,35:00.0,6,7,N,Final,140,114,10,0
824349,/api/v1.1/game/824349/feed/live,R,2026,10:00.0,6,7,N,Final,115,158,4,12
825074,/api/v1.1/game/825074/feed/live,R,2026,15:00.0,6,7,N,Final,109,120,5,1
823941,/api/v1.1/game/823941/feed/live,R,2026,10:00.0,6,7,N,Final,119,108,5,13
823291,/api/v1.1/game/823291/feed/live,R,2026,10:00.0,6,7,N,Final,135,121,3,7
824670,/api/v1.1/game/824670/feed/live,R,2026,30:00.0,6,7,N,Final,112,137,1,2
824829,/api/v1.1/game/824829/feed/live,R,2026,35:00.0,6,8,N,Final,110,136,3,6
822972,/api/v1.1/game/822972/feed/live,R,2026,40:00.0,6,8,N,Final,139,111,3,1
824427,/api/v1.1/game/824427/feed/live,R,2026,40:00.0,6,8,N,Final,114,147,5,7
822806,/api/v1.1/game/822806/feed/live,R,2026,07:00.0,6,8,N,Final,141,143,2,5
824025,/api/v1.1/game/824025/feed/live,R,2026,38:00.0,6,8,N,Final,108,117,4,5
823289,/api/v1.1/game/823289/feed/live,R,2026,40:00.0,6,8,N,Final,135,113,6,2
823218,/api/v1.1/game/823218/feed/live,R,2026,45:00.0,6,8,N,Final,137,120,3,4
824998,/api/v1.1/game/824998/feed/live,R,2026,05:00.0,6,8,N,Final,133,158,14,15
824830,/api/v1.1/game/824830/feed/live,R,2026,35:00.0,6,9,N,Final,110,136,5,6
823374,/api/v1.1/game/823374/feed/live,R,2026,40:00.0,6,9,N,Final,134,119,3,12
822969,/api/v1.1/game/822969/feed/live,R,2026,40:00.0,6,9,N,Final,139,111,4,3
824267,/api/v1.1/game/824267/feed/live,R,2026,40:00.0,6,9,N,Final,116,142,10,4
823858,/api/v1.1/game/823858/feed/live,R,2026,40:00.0,6,9,N,Final,146,109,10,6
824429,/api/v1.1/game/824429/feed/live,R,2026,40:00.0,6,9,N,Final,114,147,2,3
822805,/api/v1.1/game/822805/feed/live,R,2026,07:00.0,6,9,N,Final,141,143,3,2
823620,/api/v1.1/game/823620/feed/live,R,2026,10:00.0,6,9,N,Final,121,138,0,7
824105,/api/v1.1/game/824105/feed/live,R,2026,40:00.0,6,9,N,Final,118,140,5,3
824591,/api/v1.1/game/824591/feed/live,R,2026,40:00.0,6,9,N,Final,145,144,6,5
824347,/api/v1.1/game/824347/feed/live,R,2026,40:00.0,6,9,N,Final,115,112,7,3
824023,/api/v1.1/game/824023/feed/live,R,2026,38:00.0,6,9,N,Final,108,117,10,1
823290,/api/v1.1/game/823290/feed/live,R,2026,40:00.0,6,9,N,Final,135,113,3,5
823214,/api/v1.1/game/823214/feed/live,R,2026,45:00.0,6,9,N,Final,137,120,3,6
824999,/api/v1.1/game/824999/feed/live,R,2026,05:00.0,6,9,N,Final,133,158,7,5
822970,/api/v1.1/game/822970/feed/live,R,2026,10:00.0,6,10,N,Final,139,111,7,5
824428,/api/v1.1/game/824428/feed/live,R,2026,10:00.0,6,10,N,Final,114,147,4,8
823215,/api/v1.1/game/823215/feed/live,R,2026,45:00.0,6,10,N,Final,137,120,11,10
823287,/api/v1.1/game/823287/feed/live,R,2026,10:00.0,6,10,N,Final,135,113,5,4
824831,/api/v1.1/game/824831/feed/live,R,2026,35:00.0,6,10,N,Final,110,136,7,2
823372,/api/v1.1/game/823372/feed/live,R,2026,40:00.0,6,10,N,Final,134,119,9,8
824266,/api/v1.1/game/824266/feed/live,R,2026,40:00.0,6,10,N,Final,116,142,4,6
823856,/api/v1.1/game/823856/feed/live,R,2026,40:00.0,6,10,N,Final,146,109,8,0
822804,/api/v1.1/game/822804/feed/live,R,2026,07:00.0,6,10,N,Final,141,143,4,7
823618,/api/v1.1/game/823618/feed/live,R,2026,10:00.0,6,10,N,Final,121,138,2,9
824103,/api/v1.1/game/824103/feed/live,R,2026,40:00.0,6,10,N,Final,118,140,4,6
824590,/api/v1.1/game/824590/feed/live,R,2026,40:00.0,6,10,N,Final,145,144,2,1
824348,/api/v1.1/game/824348/feed/live,R,2026,40:00.0,6,10,N,Final,115,112,3,2
824996,/api/v1.1/game/824996/feed/live,R,2026,05:00.0,6,10,N,Final,133,158,4,3
824022,/api/v1.1/game/824022/feed/live,R,2026,38:00.0,6,10,N,Final,108,117,3,2
823619,/api/v1.1/game/823619/feed/live,R,2026,10:00.0,6,11,N,Final,121,138,5,4
824265,/api/v1.1/game/824265/feed/live,R,2026,10:00.0,6,11,N,Final,116,142,11,0
823855,/api/v1.1/game/823855/feed/live,R,2026,10:00.0,6,11,N,Final,146,109,2,0
824101,/api/v1.1/game/824101/feed/live,R,2026,10:00.0,6,11,N,Final,118,140,2,4
824346,/api/v1.1/game/824346/feed/live,R,2026,10:00.0,6,11,N,Final,115,112,3,9
823371,/api/v1.1/game/823371/feed/live,R,2026,40:00.0,6,11,N,Final,134,119,6,8
824827,/api/v1.1/game/824827/feed/live,R,2026,05:00.0,6,11,N,Final,110,136,7,5
823370,/api/v1.1/game/823370/feed/live,R,2026,40:00.0,6,12,N,Final,134,146,3,8
822726,/api/v1.1/game/822726/feed/live,R,2026,45:00.0,6,12,N,Final,120,136,2,10
824826,/api/v1.1/game/824826/feed/live,R,2026,05:00.0,6,12,N,Final,110,135,7,3
824425,/api/v1.1/game/824425/feed/live,R,2026,10:00.0,6,12,N,Final,114,116,3,2
824752,/api/v1.1/game/824752/feed/live,R,2026,10:00.0,6,12,N,Final,111,140,10,1
824507,/api/v1.1/game/824507/feed/live,R,2026,15:00.0,6,12,N,Final,113,109,2,5
823617,/api/v1.1/game/823617/feed/live,R,2026,15:00.0,6,12,N,Final,121,144,7,5
822803,/api/v1.1/game/822803/feed/live,R,2026,37:00.0,6,12,N,Final,141,147,8,5
824588,/api/v1.1/game/824588/feed/live,R,2026,40:00.0,6,12,N,Final,145,119,8,2
823778,/api/v1.1/game/823778/feed/live,R,2026,40:00.0,6,12,N,Final,158,143,6,0
824102,/api/v1.1/game/824102/feed/live,R,2026,10:00.0,6,12,N,Final,118,117,8,10
823695,/api/v1.1/game/823695/feed/live,R,2026,10:00.0,6,12,N,Final,142,138,9,8
824020,/api/v1.1/game/824020/feed/live,R,2026,38:00.0,6,12,N,Final,108,139,4,3
824997,/api/v1.1/game/824997/feed/live,R,2026,05:00.0,6,12,N,Final,133,115,6,4
823211,/api/v1.1/game/823211/feed/live,R,2026,15:00.0,6,12,N,Final,137,112,1,5
823694,/api/v1.1/game/823694/feed/live,R,2026,10:00.0,6,13,N,Final,142,138,6,9
822802,/api/v1.1/game/822802/feed/live,R,2026,07:00.0,6,13,N,Final,141,147,1,3
824828,/api/v1.1/game/824828/feed/live,R,2026,05:00.0,6,13,N,Final,110,135,3,9
822725,/api/v1.1/game/822725/feed/live,R,2026,05:00.0,6,13,N,Final,120,136,8,3
823369,/api/v1.1/game/823369/feed/live,R,2026,05:00.0,6,13,N,Final,134,146,3,2
824508,/api/v1.1/game/824508/feed/live,R,2026,10:00.0,6,13,N,Final,113,109,2,1
824426,/api/v1.1/game/824426/feed/live,R,2026,10:00.0,6,13,N,Final,114,116,3,1
824749,/api/v1.1/game/824749/feed/live,R,2026,10:00.0,6,13,N,Final,111,140,6,3
823616,/api/v1.1/game/823616/feed/live,R,2026,10:00.0,6,13,N,Final,121,144,1,3
824587,/api/v1.1/game/824587/feed/live,R,2026,10:00.0,6,13,N,Final,145,119,1,7
824100,/api/v1.1/game/824100/feed/live,R,2026,10:00.0,6,13,N,Final,118,117,7,8
823776,/api/v1.1/game/823776/feed/live,R,2026,10:00.0,6,13,N,Final,158,143,8,9
824995,/api/v1.1/game/824995/feed/live,R,2026,05:00.0,6,13,N,Final,133,115,7,5
823213,/api/v1.1/game/823213/feed/live,R,2026,05:00.0,6,13,N,Final,137,112,1,6
824019,/api/v1.1/game/824019/feed/live,R,2026,07:00.0,6,13,N,Final,108,139,8,0
823368,/api/v1.1/game/823368/feed/live,R,2026,15:00.0,6,14,N,Final,134,146,2,4
824823,/api/v1.1/game/824823/feed/live,R,2026,35:00.0,6,14,N,Final,110,135,2,5
822722,/api/v1.1/game/822722/feed/live,R,2026,35:00.0,6,14,N,Final,120,136,10,1
822801,/api/v1.1/game/822801/feed/live,R,2026,37:00.0,6,14,N,Final,141,147,3,8
824506,/api/v1.1/game/824506/feed/live,R,2026,40:00.0,6,14,N,Final,113,109,3,5
823615,/api/v1.1/game/823615/feed/live,R,2026,40:00.0,6,14,N,Final,121,144,8,1
824099,/api/v1.1/game/824099/feed/live,R,2026,10:00.0,6,14,N,Final,118,117,4,0
823693,/api/v1.1/game/823693/feed/live,R,2026,10:00.0,6,14,N,Final,142,138,5,4
824586,/api/v1.1/game/824586/feed/live,R,2026,10:00.0,6,14,N,Final,145,119,6,4
823777,/api/v1.1/game/823777/feed/live,R,2026,10:00.0,6,14,N,Final,158,143,4,0
824994,/api/v1.1/game/824994/feed/live,R,2026,05:00.0,6,14,N,Final,133,115,9,23
823212,/api/v1.1/game/823212/feed/live,R,2026,10:00.0,6,14,N,Final,137,112,5,1
824021,/api/v1.1/game/824021/feed/live,R,2026,07:00.0,6,14,N,Final,108,139,3,8
824751,/api/v1.1/game/824751/feed/live,R,2026,20:00.0,6,14,N,Final,111,140,4,6
823452,/api/v1.1/game/823452/feed/live,R,2026,40:00.0,6,15,N,Final,143,146,7,0
822724,/api/v1.1/game/822724/feed/live,R,2026,45:00.0,6,15,N,Final,120,118,7,3
824505,/api/v1.1/game/824505/feed/live,R,2026,10:00.0,6,15,N,Final,113,121,12,0
823046,/api/v1.1/game/823046/feed/live,R,2026,45:00.0,6,15,N,Final,138,135,3,0
824666,/api/v1.1/game/824666/feed/live,R,2026,05:00.0,6,15,N,Final,112,115,5,4
822887,/api/v1.1/game/822887/feed/live,R,2026,05:00.0,6,15,N,Final,140,142,2,4
824181,/api/v1.1/game/824181/feed/live,R,2026,10:00.0,6,15,N,Final,117,116,3,9
825071,/api/v1.1/game/825071/feed/live,R,2026,40:00.0,6,15,N,Final,109,108,4,3
824993,/api/v1.1/game/824993/feed/live,R,2026,40:00.0,6,15,N,Final,133,134,11,2
823938,/api/v1.1/game/823938/feed/live,R,2026,10:00.0,6,15,N,Final,119,139,4,3
823451,/api/v1.1/game/823451/feed/live,R,2026,40:00.0,6,16,N,Final,143,146,8,2
822723,/api/v1.1/game/822723/feed/live,R,2026,45:00.0,6,16,N,Final,120,118,6,4
824750,/api/v1.1/game/824750/feed/live,R,2026,45:00.0,6,16,N,Final,111,141,1,6
823535,/api/v1.1/game/823535/feed/live,R,2026,05:00.0,6,16,N,Final,147,145,12,2
824504,/api/v1.1/game/824504/feed/live,R,2026,10:00.0,6,16,N,Final,113,121,5,3
824912,/api/v1.1/game/824912/feed/live,R,2026,15:00.0,6,16,N,Final,144,137,2,7
823775,/api/v1.1/game/823775/feed/live,R,2026,40:00.0,6,16,N,Final,158,114,2,1
823045,/api/v1.1/game/823045/feed/live,R,2026,45:00.0,6,16,N,Final,138,135,3,2
824667,/api/v1.1/game/824667/feed/live,R,2026,05:00.0,6,16,N,Final,112,115,2,5
822888,/api/v1.1/game/822888/feed/live,R,2026,05:00.0,6,16,N,Final,140,142,2,12
824182,/api/v1.1/game/824182/feed/live,R,2026,10:00.0,6,16,N,Final,117,116,4,2
825070,/api/v1.1/game/825070/feed/live,R,2026,40:00.0,6,16,N,Final,109,108,0,7
824991,/api/v1.1/game/824991/feed/live,R,2026,40:00.0,6,16,N,Final,133,134,5,6
823128,/api/v1.1/game/823128/feed/live,R,2026,40:00.0,6,16,N,Final,136,110,3,1
823939,/api/v1.1/game/823939/feed/live,R,2026,10:00.0,6,16,N,Final,119,139,1,0
824503,/api/v1.1/game/824503/feed/live,R,2026,40:00.0,6,17,N,Final,113,121,1,9
822721,/api/v1.1/game/822721/feed/live,R,2026,05:00.0,6,17,N,Final,120,118,2,6
823450,/api/v1.1/game/823450/feed/live,R,2026,05:00.0,6,17,N,Final,143,146,4,12
824912,/api/v1.1/game/824912/feed/live,R,2026,00:00.0,6,17,N,Final,144,137,2,7
824178,/api/v1.1/game/824178/feed/live,R,2026,10:00.0,6,17,N,Final,117,116,4,2
823044,/api/v1.1/game/823044/feed/live,R,2026,15:00.0,6,17,N,Final,138,135,1,6
823940,/api/v1.1/game/823940/feed/live,R,2026,10:00.0,6,17,N,Final,119,139,5,4
825072,/api/v1.1/game/825072/feed/live,R,2026,40:00.0,6,17,N,Final,109,108,8,1
824746,/api/v1.1/game/824746/feed/live,R,2026,45:00.0,6,17,N,Final,111,141,0,3
823536,/api/v1.1/game/823536/feed/live,R,2026,05:00.0,6,17,N,Final,147,145,10,5
824913,/api/v1.1/game/824913/feed/live,R,2026,15:00.0,6,17,N,Final,144,137,5,7
823774,/api/v1.1/game/823774/feed/live,R,2026,40:00.0,6,17,N,Final,158,114,9,4
824668,/api/v1.1/game/824668/feed/live,R,2026,05:00.0,6,17,N,Final,112,115,8,6
824992,/api/v1.1/game/824992/feed/live,R,2026,40:00.0,6,17,N,Final,133,134,4,12
823127,/api/v1.1/game/823127/feed/live,R,2026,40:00.0,6,17,N,Final,136,110,3,5
824748,/api/v1.1/game/824748/feed/live,R,2026,35:00.0,6,18,N,Final,111,141,3,4
823772,/api/v1.1/game/823772/feed/live,R,2026,10:00.0,6,18,N,Final,158,114,2,4
822889,/api/v1.1/game/822889/feed/live,R,2026,35:00.0,6,18,N,Final,140,142,3,9
823125,/api/v1.1/game/823125/feed/live,R,2026,10:00.0,6,18,N,Final,136,110,3,0
823448,/api/v1.1/game/823448/feed/live,R,2026,40:00.0,6,18,N,Final,143,121,4,6
823533,/api/v1.1/game/823533/feed/live,R,2026,05:00.0,6,18,N,Final,147,145,1,5
824098,/api/v1.1/game/824098/feed/live,R,2026,40:00.0,6,18,N,Final,118,138,14,6
824989,/api/v1.1/game/824989/feed/live,R,2026,40:00.0,6,18,N,Final,133,108,5,0
824663,/api/v1.1/game/824663/feed/live,R,2026,20:00.0,6,19,N,Final,112,141,16,2
824264,/api/v1.1/game/824264/feed/live,R,2026,40:00.0,6,19,N,Final,116,145,4,3
823534,/api/v1.1/game/823534/feed/live,R,2026,05:00.0,6,19,N,Final,147,113,5,0
822966,/api/v1.1/game/822966/feed/live,R,2026,10:00.0,6,19,N,Final,139,120,5,2
823853,/api/v1.1/game/823853/feed/live,R,2026,10:00.0,6,19,N,Final,146,137,4,3
824910,/api/v1.1/game/824910/feed/live,R,2026,15:00.0,6,19,N,Final,144,158,3,2
822886,/api/v1.1/game/822886/feed/live,R,2026,05:00.0,6,19,N,Final,140,135,9,7
824179,/api/v1.1/game/824179/feed/live,R,2026,10:00.0,6,19,N,Final,117,114,9,3
824097,/api/v1.1/game/824097/feed/live,R,2026,15:00.0,6,19,N,Final,118,138,6,5
824345,/api/v1.1/game/824345/feed/live,R,2026,40:00.0,6,19,N,Final,115,134,4,3
824990,/api/v1.1/game/824990/feed/live,R,2026,40:00.0,6,19,N,Final,133,108,12,11
825069,/api/v1.1/game/825069/feed/live,R,2026,45:00.0,6,19,N,Final,109,142,9,5
823936,/api/v1.1/game/823936/feed/live,R,2026,10:00.0,6,19,N,Final,119,110,6,5
823124,/api/v1.1/game/823124/feed/live,R,2026,10:00.0,6,19,N,Final,136,111,2,6
824263,/api/v1.1/game/824263/feed/live,R,2026,10:00.0,6,20,N,Final,116,145,4,1
823532,/api/v1.1/game/823532/feed/live,R,2026,35:00.0,6,20,N,Final,147,113,2,10
824665,/api/v1.1/game/824665/feed/live,R,2026,20:00.0,6,20,N,Final,112,141,6,8
822885,/api/v1.1/game/822885/feed/live,R,2026,05:00.0,6,20,N,Final,140,135,4,6
822967,/api/v1.1/game/822967/feed/live,R,2026,10:00.0,6,20,N,Final,139,120,3,4
823854,/api/v1.1/game/823854/feed/live,R,2026,10:00.0,6,20,N,Final,146,137,6,3
824909,/api/v1.1/game/824909/feed/live,R,2026,10:00.0,6,20,N,Final,144,158,4,3
824180,/api/v1.1/game/824180/feed/live,R,2026,15:00.0,6,20,N,Final,117,114,1,8
823447,/api/v1.1/game/823447/feed/live,R,2026,15:00.0,6,20,N,Final,143,121,15,3
824342,/api/v1.1/game/824342/feed/live,R,2026,10:00.0,6,20,N,Final,115,134,2,1
824988,/api/v1.1/game/824988/feed/live,R,2026,05:00.0,6,20,N,Final,133,108,0,7
823937,/api/v1.1/game/823937/feed/live,R,2026,10:00.0,6,20,N,Final,119,110,2,3
823126,/api/v1.1/game/823126/feed/live,R,2026,10:00.0,6,20,N,Final,136,111,1,5
825068,/api/v1.1/game/825068/feed/live,R,2026,10:00.0,6,20,N,Final,109,142,8,16
823531,/api/v1.1/game/823531/feed/live,R,2026,35:00.0,6,21,N,Final,147,113,1,4
824908,/api/v1.1/game/824908/feed/live,R,2026,35:00.0,6,21,N,Final,144,158,4,9
822968,/api/v1.1/game/822968/feed/live,R,2026,40:00.0,6,21,N,Final,139,120,4,3
824260,/api/v1.1/game/824260/feed/live,R,2026,40:00.0,6,21,N,Final,116,145,5,4
823852,/api/v1.1/game/823852/feed/live,R,2026,40:00.0,6,21,N,Final,146,137,2,1
824177,/api/v1.1/game/824177/feed/live,R,2026,10:00.0,6,21,N,Final,117,114,2,1
824095,/api/v1.1/game/824095/feed/live,R,2026,10:00.0,6,21,N,Final,118,138,10,12
822883,/api/v1.1/game/822883/feed/live,R,2026,35:00.0,6,21,N,Final,140,135,4,3
824343,/api/v1.1/game/824343/feed/live,R,2026,10:00.0,6,21,N,Final,115,134,6,8
825067,/api/v1.1/game/825067/feed/live,R,2026,15:00.0,6,21,N,Final,109,142,2,4
824987,/api/v1.1/game/824987/feed/live,R,2026,05:00.0,6,21,N,Final,133,108,7,9
823934,/api/v1.1/game/823934/feed/live,R,2026,10:00.0,6,21,N,Final,119,110,1,12
823123,/api/v1.1/game/823123/feed/live,R,2026,10:00.0,6,21,N,Final,136,111,3,1
823449,/api/v1.1/game/823449/feed/live,R,2026,20:00.0,6,21,N,Final,143,121,6,2
824261,/api/v1.1/game/824261/feed/live,R,2026,10:00.0,6,22,N,Final,116,147,5,3
822964,/api/v1.1/game/822964/feed/live,R,2026,40:00.0,6,22,N,Final,139,118,1,2
823851,/api/v1.1/game/823851/feed/live,R,2026,40:00.0,6,22,N,Final,146,140,3,4
822720,/api/v1.1/game/822720/feed/live,R,2026,45:00.0,6,22,N,Final,120,143,4,1
822800,/api/v1.1/game/822800/feed/live,R,2026,07:00.0,6,22,N,Final,141,117,4,2
824502,/api/v1.1/game/824502/feed/live,R,2026,10:00.0,6,22,N,Final,113,158,1,2
823692,/api/v1.1/game/823692/feed/live,R,2026,40:00.0,6,22,N,Final,142,119,1,2
824585,/api/v1.1/game/824585/feed/live,R,2026,40:00.0,6,22,N,Final,145,114,6,5
823040,/api/v1.1/game/823040/feed/live,R,2026,45:00.0,6,22,N,Final,138,109,3,2
824344,/api/v1.1/game/824344/feed/live,R,2026,40:00.0,6,22,N,Final,115,111,3,2
824016,/api/v1.1/game/824016/feed/live,R,2026,38:00.0,6,22,N,Final,108,110,1,6
823288,/api/v1.1/game/823288/feed/live,R,2026,10:00.0,6,22,N,Final,135,144,1,0
822799,/api/v1.1/game/822799/feed/live,R,2026,07:00.0,6,23,N,Final,141,117,7,9
823365,/api/v1.1/game/823365/feed/live,R,2026,40:00.0,6,23,N,Final,134,136,2,3
822963,/api/v1.1/game/822963/feed/live,R,2026,40:00.0,6,23,N,Final,139,118,5,12
823849,/api/v1.1/game/823849/feed/live,R,2026,40:00.0,6,23,N,Final,146,140,6,4
824262,/api/v1.1/game/824262/feed/live,R,2026,40:00.0,6,23,N,Final,116,147,3,4
822718,/api/v1.1/game/822718/feed/live,R,2026,45:00.0,6,23,N,Final,120,143,9,14
823614,/api/v1.1/game/823614/feed/live,R,2026,10:00.0,6,23,N,Final,121,112,6,9
824501,/api/v1.1/game/824501/feed/live,R,2026,10:00.0,6,23,N,Final,113,158,0,2
823690,/api/v1.1/game/823690/feed/live,R,2026,40:00.0,6,23,N,Final,142,119,3,12
824584,/api/v1.1/game/824584/feed/live,R,2026,40:00.0,6,23,N,Final,145,114,2,1
823043,/api/v1.1/game/823043/feed/live,R,2026,45:00.0,6,23,N,Final,138,109,3,4
824340,/api/v1.1/game/824340/feed/live,R,2026,40:00.0,6,23,N,Final,115,111,2,5
824017,/api/v1.1/game/824017/feed/live,R,2026,38:00.0,6,23,N,Final,108,110,5,1
823286,/api/v1.1/game/823286/feed/live,R,2026,40:00.0,6,23,N,Final,135,144,7,6
823210,/api/v1.1/game/823210/feed/live,R,2026,45:00.0,6,23,N,Final,137,133,3,1
823850,/api/v1.1/game/823850/feed/live,R,2026,10:00.0,6,24,N,Final,146,140,4,2
823613,/api/v1.1/game/823613/feed/live,R,2026,10:00.0,6,24,S,Final,121,112,3,10
823611,/api/v1.1/game/823611/feed/live,R,2026,10:00.0,6,24,S,Final,121,112,5,10
824583,/api/v1.1/game/824583/feed/live,R,2026,10:00.0,6,24,N,Final,145,114,3,4
824341,/api/v1.1/game/824341/feed/live,R,2026,10:00.0,6,24,N,Final,115,111,8,6
824018,/api/v1.1/game/824018/feed/live,R,2026,07:00.0,6,24,N,Final,108,110,7,6
823367,/api/v1.1/game/823367/feed/live,R,2026,40:00.0,6,24,N,Final,134,136,11,1
822965,/api/v1.1/game/822965/feed/live,R,2026,40:00.0,6,24,N,Final,139,118,5,3
824259,/api/v1.1/game/824259/feed/live,R,2026,40:00.0,6,24,N,Final,116,147,2,4
822719,/api/v1.1/game/822719/feed/live,R,2026,45:00.0,6,24,N,Final,120,143,4,5
822798,/api/v1.1/game/822798/feed/live,R,2026,07:00.0,6,24,N,Final,141,117,1,3
824500,/api/v1.1/game/824500/feed/live,R,2026,10:00.0,6,24,N,Final,113,158,5,6
823691,/api/v1.1/game/823691/feed/live,R,2026,40:00.0,6,24,N,Final,142,119,3,4
823041,/api/v1.1/game/823041/feed/live,R,2026,45:00.0,6,24,N,Final,138,109,4,9
823284,/api/v1.1/game/823284/feed/live,R,2026,40:00.0,6,24,N,Final,135,144,5,2
823208,/api/v1.1/game/823208/feed/live,R,2026,45:00.0,6,24,N,Final,137,133,2,1
822961,/api/v1.1/game/822961/feed/live,R,2026,10:00.0,6,25,N,Final,139,118,13,2
823366,/api/v1.1/game/823366/feed/live,R,2026,35:00.0,6,25,N,Final,134,136,5,1
823209,/api/v1.1/game/823209/feed/live,R,2026,45:00.0,6,25,N,Final,137,133,6,9
824258,/api/v1.1/game/824258/feed/live,R,2026,40:00.0,6,25,N,Final,116,117,1,2
822717,/api/v1.1/game/822717/feed/live,R,2026,45:00.0,6,25,N,Final,120,143,5,10
822797,/api/v1.1/game/822797/feed/live,R,2026,07:00.0,6,25,N,Final,141,140,5,6
823612,/api/v1.1/game/823612/feed/live,R,2026,10:00.0,6,25,N,Final,121,112,3,4
824747,/api/v1.1/game/824747/feed/live,R,2026,10:00.0,6,25,N,Final,111,147,6,3
824255,/api/v1.1/game/824255/feed/live,R,2026,40:00.0,6,26,N,Final,116,117,8,0
823363,/api/v1.1/game/823363/feed/live,R,2026,40:00.0,6,26,N,Final,134,113,4,6
824824,/api/v1.1/game/824824/feed/live,R,2026,05:00.0,6,26,N,Final,110,120,3,1
822796,/api/v1.1/game/822796/feed/live,R,2026,07:00.0,6,26,N,Final,141,140,4,5
824423,/api/v1.1/game/824423/feed/live,R,2026,10:00.0,6,26,N,Final,114,136,1,3
822962,/api/v1.1/game/822962/feed/live,R,2026,10:00.0,6,26,N,Final,139,109,6,1
823610,/api/v1.1/game/823610/feed/live,R,2026,10:00.0,6,26,N,Final,121,143,1,2
824743,/api/v1.1/game/824743/feed/live,R,2026,10:00.0,6,26,N,Final,111,147,6,1
824582,/api/v1.1/game/824582/feed/live,R,2026,40:00.0,6,26,N,Final,145,118,22,1
823773,/api/v1.1/game/823773/feed/live,R,2026,45:00.0,6,26,N,Final,158,112,6,2
823688,/api/v1.1/game/823688/feed/live,R,2026,10:00.0,6,26,N,Final,142,115,9,8
823039,/api/v1.1/game/823039/feed/live,R,2026,15:00.0,6,26,N,Final,138,146,0,4
824014,/api/v1.1/game/824014/feed/live,R,2026,38:00.0,6,26,N,Final,108,133,3,9
823285,/api/v1.1/game/823285/feed/live,R,2026,45:00.0,6,26,N,Final,135,119,7,1
823206,/api/v1.1/game/823206/feed/live,R,2026,15:00.0,6,26,N,Final,137,144,1,3
824257,/api/v1.1/game/824257/feed/live,R,2026,10:00.0,6,27,N,Final,116,117,6,8
824745,/api/v1.1/game/824745/feed/live,R,2026,10:00.0,6,27,N,Final,111,147,4,1
822794,/api/v1.1/game/822794/feed/live,R,2026,07:00.0,6,27,N,Final,141,140,4,7
823364,/api/v1.1/game/823364/feed/live,R,2026,05:00.0,6,27,N,Final,134,113,7,9
823609,/api/v1.1/game/823609/feed/live,R,2026,10:00.0,6,27,N,Final,121,143,6,2
824581,/api/v1.1/game/824581/feed/live,R,2026,10:00.0,6,27,N,Final,145,118,2,1
822960,/api/v1.1/game/822960/feed/live,R,2026,10:00.0,6,27,N,Final,139,109,4,2
824825,/api/v1.1/game/824825/feed/live,R,2026,05:00.0,6,27,N,Final,110,120,3,4
824421,/api/v1.1/game/824421/feed/live,R,2026,10:00.0,6,27,N,Final,114,136,4,3
823689,/api/v1.1/game/823689/feed/live,R,2026,10:00.0,6,27,N,Final,142,115,5,8
823770,/api/v1.1/game/823770/feed/live,R,2026,10:00.0,6,27,N,Final,158,112,2,8
823038,/api/v1.1/game/823038/feed/live,R,2026,15:00.0,6,27,N,Final,138,146,1,5
823283,/api/v1.1/game/823283/feed/live,R,2026,40:00.0,6,27,N,Final,135,119,3,15
823207,/api/v1.1/game/823207/feed/live,R,2026,05:00.0,6,27,N,Final,137,144,5,0
824015,/api/v1.1/game/824015/feed/live,R,2026,38:00.0,6,27,N,Final,108,133,5,2
824821,/api/v1.1/game/824821/feed/live,R,2026,35:00.0,6,28,N,Final,110,120,4,6
823362,/api/v1.1/game/823362/feed/live,R,2026,35:00.0,6,28,N,Final,134,113,9,4
822795,/api/v1.1/game/822795/feed/live,R,2026,37:00.0,6,28,N,Final,141,140,2,3
824256,/api/v1.1/game/824256/feed/live,R,2026,40:00.0,6,28,N,Final,116,117,5,7
824422,/api/v1.1/game/824422/feed/live,R,2026,40:00.0,6,28,N,Final,114,136,6,5
822959,/api/v1.1/game/822959/feed/live,R,2026,40:00.0,6,28,N,Final,139,109,5,1
823608,/api/v1.1/game/823608/feed/live,R,2026,40:00.0,6,28,N,Final,121,143,4,5
823686,/api/v1.1/game/823686/feed/live,R,2026,10:00.0,6,28,N,Final,142,115,3,2
824580,/api/v1.1/game/824580/feed/live,R,2026,10:00.0,6,28,N,Final,145,118,4,5
823769,/api/v1.1/game/823769/feed/live,R,2026,10:00.0,6,28,N,Final,158,112,3,4
823037,/api/v1.1/game/823037/feed/live,R,2026,15:00.0,6,28,N,Final,138,146,2,1
824011,/api/v1.1/game/824011/feed/live,R,2026,15:00.0,6,28,N,Final,108,133,4,1
823204,/api/v1.1/game/823204/feed/live,R,2026,05:00.0,6,28,N,Final,137,144,3,2
823281,/api/v1.1/game/823281/feed/live,R,2026,10:00.0,6,28,N,Final,135,119,2,4
824744,/api/v1.1/game/824744/feed/live,R,2026,20:00.0,6,28,N,Final,111,147,5,4
824822,/api/v1.1/game/824822/feed/live,R,2026,35:00.0,6,29,N,Final,110,145,2,8
823444,/api/v1.1/game/823444/feed/live,R,2026,40:00.0,6,29,N,Final,143,134,7,11
823529,/api/v1.1/game/823529/feed/live,R,2026,05:00.0,6,29,N,Final,147,116,3,7
822792,/api/v1.1/game/822792/feed/live,R,2026,07:00.0,6,29,N,Final,141,121,2,1
824741,/api/v1.1/game/824741/feed/live,R,2026,10:00.0,6,29,N,Final,111,120,6,3
824420,/api/v1.1/game/824420/feed/live,R,2026,10:00.0,6,29,N,Final,114,140,3,6
823771,/api/v1.1/game/823771/feed/live,R,2026,40:00.0,6,29,N,Final,158,113,5,3
824662,/api/v1.1/game/824662/feed/live,R,2026,05:00.0,6,29,N,Final,112,135,3,2
824176,/api/v1.1/game/824176/feed/live,R,2026,10:00.0,6,29,N,Final,117,142,4,5
824339,/api/v1.1/game/824339/feed/live,R,2026,40:00.0,6,29,N,Final,115,146,7,10
824986,/api/v1.1/game/824986/feed/live,R,2026,40:00.0,6,29,N,Final,133,119,4,9
823121,/api/v1.1/game/823121/feed/live,R,2026,40:00.0,6,29,N,Final,136,108,6,2
825065,/api/v1.1/game/825065/feed/live,R,2026,40:00.0,6,29,N,Final,109,137,5,4
824819,/api/v1.1/game/824819/feed/live,R,2026,35:00.0,6,30,N,Final,110,145,3,9
824418,/api/v1.1/game/824418/feed/live,R,2026,40:00.0,6,30,N,Final,114,140,2,4
823445,/api/v1.1/game/823445/feed/live,R,2026,40:00.0,6,30,N,Final,143,134,8,0
823528,/api/v1.1/game/823528/feed/live,R,2026,05:00.0,6,30,N,Final,147,116,3,9
822793,/api/v1.1/game/822793/feed/live,R,2026,07:00.0,6,30,N,Final,141,121,0,3
824742,/api/v1.1/game/824742/feed/live,R,2026,10:00.0,6,30,N,Final,111,120,1,8
824907,/api/v1.1/game/824907/feed/live,R,2026,15:00.0,6,30,N,Final,144,138,3,5
824096,/api/v1.1/game/824096/feed/live,R,2026,40:00.0,6,30,N,Final,118,139,4,10
823768,/api/v1.1/game/823768/feed/live,R,2026,40:00.0,6,30,N,Final,158,113,7,2
824661,/api/v1.1/game/824661/feed/live,R,2026,05:00.0,6,30,N,Final,112,135,9,7
824175,/api/v1.1/game/824175/feed/live,R,2026,10:00.0,6,30,N,Final,117,142,6,4
824338,/api/v1.1/game/824338/feed/live,R,2026,40:00.0,6,30,N,Final,115,146,3,14
824984,/api/v1.1/game/824984/feed/live,R,2026,40:00.0,6,30,N,Final,133,119,3,9
823122,/api/v1.1/game/823122/feed/live,R,2026,40:00.0,6,30,N,Final,136,108,8,3
825066,/api/v1.1/game/825066/feed/live,R,2026,40:00.0,6,30,N,Final,109,137,8,2
824818,/api/v1.1/game/824818/feed/live,R,2026,35:00.0,7,1,N,Final,110,145,6,1
824419,/api/v1.1/game/824419/feed/live,R,2026,10:00.0,7,1,N,Final,114,140,9,4
824740,/api/v1.1/game/824740/feed/live,R,2026,35:00.0,7,1,N,Final,111,120,2,10
823530,/api/v1.1/game/823530/feed/live,R,2026,35:00.0,7,1,N,Final,147,116,2,6
824660,/api/v1.1/game/824660/feed/live,R,2026,20:00.0,7,1,N,Final,112,135,23,3
822791,/api/v1.1/game/822791/feed/live,R,2026,07:00.0,7,1,N,Final,141,121,9,3
823446,/api/v1.1/game/823446/feed/live,R,2026,40:00.0,7,1,N,Final,143,134,10,6
824905,/api/v1.1/game/824905/feed/live,R,2026,15:00.0,7,1,N,Final,144,138,5,1
824094,/api/v1.1/game/824094/feed/live,R,2026,40:00.0,7,1,N,Final,118,139,0,4
824174,/api/v1.1/game/824174/feed/live,R,2026,10:00.0,7,1,N,Final,117,142,3,8
823767,/api/v1.1/game/823767/feed/live,R,2026,10:00.0,7,1,N,Final,158,113,4,2
824337,/api/v1.1/game/824337/feed/live,R,2026,40:00.0,7,1,N,Final,115,146,6,3
824985,/api/v1.1/game/824985/feed/live,R,2026,40:00.0,7,1,N,Final,133,119,7,1
825064,/api/v1.1/game/825064/feed/live,R,2026,40:00.0,7,1,N,Final,109,137,4,6
823442,/api/v1.1/game/823442/feed/live,R,2026,35:00.0,7,2,N,Final,143,134,1,6
823765,/api/v1.1/game/823765/feed/live,R,2026,10:00.0,7,2,N,Final,158,113,2,7
824335,/api/v1.1/game/824335/feed/live,R,2026,10:00.0,7,2,N,Final,115,146,14,4
824416,/api/v1.1/game/824416/feed/live,R,2026,40:00.0,7,2,N,Final,114,145,6,5
824906,/api/v1.1/game/824906/feed/live,R,2026,15:00.0,7,2,N,Final,144,138,5,11
824093,/api/v1.1/game/824093/feed/live,R,2026,40:00.0,7,2,N,Final,118,139,2,5
822884,/api/v1.1/game/822884/feed/live,R,2026,05:00.0,7,2,N,Final,140,116,10,4
823119,/api/v1.1/game/823119/feed/live,R,2026,40:00.0,7,2,N,Final,136,108,1,0
823935,/api/v1.1/game/823935/feed/live,R,2026,10:00.0,7,2,N,Final,119,135,12,7
824659,/api/v1.1/game/824659/feed/live,R,2026,05:00.0,7,3,N,Final,112,138,1,17
822714,/api/v1.1/game/822714/feed/live,R,2026,45:00.0,7,3,N,Final,120,134,9,5
823527,/api/v1.1/game/823527/feed/live,R,2026,05:00.0,7,3,N,Final,147,142,5,2
824498,/api/v1.1/game/824498/feed/live,R,2026,10:00.0,7,3,N,Final,113,110,0,3
824417,/api/v1.1/game/824417/feed/live,R,2026,10:00.0,7,3,N,Final,114,145,4,3
824904,/api/v1.1/game/824904/feed/live,R,2026,15:00.0,7,3,N,Final,144,121,5,3
824336,/api/v1.1/game/824336/feed/live,R,2026,10:00.0,7,3,N,Final,115,137,15,3
824173,/api/v1.1/game/824173/feed/live,R,2026,15:00.0,7,3,N,Final,117,139,1,3
824013,/api/v1.1/game/824013/feed/live,R,2026,38:00.0,7,3,N,Final,108,111,2,5
824982,/api/v1.1/game/824982/feed/live,R,2026,40:00.0,7,3,N,Final,133,146,5,12
825062,/api/v1.1/game/825062/feed/live,R,2026,45:00.0,7,3,N,Final,109,158,4,7
823933,/api/v1.1/game/823933/feed/live,R,2026,10:00.0,7,3,N,Final,119,135,4,3
823120,/api/v1.1/game/823120/feed/live,R,2026,10:00.0,7,3,N,Final,136,141,0,2
822716,/api/v1.1/game/822716/feed/live,R,2026,05:00.0,7,4,N,Final,120,134,1,7
823526,/api/v1.1/game/823526/feed/live,R,2026,35:00.0,7,4,N,Final,147,142,4,11
822882,/api/v1.1/game/822882/feed/live,R,2026,05:00.0,7,4,N,Final,140,116,0,3
823118,/api/v1.1/game/823118/feed/live,R,2026,10:00.0,7,4,N,Final,136,141,11,0
824499,/api/v1.1/game/824499/feed/live,R,2026,10:00.0,7,4,N,Final,113,110,5,8
824171,/api/v1.1/game/824171/feed/live,R,2026,10:00.0,7,4,N,Final,117,139,10,8
824415,/api/v1.1/game/824415/feed/live,R,2026,10:00.0,7,4,N,Final,114,145,1,3
824658,/api/v1.1/game/824658/feed/live,R,2026,08:00.0,7,4,N,Final,112,138,0,3
824903,/api/v1.1/game/824903/feed/live,R,2026,08:00.0,7,4,N,Final,144,121,14,3
824334,/api/v1.1/game/824334/feed/live,R,2026,10:00.0,7,4,N,Final,115,137,4,6
824092,/api/v1.1/game/824092/feed/live,R,2026,10:00.0,7,4,N,Final,118,143,1,6
824012,/api/v1.1/game/824012/feed/live,R,2026,38:00.0,7,4,N,Final,108,111,1,8
824983,/api/v1.1/game/824983/feed/live,R,2026,40:00.0,7,4,N,Final,133,146,2,7
825063,/api/v1.1/game/825063/feed/live,R,2026,40:00.0,7,4,N,Final,109,158,4,3
823932,/api/v1.1/game/823932/feed/live,R,2026,10:00.0,7,4,N,Final,119,135,3,0
824902,/api/v1.1/game/824902/feed/live,R,2026,30:00.0,7,5,N,Final,144,121,9,10
822715,/api/v1.1/game/822715/feed/live,R,2026,00:00.0,7,5,N,Final,120,134,5,11
824497,/api/v1.1/game/824497/feed/live,R,2026,05:00.0,7,5,N,Final,113,110,3,2
823525,/api/v1.1/game/823525/feed/live,R,2026,35:00.0,7,5,N,Final,147,142,1,6
824413,/api/v1.1/game/824413/feed/live,R,2026,00:00.0,7,5,N,Final,114,145,6,7
824656,/api/v1.1/game/824656/feed/live,R,2026,30:00.0,7,5,N,Final,112,138,6,4
824091,/api/v1.1/game/824091/feed/live,R,2026,00:00.0,7,5,N,Final,118,143,5,2
824172,/api/v1.1/game/824172/feed/live,R,2026,30:00.0,7,5,N,Final,117,139,2,0
822879,/api/v1.1/game/822879/feed/live,R,2026,30:00.0,7,5,N,Final,140,116,3,6
824333,/api/v1.1/game/824333/feed/live,R,2026,00:00.0,7,5,N,Final,115,137,7,6
825061,/api/v1.1/game/825061/feed/live,R,2026,00:00.0,7,5,N,Final,109,158,2,3
824980,/api/v1.1/game/824980/feed/live,R,2026,30:00.0,7,5,N,Final,133,146,8,9
823117,/api/v1.1/game/823117/feed/live,R,2026,00:00.0,7,5,N,Final,136,141,4,0
823931,/api/v1.1/game/823931/feed/live,R,2026,20:00.0,7,5,N,Final,119,135,2,5
824010,/api/v1.1/game/824010/feed/live,R,2026,30:00.0,7,5,N,Final,108,111,5,7
824089,/api/v1.1/game/824089/feed/live,R,2026,10:00.0,7,6,N,Final,118,143,15,1
822958,/api/v1.1/game/822958/feed/live,R,2026,40:00.0,7,6,N,Final,139,147,1,5
822712,/api/v1.1/game/822712/feed/live,R,2026,45:00.0,7,6,N,Final,120,117,12,11
824900,/api/v1.1/game/824900/feed/live,R,2026,15:00.0,7,6,N,Final,144,121,6,7
823036,/api/v1.1/game/823036/feed/live,R,2026,45:00.0,7,6,N,Final,138,158,3,4
823282,/api/v1.1/game/823282/feed/live,R,2026,40:00.0,7,6,N,Final,135,109,0,8
823205,/api/v1.1/game/823205/feed/live,R,2026,45:00.0,7,6,N,Final,137,141,10,1
823930,/api/v1.1/game/823930/feed/live,R,2026,10:00.0,7,6,N,Final,119,115,8,7
823062,/api/v1.1/game/823062/feed/live,R,2026,15:00.0,7,7,S,Final,138,158,3,4
823035,/api/v1.1/game/823035/feed/live,R,2026,45:00.0,7,7,S,Final,138,158,2,10
824820,/api/v1.1/game/824820/feed/live,R,2026,35:00.0,7,7,N,Final,110,112,2,5
824254,/api/v1.1/game/824254/feed/live,R,2026,40:00.0,7,7,N,Final,116,133,6,2
823361,/api/v1.1/game/823361/feed/live,R,2026,40:00.0,7,7,N,Final,134,144,12,4
823847,/api/v1.1/game/823847/feed/live,R,2026,40:00.0,7,7,N,Final,146,136,6,5
822956,/api/v1.1/game/822956/feed/live,R,2026,40:00.0,7,7,N,Final,139,147,6,4
822713,/api/v1.1/game/822713/feed/live,R,2026,45:00.0,7,7,N,Final,120,117,3,6
823607,/api/v1.1/game/823607/feed/live,R,2026,10:00.0,7,7,N,Final,121,118,12,16
824495,/api/v1.1/game/824495/feed/live,R,2026,10:00.0,7,7,N,Final,113,143,1,4
823687,/api/v1.1/game/823687/feed/live,R,2026,40:00.0,7,7,N,Final,142,114,3,1
824579,/api/v1.1/game/824579/feed/live,R,2026,40:00.0,7,7,N,Final,145,111,1,8
822881,/api/v1.1/game/822881/feed/live,R,2026,05:00.0,7,7,N,Final,140,108,8,3
823280,/api/v1.1/game/823280/feed/live,R,2026,40:00.0,7,7,N,Final,135,109,4,1
823203,/api/v1.1/game/823203/feed/live,R,2026,45:00.0,7,7,N,Final,137,141,3,9
823929,/api/v1.1/game/823929/feed/live,R,2026,10:00.0,7,7,N,Final,119,115,3,4
823202,/api/v1.1/game/823202/feed/live,R,2026,45:00.0,7,8,N,Final,137,141,0,10
824815,/api/v1.1/game/824815/feed/live,R,2026,35:00.0,7,8,N,Final,110,112,7,9
824253,/api/v1.1/game/824253/feed/live,R,2026,40:00.0,7,8,N,Final,116,133,6,1
823360,/api/v1.1/game/823360/feed/live,R,2026,40:00.0,7,8,N,Final,134,144,0,3
823848,/api/v1.1/game/823848/feed/live,R,2026,40:00.0,7,8,N,Final,146,136,2,0
822957,/api/v1.1/game/822957/feed/live,R,2026,40:00.0,7,8,N,Final,139,147,3,0
822710,/api/v1.1/game/822710/feed/live,R,2026,45:00.0,7,8,N,Final,120,117,8,2
823605,/api/v1.1/game/823605/feed/live,R,2026,10:00.0,7,8,N,Final,121,118,6,2
824496,/api/v1.1/game/824496/feed/live,R,2026,10:00.0,7,8,N,Final,113,143,11,5
823684,/api/v1.1/game/823684/feed/live,R,2026,40:00.0,7,8,N,Final,142,114,6,5
824578,/api/v1.1/game/824578/feed/live,R,2026,40:00.0,7,8,N,Final,145,111,0,5
823032,/api/v1.1/game/823032/feed/live,R,2026,45:00.0,7,8,N,Final,138,158,5,1
822880,/api/v1.1/game/822880/feed/live,R,2026,05:00.0,7,8,N,Final,140,108,1,13
823928,/api/v1.1/game/823928/feed/live,R,2026,10:00.0,7,8,N,Final,119,115,4,3
823279,/api/v1.1/game/823279/feed/live,R,2026,10:00.0,7,8,N,Final,135,109,10,4
823359,/api/v1.1/game/823359/feed/live,R,2026,35:00.0,7,9,N,Final,134,144,5,10
823606,/api/v1.1/game/823606/feed/live,R,2026,10:00.0,7,9,N,Final,121,118,7,3
822954,/api/v1.1/game/822954/feed/live,R,2026,10:00.0,7,9,N,Final,139,147,4,12
824816,/api/v1.1/game/824816/feed/live,R,2026,35:00.0,7,9,N,Final,110,112,3,2
823683,/api/v1.1/game/823683/feed/live,R,2026,40:00.0,7,9,N,Final,142,114,2,5
824577,/api/v1.1/game/824577/feed/live,R,2026,10:00.0,7,9,N,Final,145,111,1,2
824251,/api/v1.1/game/824251/feed/live,R,2026,40:00.0,7,9,N,Final,116,133,4,1
823846,/api/v1.1/game/823846/feed/live,R,2026,40:00.0,7,9,N,Final,146,136,8,4
824494,/api/v1.1/game/824494/feed/live,R,2026,10:00.0,7,9,N,Final,113,143,0,1
823034,/api/v1.1/game/823034/feed/live,R,2026,45:00.0,7,9,N,Final,138,158,4,8
822877,/api/v1.1/game/822877/feed/live,R,2026,05:00.0,7,9,N,Final,140,108,7,6
823277,/api/v1.1/game/823277/feed/live,R,2026,40:00.0,7,9,N,Final,135,109,1,3
823201,/api/v1.1/game/823201/feed/live,R,2026,45:00.0,7,9,N,Final,137,115,8,2
824252,/api/v1.1/game/824252/feed/live,R,2026,40:00.0,7,10,N,Final,116,143,10,2
822709,/api/v1.1/game/822709/feed/live,R,2026,45:00.0,7,10,N,Final,120,147,3,5
824817,/api/v1.1/game/824817/feed/live,R,2026,05:00.0,7,10,N,Final,110,118,5,3
824493,/api/v1.1/game/824493/feed/live,R,2026,10:00.0,7,10,N,Final,113,112,4,0
822955,/api/v1.1/game/822955/feed/live,R,2026,10:00.0,7,10,N,Final,139,136,7,2
823845,/api/v1.1/game/823845/feed/live,R,2026,10:00.0,7,10,N,Final,146,114,2,3
823604,/api/v1.1/game/823604/feed/live,R,2026,15:00.0,7,10,N,Final,121,111,2,6
824575,/api/v1.1/game/824575/feed/live,R,2026,40:00.0,7,10,N,Final,145,133,14,1
822878,/api/v1.1/game/822878/feed/live,R,2026,05:00.0,7,10,N,Final,140,117,7,3
823685,/api/v1.1/game/823685/feed/live,R,2026,10:00.0,7,10,N,Final,142,108,3,4
823033,/api/v1.1/game/823033/feed/live,R,2026,15:00.0,7,10,N,Final,138,144,2,1
823278,/api/v1.1/game/823278/feed/live,R,2026,40:00.0,7,10,N,Final,135,141,3,5
823927,/api/v1.1/game/823927/feed/live,R,2026,10:00.0,7,10,N,Final,119,109,3,9
823200,/api/v1.1/game/823200/feed/live,R,2026,15:00.0,7,10,N,Final,137,115,3,4
823357,/api/v1.1/game/823357/feed/live,R,2026,05:00.0,7,11,S,Final,134,158,7,6
823356,/api/v1.1/game/823356/feed/live,R,2026,05:00.0,7,11,S,Final,134,158,3,2
823682,/api/v1.1/game/823682/feed/live,R,2026,10:00.0,7,11,N,Final,142,108,5,3
824576,/api/v1.1/game/824576/feed/live,R,2026,10:00.0,7,11,N,Final,145,133,1,0
823198,/api/v1.1/game/823198/feed/live,R,2026,05:00.0,7,11,N,Final,137,115,4,2
822711,/api/v1.1/game/822711/feed/live,R,2026,05:00.0,7,11,N,Final,120,147,2,4
823603,/api/v1.1/game/823603/feed/live,R,2026,10:00.0,7,11,N,Final,121,111,0,4
822953,/api/v1.1/game/822953/feed/live,R,2026,10:00.0,7,11,N,Final,139,136,6,1
823844,/api/v1.1/game/823844/feed/live,R,2026,10:00.0,7,11,N,Final,146,114,1,4
824249,/api/v1.1/game/824249/feed/live,R,2026,10:00.0,7,11,N,Final,116,143,2,4
824813,/api/v1.1/game/824813/feed/live,R,2026,05:00.0,7,11,N,Final,110,118,6,1
822875,/api/v1.1/game/822875/feed/live,R,2026,05:00.0,7,11,N,Final,140,117,3,9
824492,/api/v1.1/game/824492/feed/live,R,2026,10:00.0,7,11,N,Final,113,112,3,5
823030,/api/v1.1/game/823030/feed/live,R,2026,15:00.0,7,11,N,Final,138,144,4,1
823276,/api/v1.1/game/823276/feed/live,R,2026,40:00.0,7,11,N,Final,135,141,8,7
823926,/api/v1.1/game/823926/feed/live,R,2026,10:00.0,7,11,N,Final,119,109,2,9
823358,/api/v1.1/game/823358/feed/live,R,2026,15:00.0,7,12,N,Final,134,158,14,5
824814,/api/v1.1/game/824814/feed/live,R,2026,35:00.0,7,12,N,Final,110,118,8,2
822708,/api/v1.1/game/822708/feed/live,R,2026,35:00.0,7,12,N,Final,120,147,3,5
824491,/api/v1.1/game/824491/feed/live,R,2026,40:00.0,7,12,N,Final,113,112,4,8
823602,/api/v1.1/game/823602/feed/live,R,2026,40:00.0,7,12,N,Final,121,111,2,3
822951,/api/v1.1/game/822951/feed/live,R,2026,40:00.0,7,12,N,Final,139,136,2,8
824250,/api/v1.1/game/824250/feed/live,R,2026,40:00.0,7,12,N,Final,116,143,0,5
823842,/api/v1.1/game/823842/feed/live,R,2026,40:00.0,7,12,N,Final,146,114,2,5
823681,/api/v1.1/game/823681/feed/live,R,2026,10:00.0,7,12,N,Final,142,108,4,2
824574,/api/v1.1/game/824574/feed/live,R,2026,10:00.0,7,12,N,Final,145,133,9,1
823029,/api/v1.1/game/823029/feed/live,R,2026,15:00.0,7,12,N,Final,138,144,3,4
822876,/api/v1.1/game/822876/feed/live,R,2026,35:00.0,7,12,N,Final,140,117,6,5
823199,/api/v1.1/game/823199/feed/live,R,2026,05:00.0,7,12,N,Final,137,115,3,1
823925,/api/v1.1/game/823925/feed/live,R,2026,10:00.0,7,12,N,Final,119,109,3,5
823274,/api/v1.1/game/823274/feed/live,R,2026,10:00.0,7,12,N,Final,135,141,5,4
823440,/api/v1.1/game/823440/feed/live,R,2026,10:00.0,7,16,N,Final,143,121,1,4
824766,/api/v1.1/game/824766/feed/live,R,2026,35:00.0,7,17,S,Final,111,139,10,0
824737,/api/v1.1/game/824737/feed/live,R,2026,10:00.0,7,17,S,Final,111,139,5,3
823524,/api/v1.1/game/823524/feed/live,R,2026,05:00.0,7,17,N,Final,147,119,1,2
824901,/api/v1.1/game/824901/feed/live,R,2026,15:00.0,7,17,N,Final,144,140,15,1
822789,/api/v1.1/game/822789/feed/live,R,2026,15:00.0,7,17,N,Final,141,145,4,12
823766,/api/v1.1/game/823766/feed/live,R,2026,40:00.0,7,17,N,Final,158,146,2,1
824655,/api/v1.1/game/824655/feed/live,R,2026,05:00.0,7,17,N,Final,112,142,2,5
824170,/api/v1.1/game/824170/feed/live,R,2026,10:00.0,7,17,N,Final,117,110,2,3
824090,/api/v1.1/game/824090/feed/live,R,2026,10:00.0,7,17,N,Final,118,135,7,6
824332,/api/v1.1/game/824332/feed/live,R,2026,40:00.0,7,17,N,Final,115,113,2,7
824009,/api/v1.1/game/824009/feed/live,R,2026,38:00.0,7,17,N,Final,108,116,1,2
824981,/api/v1.1/game/824981/feed/live,R,2026,40:00.0,7,17,N,Final,133,120,4,23
825060,/api/v1.1/game/825060/feed/live,R,2026,40:00.0,7,17,N,Final,109,138,4,5
823115,/api/v1.1/game/823115/feed/live,R,2026,10:00.0,7,17,N,Final,136,137,0,7
824414,/api/v1.1/game/824414/feed/live,R,2026,10:00.0,7,18,S,Final,114,134,1,7
824412,/api/v1.1/game/824412/feed/live,R,2026,10:00.0,7,18,S,Final,114,134,5,3
824657,/api/v1.1/game/824657/feed/live,R,2026,20:00.0,7,18,N,Final,112,142,6,2
823441,/api/v1.1/game/823441/feed/live,R,2026,05:00.0,7,18,N,Final,143,121,6,1
822790,/api/v1.1/game/822790/feed/live,R,2026,07:00.0,7,18,N,Final,141,145,1,0
824331,/api/v1.1/game/824331/feed/live,R,2026,10:00.0,7,18,N,Final,115,113,10,3
824169,/api/v1.1/game/824169/feed/live,R,2026,10:00.0,7,18,N,Final,117,110,2,4
824088,/api/v1.1/game/824088/feed/live,R,2026,10:00.0,7,18,N,Final,118,135,6,1
825059,/api/v1.1/game/825059/feed/live,R,2026,10:00.0,7,18,N,Final,109,138,5,3
824738,/api/v1.1/game/824738/feed/live,R,2026,10:00.0,7,18,N,Final,111,139,7,6
824899,/api/v1.1/game/824899/feed/live,R,2026,10:00.0,7,18,N,Final,144,140,6,7
823763,/api/v1.1/game/823763/feed/live,R,2026,10:00.0,7,18,N,Final,158,146,8,6
823116,/api/v1.1/game/823116/feed/live,R,2026,08:00.0,7,18,N,Final,136,137,4,3
824979,/api/v1.1/game/824979/feed/live,R,2026,05:00.0,7,18,N,Final,133,120,15,1
824008,/api/v1.1/game/824008/feed/live,R,2026,07:00.0,7,18,N,Final,108,116,0,7
822786,/api/v1.1/game/822786/feed/live,R,2026,15:00.0,7,19,N,Final,141,145,0,3
823523,/api/v1.1/game/823523/feed/live,R,2026,35:00.0,7,19,S,Final,147,119,2,8
823521,/api/v1.1/game/823521/feed/live,R,2026,20:00.0,7,19,S,Final,147,119,2,1
824739,/api/v1.1/game/824739/feed/live,R,2026,35:00.0,7,19,N,Final,111,139,6,1
823439,/api/v1.1/game/823439/feed/live,R,2026,35:00.0,7,19,N,Final,143,121,1,6
824897,/api/v1.1/game/824897/feed/live,R,2026,35:00.0,7,19,N,Final,144,140,8,5
824411,/api/v1.1/game/824411/feed/live,R,2026,40:00.0,7,19,N,Final,114,134,1,7
824168,/api/v1.1/game/824168/feed/live,R,2026,10:00.0,7,19,N,Final,117,110,2,5
824086,/api/v1.1/game/824086/feed/live,R,2026,10:00.0,7,19,N,Final,118,135,2,19
823764,/api/v1.1/game/823764/feed/live,R,2026,10:00.0,7,19,N,Final,158,146,3,1
824653,/api/v1.1/game/824653/feed/live,R,2026,20:00.0,7,19,N,Final,112,142,10,1
824330,/api/v1.1/game/824330/feed/live,R,2026,10:00.0,7,19,N,Final,115,113,6,9
824978,/api/v1.1/game/824978/feed/live,R,2026,05:00.0,7,19,N,Final,133,120,2,5
824007,/api/v1.1/game/824007/feed/live,R,2026,07:00.0,7,19,N,Final,108,116,3,2
823113,/api/v1.1/game/823113/feed/live,R,2026,10:00.0,7,19,N,Final,136,137,6,3
825057,/api/v1.1/game/825057/feed/live,R,2026,10:00.0,7,19,N,Final,109,138,8,7
824410,/api/v1.1/game/824410/feed/live,R,2026,40:00.0,7,20,N,Final,114,142,13,4
823522,/api/v1.1/game/823522/feed/live,R,2026,05:00.0,7,20,N,Final,147,134,8,5
822788,/api/v1.1/game/822788/feed/live,R,2026,07:00.0,7,20,N,Final,141,139,1,7
824736,/api/v1.1/game/824736/feed/live,R,2026,10:00.0,7,20,N,Final,111,110,6,5
823436,/api/v1.1/game/823436/feed/live,R,2026,10:00.0,7,20,N,Final,143,119,10,7
824898,/api/v1.1/game/824898/feed/live,R,2026,15:00.0,7,20,N,Final,144,135,3,2
824087,/api/v1.1/game/824087/feed/live,R,2026,40:00.0,7,20,N,Final,118,137,4,3
823762,/api/v1.1/game/823762/feed/live,R,2026,40:00.0,7,20,N,Final,158,121,8,3
824654,/api/v1.1/game/824654/feed/live,R,2026,05:00.0,7,20,N,Final,112,116,6,8
822874,/api/v1.1/game/822874/feed/live,R,2026,05:00.0,7,20,N,Final,140,145,3,10
824167,/api/v1.1/game/824167/feed/live,R,2026,10:00.0,7,20,N,Final,117,146,8,5
824328,/api/v1.1/game/824328/feed/live,R,2026,40:00.0,7,20,N,Final,115,120,3,7
825058,/api/v1.1/game/825058/feed/live,R,2026,40:00.0,7,20,N,Final,109,133,2,5
823112,/api/v1.1/game/823112/feed/live,R,2026,40:00.0,7,20,N,Final,136,113,8,0
824006,/api/v1.1/game/824006/feed/live,R,2026,10:00.0,7,20,N,Final,108,138,3,2
824409,/api/v1.1/game/824409/feed/live,R,2026,40:00.0,7,21,N,Final,114,142,5,2
823437,/api/v1.1/game/823437/feed/live,R,2026,40:00.0,7,21,N,Final,143,119,1,2
822787,/api/v1.1/game/822787/feed/live,R,2026,07:00.0,7,21,N,Final,141,139,2,12
824895,/api/v1.1/game/824895/feed/live,R,2026,15:00.0,7,21,N,Final,144,135,3,8
824085,/api/v1.1/game/824085/feed/live,R,2026,40:00.0,7,21,N,Final,118,137,3,2
823760,/api/v1.1/game/823760/feed/live,R,2026,40:00.0,7,21,N,Final,158,121,0,4
824652,/api/v1.1/game/824652/feed/live,R,2026,05:00.0,7,21,N,Final,112,116,11,2
822871,/api/v1.1/game/822871/feed/live,R,2026,05:00.0,7,21,N,Final,140,145,10,0
824165,/api/v1.1/game/824165/feed/live,R,2026,10:00.0,7,21,N,Final,117,146,5,3
824329,/api/v1.1/game/824329/feed/live,R,2026,40:00.0,7,21,N,Final,115,120,8,7
824005,/api/v1.1/game/824005/feed/live,R,2026,38:00.0,7,21,N,Final,108,138,5,1
825056,/api/v1.1/game/825056/feed/live,R,2026,40:00.0,7,21,N,Final,109,133,6,5
823114,/api/v1.1/game/823114/feed/live,R,2026,40:00.0,7,21,N,Final,136,113,2,4
823518,/api/v1.1/game/823518/feed/live,R,2026,05:00.0,7,22,S,Final,147,134,3,5
823519,/api/v1.1/game/823519/feed/live,R,2026,05:00.0,7,22,S,Final,147,134,2,0
824735,/api/v1.1/game/824735/feed/live,R,2026,35:00.0,7,22,S,Final,111,110,6,3
824732,/api/v1.1/game/824732/feed/live,R,2026,10:00.0,7,22,S,Final,111,110,1,5
824083,/api/v1.1/game/824083/feed/live,R,2026,10:00.0,7,22,N,Final,118,137,5,4
823761,/api/v1.1/game/823761/feed/live,R,2026,10:00.0,7,22,N,Final,158,121,4,3
824327,/api/v1.1/game/824327/feed/live,R,2026,10:00.0,7,22,N,Final,115,120,0,8
825055,/api/v1.1/game/825055/feed/live,R,2026,40:00.0,7,22,N,Final,109,133,15,5
823110,/api/v1.1/game/823110/feed/live,R,2026,40:00.0,7,22,N,Final,136,113,3,5
824004,/api/v1.1/game/824004/feed/live,R,2026,07:00.0,7,22,N,Final,108,138,0,1
824408,/api/v1.1/game/824408/feed/live,R,2026,40:00.0,7,22,N,Final,114,142,6,10
823438,/api/v1.1/game/823438/feed/live,R,2026,40:00.0,7,22,N,Final,143,119,5,9
822784,/api/v1.1/game/822784/feed/live,R,2026,07:00.0,7,22,N,Final,141,139,2,4
824896,/api/v1.1/game/824896/feed/live,R,2026,15:00.0,7,22,N,Final,144,135,7,6
822873,/api/v1.1/game/822873/feed/live,R,2026,05:00.0,7,22,N,Final,140,145,2,4
824650,/api/v1.1/game/824650/feed/live,R,2026,10:00.0,7,22,N,Final,112,116,1,5
824166,/api/v1.1/game/824166/feed/live,R,2026,10:00.0,7,22,N,Final,117,146,5,2
824893,/api/v1.1/game/824893/feed/live,R,2026,15:00.0,7,23,N,Final,144,135,6,5
824406,/api/v1.1/game/824406/feed/live,R,2026,10:00.0,7,23,N,Final,114,142,1,3
822785,/api/v1.1/game/822785/feed/live,R,2026,07:00.0,7,23,N,Final,141,139,3,1
823042,/api/v1.1/game/823042/feed/live,R,2026,15:00.0,7,23,N,Final,138,109,6,10
824247,/api/v1.1/game/824247/feed/live,R,2026,40:00.0,7,23,N,Final,116,118,4,3
823759,/api/v1.1/game/823759/feed/live,R,2026,10:00.0,7,24,N,Final,158,115,2,5
824248,/api/v1.1/game/824248/feed/live,R,2026,40:00.0,7,24,N,Final,116,118,2,1
823352,/api/v1.1/game/823352/feed/live,R,2026,40:00.0,7,24,N,Final,134,112,2,3
822707,/api/v1.1/game/822707/feed/live,R,2026,45:00.0,7,24,N,Final,120,109,2,3
823434,/api/v1.1/game/823434/feed/live,R,2026,45:00.0,7,24,N,Final,143,147,0,1
824812,/api/v1.1/game/824812/feed/live,R,2026,05:00.0,7,24,N,Final,110,144,6,7
823601,/api/v1.1/game/823601/feed/live,R,2026,10:00.0,7,24,N,Final,121,119,2,4
822952,/api/v1.1/game/822952/feed/live,R,2026,10:00.0,7,24,N,Final,139,114,11,3
823843,/api/v1.1/game/823843/feed/live,R,2026,10:00.0,7,24,N,Final,146,135,2,4
824733,/api/v1.1/game/824733/feed/live,R,2026,15:00.0,7,24,N,Final,111,141,6,4
824573,/api/v1.1/game/824573/feed/live,R,2026,40:00.0,7,24,N,Final,145,117,5,9
822872,/api/v1.1/game/822872/feed/live,R,2026,05:00.0,7,24,N,Final,140,136,5,4
823680,/api/v1.1/game/823680/feed/live,R,2026,10:00.0,7,24,N,Final,142,133,0,2
823031,/api/v1.1/game/823031/feed/live,R,2026,15:00.0,7,24,N,Final,138,113,2,4
823196,/api/v1.1/game/823196/feed/live,R,2026,15:00.0,7,24,N,Final,137,108,7,6
824244,/api/v1.1/game/824244/feed/live,R,2026,10:00.0,7,25,N,Final,116,118,2,3
822704,/api/v1.1/game/822704/feed/live,R,2026,05:00.0,7,25,N,Final,120,109,5,3
823197,/api/v1.1/game/823197/feed/live,R,2026,05:00.0,7,25,N,Final,137,108,9,2
824734,/api/v1.1/game/824734/feed/live,R,2026,10:00.0,7,25,N,Final,111,141,0,6
823841,/api/v1.1/game/823841/feed/live,R,2026,10:00.0,7,25,N,Final,146,135,2,7
823435,/api/v1.1/game/823435/feed/live,R,2026,05:00.0,7,25,N,Final,143,147,1,3
822948,/api/v1.1/game/822948/feed/live,R,2026,10:00.0,7,25,N,Final,139,114,3,0
823355,/api/v1.1/game/823355/feed/live,R,2026,40:00.0,7,25,N,Final,134,112,0,11
824811,/api/v1.1/game/824811/feed/live,R,2026,05:00.0,7,25,N,Final,110,144,3,2
823679,/api/v1.1/game/823679/feed/live,R,2026,10:00.0,7,25,N,Final,142,133,2,0
824571,/api/v1.1/game/824571/feed/live,R,2026,10:00.0,7,25,N,Final,145,117,1,4
823758,/api/v1.1/game/823758/feed/live,R,2026,10:00.0,7,25,N,Final,158,115,8,5
823600,/api/v1.1/game/823600/feed/live,R,2026,15:00.0,7,25,N,Final,121,119,3,4
823027,/api/v1.1/game/823027/feed/live,R,2026,15:00.0,7,25,N,Final,138,113,7,0
822869,/api/v1.1/game/822869/feed/live,R,2026,15:00.0,7,25,N,Final,140,136,7,1
822950,/api/v1.1/game/822950/feed/live,R,2026,15:00.0,7,26,N,Final,139,114,1,0
822706,/api/v1.1/game/822706/feed/live,R,2026,35:00.0,7,26,N,Final,120,109,10,7
823354,/api/v1.1/game/823354/feed/live,R,2026,35:00.0,7,26,N,Final,134,112,8,7
824730,/api/v1.1/game/824730/feed/live,R,2026,35:00.0,7,26,N,Final,111,141,6,1
824810,/api/v1.1/game/824810/feed/live,R,2026,35:00.0,7,26,N,Final,110,144,2,3
824246,/api/v1.1/game/824246/feed/live,R,2026,40:00.0,7,26,N,Final,116,118,4,5
823599,/api/v1.1/game/823599/feed/live,R,2026,40:00.0,7,26,N,Final,121,119,8,3
823840,/api/v1.1/game/823840/feed/live,R,2026,40:00.0,7,26,N,Final,146,135,3,5
823678,/api/v1.1/game/823678/feed/live,R,2026,10:00.0,7,26,N,Final,142,133,11,8
824572,/api/v1.1/game/824572/feed/live,R,2026,10:00.0,7,26,N,Final,145,117,12,3
823755,/api/v1.1/game/823755/feed/live,R,2026,10:00.0,7,26,N,Final,158,115,11,2
823028,/api/v1.1/game/823028/feed/live,R,2026,15:00.0,7,26,N,Final,138,113,3,5
822870,/api/v1.1/game/822870/feed/live,R,2026,35:00.0,7,26,N,Final,140,136,4,6
823194,/api/v1.1/game/823194/feed/live,R,2026,05:00.0,7,26,N,Final,137,108,3,4
823433,/api/v1.1/game/823433/feed/live,R,2026,20:00.0,7,26,N,Final,143,147,11,4
822868,/api/v1.1/game/822868/feed/live,R,2026,35:00.0,7,27,N,Final,140,136,7,3
824245,/api/v1.1/game/824245/feed/live,R,2026,40:00.0,7,27,N,Final,116,110,5,8
823353,/api/v1.1/game/823353/feed/live,R,2026,40:00.0,7,27,N,Final,134,109,3,2
823839,/api/v1.1/game/823839/feed/live,R,2026,40:00.0,7,27,N,Final,146,143,8,7
822705,/api/v1.1/game/822705/feed/live,R,2026,45:00.0,7,27,N,Final,120,141,2,3
823597,/api/v1.1/game/823597/feed/live,R,2026,10:00.0,7,27,N,Final,121,144,14,3
824570,/api/v1.1/game/824570/feed/live,R,2026,40:00.0,7,27,N,Final,145,147,5,9
823025,/api/v1.1/game/823025/feed/live,R,2026,45:00.0,7,27,N,Final,138,112,3,7
824001,/api/v1.1/game/824001/feed/live,R,2026,38:00.0,7,27,N,Final,108,117,4,6
824977,/api/v1.1/game/824977/feed/live,R,2026,40:00.0,7,27,N,Final,133,111,2,4
823195,/api/v1.1/game/823195/feed/live,R,2026,45:00.0,7,27,N,Final,137,158,3,0
824490,/api/v1.1/game/824490/feed/live,R,2026,40:00.0,7,28,S,Final,113,114,5,6
824489,/api/v1.1/game/824489/feed/live,R,2026,10:00.0,7,28,S,Final,113,114,2,0
824243,/api/v1.1/game/824243/feed/live,R,2026,40:00.0,7,28,N,Final,116,110,14,0
823350,/api/v1.1/game/823350/feed/live,R,2026,40:00.0,7,28,N,Final,134,109,7,8
822949,/api/v1.1/game/822949/feed/live,R,2026,40:00.0,7,28,N,Final,139,140,1,4
823838,/api/v1.1/game/823838/feed/live,R,2026,40:00.0,7,28,N,Final,146,143,1,0
822703,/api/v1.1/game/822703/feed/live,R,2026,45:00.0,7,28,N,Final,120,141,8,6
823676,/api/v1.1/game/823676/feed/live,R,2026,40:00.0,7,28,N,Final,142,118,3,2
824569,/api/v1.1/game/824569/feed/live,R,2026,40:00.0,7,28,N,Final,145,147,2,3
823026,/api/v1.1/game/823026/feed/live,R,2026,45:00.0,7,28,N,Final,138,112,2,10
824003,/api/v1.1/game/824003/feed/live,R,2026,38:00.0,7,28,N,Final,108,117,2,3
824976,/api/v1.1/game/824976/feed/live,R,2026,40:00.0,7,28,N,Final,133,111,4,3
823275,/api/v1.1/game/823275/feed/live,R,2026,40:00.0,7,28,N,Final,135,115,8,7
823193,/api/v1.1/game/823193/feed/live,R,2026,45:00.0,7,28,N,Final,137,158,2,8
823923,/api/v1.1/game/823923/feed/live,R,2026,10:00.0,7,28,N,Final,119,136,6,7
823837,/api/v1.1/game/823837/feed/live,R,2026,10:00.0,7,29,N,Final,146,143,8,6
823351,/api/v1.1/game/823351/feed/live,R,2026,35:00.0,7,29,N,Final,134,109,0,3
822702,/api/v1.1/game/822702/feed/live,R,2026,05:00.0,7,29,N,Final,120,141,2,5
824242,/api/v1.1/game/824242/feed/live,R,2026,10:00.0,7,29,N,Final,116,110,9,10
823596,/api/v1.1/game/823596/feed/live,R,2026,10:00.0,7,29,S,Final,121,144,3,2
823598,/api/v1.1/game/823598/feed/live,R,2026,10:00.0,7,29,S,Final,121,144,0,1
823192,/api/v1.1/game/823192/feed/live,R,2026,45:00.0,7,29,N,Final,137,158,16,3
823273,/api/v1.1/game/823273/feed/live,R,2026,10:00.0,7,29,N,Final,135,115,3,1
822947,/api/v1.1/game/822947/feed/live,R,2026,40:00.0,7,29,N,Final,139,140,3,0
824487,/api/v1.1/game/824487/feed/live,R,2026,10:00.0,7,29,N,Final,113,114,1,6
823677,/api/v1.1/game/823677/feed/live,R,2026,40:00.0,7,29,N,Final,142,118,0,4
824567,/api/v1.1/game/824567/feed/live,R,2026,40:00.0,7,29,N,Final,145,147,6,5
823022,/api/v1.1/game/823022/feed/live,R,2026,45:00.0,7,29,N,Final,138,112,3,2
824002,/api/v1.1/game/824002/feed/live,R,2026,38:00.0,7,29,N,Final,108,117,4,7
824973,/api/v1.1/game/824973/feed/live,R,2026,40:00.0,7,29,N,Final,133,111,2,4
823924,/api/v1.1/game/823924/feed/live,R,2026,10:00.0,7,29,N,Final,119,136,4,2
822946,/api/v1.1/game/822946/feed/live,R,2026,10:00.0,7,30,N,Final,139,140,3,2
823674,/api/v1.1/game/823674/feed/live,R,2026,40:00.0,7,30,N,Final,142,118,4,3
824568,/api/v1.1/game/824568/feed/live,R,2026,10:00.0,7,30,N,Final,145,147,2,1
823023,/api/v1.1/game/823023/feed/live,R,2026,15:00.0,7,30,N,Final,138,112,2,4
824488,/api/v1.1/game/824488/feed/live,R,2026,10:00.0,7,30,N,Final,113,134,3,2
823595,/api/v1.1/game/823595/feed/live,R,2026,10:00.0,7,30,N,Final,121,146,4,2
824894,/api/v1.1/game/824894/feed/live,R,2026,15:00.0,7,30,N,Final,144,120,5,4
824974,/api/v1.1/game/824974/feed/live,R,2026,40:00.0,7,30,N,Final,133,111,4,5
823271,/api/v1.1/game/823271/feed/live,R,2026,40:00.0,7,30,N,Final,135,137,1,4
823921,/api/v1.1/game/823921/feed/live,R,2026,10:00.0,7,30,N,Final,119,136,6,2
824651,/api/v1.1/game/824651/feed/live,R,2026,20:00.0,7,31,N,Final,112,147,0,2
824486,/api/v1.1/game/824486/feed/live,R,2026,10:00.0,7,31,N,Final,113,134,8,7
824809,/api/v1.1/game/824809/feed/live,R,2026,05:00.0,7,31,N,Final,110,143,6,4
822782,/api/v1.1/game/822782/feed/live,R,2026,07:00.0,7,31,N,Final,141,138,3,1
824407,/api/v1.1/game/824407/feed/live,R,2026,10:00.0,7,31,N,Final,114,109,1,4
822945,/api/v1.1/game/822945/feed/live,R,2026,10:00.0,7,31,N,Final,139,145,1,6
823593,/api/v1.1/game/823593/feed/live,R,2026,10:00.0,7,31,N,Final,121,146,2,5
824892,/api/v1.1/game/824892/feed/live,R,2026,15:00.0,7,31,N,Final,144,120,6,2
824164,/api/v1.1/game/824164/feed/live,R,2026,15:00.0,7,31,N,Final,117,140,11,2
824325,/api/v1.1/game/824325/feed/live,R,2026,40:00.0,7,31,N,Final,115,118,3,1
823999,/api/v1.1/game/823999/feed/live,R,2026,38:00.0,7,31,N,Final,108,158,2,6
824975,/api/v1.1/game/824975/feed/live,R,2026,40:00.0,7,31,N,Final,133,116,1,13
823272,/api/v1.1/game/823272/feed/live,R,2026,45:00.0,7,31,N,Final,135,137,7,0
823922,/api/v1.1/game/823922/feed/live,R,2026,10:00.0,7,31,N,Final,119,111,4,9
823111,/api/v1.1/game/823111/feed/live,R,2026,10:00.0,7,31,N,Final,136,142,3,5
822781,/api/v1.1/game/822781/feed/live,R,2026,07:00.0,8,1,N,Final,141,138,5,1
823109,/api/v1.1/game/823109/feed/live,R,2026,10:00.0,8,1,N,Final,136,142,4,3
822944,/api/v1.1/game/822944/feed/live,R,2026,10:00.0,8,1,N,Final,139,145,1,0
823594,/api/v1.1/game/823594/feed/live,R,2026,10:00.0,8,1,N,Final,121,146,2,6
824485,/api/v1.1/game/824485/feed/live,R,2026,40:00.0,8,1,N,Final,113,134,1,4
824808,/api/v1.1/game/824808/feed/live,R,2026,05:00.0,8,1,N,Final,110,143,0,5
824162,/api/v1.1/game/824162/feed/live,R,2026,10:00.0,8,1,N,Final,117,140,5,4
824405,/api/v1.1/game/824405/feed/live,R,2026,15:00.0,8,1,N,Final,114,109,8,12
824890,/api/v1.1/game/824890/feed/live,R,2026,15:00.0,8,1,N,Final,144,120,8,3
824649,/api/v1.1/game/824649/feed/live,R,2026,15:00.0,8,1,N,Final,112,147,5,2
824326,/api/v1.1/game/824326/feed/live,R,2026,10:00.0,8,1,N,Final,115,118,12,6
823269,/api/v1.1/game/823269/feed/live,R,2026,40:00.0,8,1,N,Final,135,137,6,5
823920,/api/v1.1/game/823920/feed/live,R,2026,10:00.0,8,1,N,Final,119,111,2,3
824000,/api/v1.1/game/824000/feed/live,R,2026,38:00.0,8,1,N,Final,108,158,1,3
824972,/api/v1.1/game/824972/feed/live,R,2026,40:00.0,8,1,N,Final,133,116,6,8
824807,/api/v1.1/game/824807/feed/live,R,2026,35:00.0,8,2,N,Final,110,143,0,8
824891,/api/v1.1/game/824891/feed/live,R,2026,35:00.0,8,2,N,Final,144,120,4,2
822783,/api/v1.1/game/822783/feed/live,R,2026,37:00.0,8,2,N,Final,141,138,1,5
824404,/api/v1.1/game/824404/feed/live,R,2026,40:00.0,8,2,N,Final,114,109,5,0
824483,/api/v1.1/game/824483/feed/live,R,2026,40:00.0,8,2,N,Final,113,134,10,2
822943,/api/v1.1/game/822943/feed/live,R,2026,40:00.0,8,2,N,Final,139,145,1,9
823592,/api/v1.1/game/823592/feed/live,R,2026,40:00.0,8,2,N,Final,121,146,0,2
824163,/api/v1.1/game/824163/feed/live,R,2026,10:00.0,8,2,N,Final,117,140,7,3
824648,/api/v1.1/game/824648/feed/live,R,2026,20:00.0,8,2,N,Final,112,147,1,2
824323,/api/v1.1/game/824323/feed/live,R,2026,10:00.0,8,2,N,Final,115,118,8,1
823996,/api/v1.1/game/823996/feed/live,R,2026,15:00.0,8,2,N,Final,108,158,3,0
824971,/api/v1.1/game/824971/feed/live,R,2026,05:00.0,8,2,N,Final,133,116,0,11
823270,/api/v1.1/game/823270/feed/live,R,2026,10:00.0,8,2,N,Final,135,137,5,4
823107,/api/v1.1/game/823107/feed/live,R,2026,10:00.0,8,2,N,Final,136,142,7,6
823919,/api/v1.1/game/823919/feed/live,R,2026,20:00.0,8,2,N,Final,119,111,4,8
823431,/api/v1.1/game/823431/feed/live,R,2026,40:00.0,8,3,N,Final,143,120,6,3
823520,/api/v1.1/game/823520/feed/live,R,2026,05:00.0,8,3,N,Final,147,138,7,13
823757,/api/v1.1/game/823757/feed/live,R,2026,40:00.0,8,3,N,Final,158,134,3,4
824647,/api/v1.1/game/824647/feed/live,R,2026,05:00.0,8,3,N,Final,112,119,10,5
822867,/api/v1.1/game/822867/feed/live,R,2026,05:00.0,8,3,N,Final,140,137,1,5
824160,/api/v1.1/game/824160/feed/live,R,2026,10:00.0,8,3,N,Final,117,141,1,3
824324,/api/v1.1/game/824324/feed/live,R,2026,40:00.0,8,3,N,Final,115,139,9,13
825095,/api/v1.1/game/825095/feed/live,R,2026,40:00.0,8,3,N,Final,109,135,5,1
824805,/api/v1.1/game/824805/feed/live,R,2026,35:00.0,8,4,N,Final,110,108,3,1
824403,/api/v1.1/game/824403/feed/live,R,2026,40:00.0,8,4,N,Final,114,121,2,6
824484,/api/v1.1/game/824484/feed/live,R,2026,40:00.0,8,4,N,Final,113,133,5,4
823432,/api/v1.1/game/823432/feed/live,R,2026,40:00.0,8,4,N,Final,143,120,5,0
823517,/api/v1.1/game/823517/feed/live,R,2026,05:00.0,8,4,N,Final,147,138,2,0
824731,/api/v1.1/game/824731/feed/live,R,2026,10:00.0,8,4,N,Final,111,145,14,2
824888,/api/v1.1/game/824888/feed/live,R,2026,15:00.0,8,4,N,Final,144,146,4,2
824084,/api/v1.1/game/824084/feed/live,R,2026,40:00.0,8,4,N,Final,118,142,8,2
823756,/api/v1.1/game/823756/feed/live,R,2026,40:00.0,8,4,N,Final,158,134,4,2
824645,/api/v1.1/game/824645/feed/live,R,2026,05:00.0,8,4,N,Final,112,119,5,1
822865,/api/v1.1/game/822865/feed/live,R,2026,05:00.0,8,4,N,Final,140,137,5,4
824161,/api/v1.1/game/824161/feed/live,R,2026,10:00.0,8,4,N,Final,117,141,7,2
824321,/api/v1.1/game/824321/feed/live,R,2026,40:00.0,8,4,N,Final,115,139,7,9
825054,/api/v1.1/game/825054/feed/live,R,2026,40:00.0,8,4,N,Final,109,135,4,9
823108,/api/v1.1/game/823108/feed/live,R,2026,40:00.0,8,4,N,Final,136,116,0,8
824158,/api/v1.1/game/824158/feed/live,R,2026,10:00.0,8,5,N,Final,117,141,4,5
824646,/api/v1.1/game/824646/feed/live,R,2026,20:00.0,8,5,N,Final,112,119,7,6
822866,/api/v1.1/game/822866/feed/live,R,2026,35:00.0,8,5,N,Final,140,137,6,0
824322,/api/v1.1/game/824322/feed/live,R,2026,10:00.0,8,5,N,Final,115,139,0,4
824806,/api/v1.1/game/824806/feed/live,R,2026,35:00.0,8,5,N,Final,110,108,5,2
824402,/api/v1.1/game/824402/feed/live,R,2026,40:00.0,8,5,N,Final,114,121,5,6
824482,/api/v1.1/game/824482/feed/live,R,2026,40:00.0,8,5,N,Final,113,133,3,2
823429,/api/v1.1/game/823429/feed/live,R,2026,40:00.0,8,5,N,Final,143,120,4,10
823516,/api/v1.1/game/823516/feed/live,R,2026,05:00.0,8,5,N,Final,147,138,1,3
824728,/api/v1.1/game/824728/feed/live,R,2026,10:00.0,8,5,N,Final,111,145,4,0
824889,/api/v1.1/game/824889/feed/live,R,2026,15:00.0,8,5,N,Final,144,146,4,1
824082,/api/v1.1/game/824082/feed/live,R,2026,40:00.0,8,5,N,Final,118,142,2,1
823753,/api/v1.1/game/823753/feed/live,R,2026,40:00.0,8,5,N,Final,158,134,4,2
825052,/api/v1.1/game/825052/feed/live,R,2026,40:00.0,8,5,N,Final,109,135,10,4
823106,/api/v1.1/game/823106/feed/live,R,2026,40:00.0,8,5,N,Final,136,116,4,2
824804,/api/v1.1/game/824804/feed/live,R,2026,35:00.0,8,6,N,Final,110,108,1,4
824481,/api/v1.1/game/824481/feed/live,R,2026,40:00.0,8,6,N,Final,113,133,6,5
824401,/api/v1.1/game/824401/feed/live,R,2026,10:00.0,8,6,N,Final,114,121,6,13
823754,/api/v1.1/game/823754/feed/live,R,2026,10:00.0,8,6,N,Final,158,134,5,2
824664,/api/v1.1/game/824664/feed/live,R,2026,20:00.0,8,6,N,Final,112,141,3,2
823105,/api/v1.1/game/823105/feed/live,R,2026,10:00.0,8,6,N,Final,136,116,0,11
823430,/api/v1.1/game/823430/feed/live,R,2026,05:00.0,8,6,N,Final,143,120,7,3
824729,/api/v1.1/game/824729/feed/live,R,2026,10:00.0,8,6,N,Final,111,145,12,11
824885,/api/v1.1/game/824885/feed/live,R,2026,15:00.0,8,6,N,Final,144,146,11,3
824080,/api/v1.1/game/824080/feed/live,R,2026,40:00.0,8,6,N,Final,118,142,3,4
825053,/api/v1.1/game/825053/feed/live,R,2026,40:00.0,8,6,N,Final,109,135,1,5
823349,/api/v1.1/game/823349/feed/live,R,2026,40:00.0,8,7,N,Final,134,121,4,6
823428,/api/v1.1/game/823428/feed/live,R,2026,40:00.0,8,7,N,Final,143,141,4,5
822699,/api/v1.1/game/822699/feed/live,R,2026,45:00.0,8,7,N,Final,120,113,5,3
823515,/api/v1.1/game/823515/feed/live,R,2026,05:00.0,8,7,N,Final,147,144,3,2
824727,/api/v1.1/game/824727/feed/live,R,2026,10:00.0,8,7,N,Final,111,133,13,1
823836,/api/v1.1/game/823836/feed/live,R,2026,10:00.0,8,7,N,Final,146,108,3,4
824566,/api/v1.1/game/824566/feed/live,R,2026,40:00.0,8,7,N,Final,145,114,2,8
823750,/api/v1.1/game/823750/feed/live,R,2026,40:00.0,8,7,N,Final,158,142,6,8
824081,/api/v1.1/game/824081/feed/live,R,2026,10:00.0,8,7,N,Final,118,112,4,6
823024,/api/v1.1/game/823024/feed/live,R,2026,15:00.0,8,7,N,Final,138,115,3,2
822863,/api/v1.1/game/822863/feed/live,R,2026,15:00.0,8,7,N,Final,140,110,2,1
825051,/api/v1.1/game/825051/feed/live,R,2026,40:00.0,8,7,N,Final,109,119,4,3
823266,/api/v1.1/game/823266/feed/live,R,2026,40:00.0,8,7,N,Final,135,117,3,6
823103,/api/v1.1/game/823103/feed/live,R,2026,45:00.0,8,7,N,Final,136,139,1,2
823191,/api/v1.1/game/823191/feed/live,R,2026,15:00.0,8,7,N,Final,137,116,5,2
823514,/api/v1.1/game/823514/feed/live,R,2026,05:00.0,8,8,N,Final,147,144,5,4
824726,/api/v1.1/game/824726/feed/live,R,2026,10:00.0,8,8,N,Final,111,133,3,7
823834,/api/v1.1/game/823834/feed/live,R,2026,10:00.0,8,8,N,Final,146,108,7,0
823426,/api/v1.1/game/823426/feed/live,R,2026,05:00.0,8,8,N,Final,143,141,5,7
823348,/api/v1.1/game/823348/feed/live,R,2026,40:00.0,8,8,N,Final,134,121,9,0
822701,/api/v1.1/game/822701/feed/live,R,2026,45:00.0,8,8,N,Final,120,113,8,2
824079,/api/v1.1/game/824079/feed/live,R,2026,10:00.0,8,8,N,Final,118,112,6,3
823752,/api/v1.1/game/823752/feed/live,R,2026,10:00.0,8,8,N,Final,158,142,4,3
823267,/api/v1.1/game/823267/feed/live,R,2026,15:00.0,8,8,N,Final,135,117,3,2
823188,/api/v1.1/game/823188/feed/live,R,2026,15:00.0,8,8,N,Final,137,116,0,8
823021,/api/v1.1/game/823021/feed/live,R,2026,15:00.0,8,8,N,Final,138,115,6,8
822864,/api/v1.1/game/822864/feed/live,R,2026,15:00.0,8,8,N,Final,140,110,5,1
824565,/api/v1.1/game/824565/feed/live,R,2026,15:00.0,8,8,N,Final,145,114,6,3
825049,/api/v1.1/game/825049/feed/live,R,2026,10:00.0,8,8,N,Final,109,119,1,2
823102,/api/v1.1/game/823102/feed/live,R,2026,50:00.0,8,8,N,Final,136,139,2,3
822700,/api/v1.1/game/822700/feed/live,R,2026,15:00.0,8,9,N,Final,120,113,7,1
824724,/api/v1.1/game/824724/feed/live,R,2026,35:00.0,8,9,N,Final,111,133,3,4
823345,/api/v1.1/game/823345/feed/live,R,2026,35:00.0,8,9,N,Final,134,121,1,11
823425,/api/v1.1/game/823425/feed/live,R,2026,35:00.0,8,9,N,Final,143,141,7,6
823513,/api/v1.1/game/823513/feed/live,R,2026,35:00.0,8,9,N,Final,147,144,1,2
823835,/api/v1.1/game/823835/feed/live,R,2026,40:00.0,8,9,N,Final,146,108,12,3
824078,/api/v1.1/game/824078/feed/live,R,2026,10:00.0,8,9,N,Final,118,112,2,10
824564,/api/v1.1/game/824564/feed/live,R,2026,10:00.0,8,9,N,Final,145,114,5,3
823751,/api/v1.1/game/823751/feed/live,R,2026,10:00.0,8,9,N,Final,158,142,4,3
823020,/api/v1.1/game/823020/feed/live,R,2026,15:00.0,8,9,N,Final,138,115,7,4
822862,/api/v1.1/game/822862/feed/live,R,2026,35:00.0,8,9,N,Final,140,110,5,10
823190,/api/v1.1/game/823190/feed/live,R,2026,05:00.0,8,9,N,Final,137,116,1,3
825050,/api/v1.1/game/825050/feed/live,R,2026,10:00.0,8,9,N,Final,109,119,4,2
823104,/api/v1.1/game/823104/feed/live,R,2026,10:00.0,8,9,N,Final,136,139,1,4
823268,/api/v1.1/game/823268/feed/live,R,2026,20:00.0,8,9,N,Final,135,117,7,2
822780,/api/v1.1/game/822780/feed/live,R,2026,07:00.0,8,10,N,Final,141,111,2,1
824887,/api/v1.1/game/824887/feed/live,R,2026,15:00.0,8,10,N,Final,144,121,5,8
823675,/api/v1.1/game/823675/feed/live,R,2026,40:00.0,8,10,N,Final,142,110,9,5
823018,/api/v1.1/game/823018/feed/live,R,2026,45:00.0,8,10,N,Final,138,143,5,6
823998,/api/v1.1/game/823998/feed/live,R,2026,38:00.0,8,10,N,Final,108,140,1,4
825048,/api/v1.1/game/825048/feed/live,R,2026,40:00.0,8,10,N,Final,109,115,9,0
824969,/api/v1.1/game/824969/feed/live,R,2026,40:00.0,8,10,N,Final,133,139,6,10
823265,/api/v1.1/game/823265/feed/live,R,2026,40:00.0,8,10,N,Final,135,158,3,2
823189,/api/v1.1/game/823189/feed/live,R,2026,45:00.0,8,10,N,Final,137,117,3,6
823918,/api/v1.1/game/823918/feed/live,R,2026,10:00.0,8,10,N,Final,119,118,6,5
824240,/api/v1.1/game/824240/feed/live,R,2026,40:00.0,8,11,N,Final,116,114,6,4
823832,/api/v1.1/game/823832/feed/live,R,2026,40:00.0,8,11,N,Final,146,134,2,0
822697,/api/v1.1/game/822697/feed/live,R,2026,45:00.0,8,11,N,Final,120,112,6,8
823512,/api/v1.1/game/823512/feed/live,R,2026,05:00.0,8,11,N,Final,147,136,4,1
822778,/api/v1.1/game/822778/feed/live,R,2026,07:00.0,8,11,N,Final,141,111,5,3
824886,/api/v1.1/game/824886/feed/live,R,2026,15:00.0,8,11,N,Final,144,121,4,0
823673,/api/v1.1/game/823673/feed/live,R,2026,40:00.0,8,11,N,Final,142,110,2,5
824563,/api/v1.1/game/824563/feed/live,R,2026,40:00.0,8,11,N,Final,145,113,4,5
823019,/api/v1.1/game/823019/feed/live,R,2026,45:00.0,8,11,N,Final,138,143,2,0
823997,/api/v1.1/game/823997/feed/live,R,2026,38:00.0,8,11,N,Final,108,140,3,2
825046,/api/v1.1/game/825046/feed/live,R,2026,40:00.0,8,11,N,Final,109,115,2,3
824970,/api/v1.1/game/824970/feed/live,R,2026,40:00.0,8,11,N,Final,133,139,4,12
823264,/api/v1.1/game/823264/feed/live,R,2026,40:00.0,8,11,N,Final,135,158,11,2
823186,/api/v1.1/game/823186/feed/live,R,2026,45:00.0,8,11,N,Final,137,117,4,1
823917,/api/v1.1/game/823917/feed/live,R,2026,10:00.0,8,11,N,Final,119,118,5,4
823672,/api/v1.1/game/823672/feed/live,R,2026,40:00.0,8,12,N,Final,142,110,7,5
823017,/api/v1.1/game/823017/feed/live,R,2026,15:00.0,8,12,N,Final,138,143,7,1
824967,/api/v1.1/game/824967/feed/live,R,2026,05:00.0,8,12,N,Final,133,139,4,8
825047,/api/v1.1/game/825047/feed/live,R,2026,40:00.0,8,12,N,Final,109,115,4,6
823187,/api/v1.1/game/823187/feed/live,R,2026,45:00.0,8,12,N,Final,137,117,1,2
823263,/api/v1.1/game/823263/feed/live,R,2026,10:00.0,8,12,N,Final,135,158,4,3
824241,/api/v1.1/game/824241/feed/live,R,2026,40:00.0,8,12,N,Final,116,114,4,6
823833,/api/v1.1/game/823833/feed/live,R,2026,40:00.0,8,12,N,Final,146,134,8,2
822698,/api/v1.1/game/822698/feed/live,R,2026,45:00.0,8,12,N,Final,120,112,6,12
823511,/api/v1.1/game/823511/feed/live,R,2026,05:00.0,8,12,N,Final,147,136,10,5
822779,/api/v1.1/game/822779/feed/live,R,2026,07:00.0,8,12,N,Final,141,111,6,4
824883,/api/v1.1/game/824883/feed/live,R,2026,15:00.0,8,12,N,Final,144,121,6,3
824562,/api/v1.1/game/824562/feed/live,R,2026,40:00.0,8,12,N,Final,145,113,5,0
823916,/api/v1.1/game/823916/feed/live,R,2026,10:00.0,8,12,N,Final,119,118,4,2
823994,/api/v1.1/game/823994/feed/live,R,2026,10:00.0,8,12,N,Final,108,140,5,2
824238,/api/v1.1/game/824238/feed/live,R,2026,10:00.0,8,13,N,Final,116,114,3,0
824561,/api/v1.1/game/824561/feed/live,R,2026,10:00.0,8,13,N,Final,145,113,8,9
823829,/api/v1.1/game/823829/feed/live,R,2026,10:00.0,8,13,N,Final,146,134,1,13
823508,/api/v1.1/game/823508/feed/live,R,2026,35:00.0,8,13,N,Final,147,136,0,1
822776,/api/v1.1/game/822776/feed/live,R,2026,07:00.0,8,13,N,Final,141,111,0,7
822696,/api/v1.1/game/822696/feed/live,R,2026,05:00.0,8,13,N,Final,120,112,7,0
823669,/api/v1.1/game/823669/feed/live,R,2026,30:00.0,8,13,N,Final,142,143,1,7
823995,/api/v1.1/game/823995/feed/live,R,2026,07:00.0,8,13,N,Final,108,140,7,0
823915,/api/v1.1/game/823915/feed/live,R,2026,10:00.0,8,13,N,Final,119,158,4,5
824643,/api/v1.1/game/824643/feed/live,R,2026,20:00.0,8,14,N,Final,112,138,3,0
824479,/api/v1.1/game/824479/feed/live,R,2026,10:00.0,8,14,N,Final,113,146,1,0
823346,/api/v1.1/game/823346/feed/live,R,2026,40:00.0,8,14,N,Final,134,111,8,4
824237,/api/v1.1/game/824237/feed/live,R,2026,40:00.0,8,14,N,Final,116,145,5,9
823591,/api/v1.1/game/823591/feed/live,R,2026,10:00.0,8,14,N,Final,121,120,4,1
824399,/api/v1.1/game/824399/feed/live,R,2026,10:00.0,8,14,N,Final,114,135,5,7
822942,/api/v1.1/game/822942/feed/live,R,2026,10:00.0,8,14,N,Final,139,110,5,6
824882,/api/v1.1/game/824882/feed/live,R,2026,15:00.0,8,14,N,Final,144,109,0,2
822777,/api/v1.1/game/822777/feed/live,R,2026,15:00.0,8,14,N,Final,141,147,3,1
824159,/api/v1.1/game/824159/feed/live,R,2026,10:00.0,8,14,N,Final,117,136,10,7
823993,/api/v1.1/game/823993/feed/live,R,2026,38:00.0,8,14,N,Final,108,118,6,7
824968,/api/v1.1/game/824968/feed/live,R,2026,40:00.0,8,14,N,Final,133,140,8,3
823913,/api/v1.1/game/823913/feed/live,R,2026,10:00.0,8,14,N,Final,119,158,3,1
823185,/api/v1.1/game/823185/feed/live,R,2026,15:00.0,8,14,N,Final,137,115,2,5
824239,/api/v1.1/game/824239/feed/live,R,2026,10:00.0,8,15,N,Final,116,145,3,4
824644,/api/v1.1/game/824644/feed/live,R,2026,20:00.0,8,15,N,Final,112,138,4,8
822775,/api/v1.1/game/822775/feed/live,R,2026,07:00.0,8,15,N,Final,141,147,4,1
823184,/api/v1.1/game/823184/feed/live,R,2026,05:00.0,8,15,N,Final,137,115,7,1
823588,/api/v1.1/game/823588/feed/live,R,2026,10:00.0,8,15,N,Final,121,120,5,4
822941,/api/v1.1/game/822941/feed/live,R,2026,10:00.0,8,15,N,Final,139,110,3,4
824480,/api/v1.1/game/824480/feed/live,R,2026,40:00.0,8,15,N,Final,113,146,4,8
824400,/api/v1.1/game/824400/feed/live,R,2026,10:00.0,8,15,N,Final,114,135,6,1
824157,/api/v1.1/game/824157/feed/live,R,2026,10:00.0,8,15,N,Final,117,136,5,10
823671,/api/v1.1/game/823671/feed/live,R,2026,10:00.0,8,15,N,Final,142,143,1,9
823347,/api/v1.1/game/823347/feed/live,R,2026,15:00.0,8,15,N,Final,134,111,0,4
824884,/api/v1.1/game/824884/feed/live,R,2026,15:00.0,8,15,N,Final,144,109,3,10
823914,/api/v1.1/game/823914/feed/live,R,2026,15:00.0,8,15,N,Final,119,158,1,4
823990,/api/v1.1/game/823990/feed/live,R,2026,38:00.0,8,15,N,Final,108,118,1,0
824966,/api/v1.1/game/824966/feed/live,R,2026,40:00.0,8,15,N,Final,133,140,3,5
822940,/api/v1.1/game/822940/feed/live,R,2026,15:00.0,8,16,N,Final,139,110,2,10
823344,/api/v1.1/game/823344/feed/live,R,2026,35:00.0,8,16,N,Final,134,111,8,3
824880,/api/v1.1/game/824880/feed/live,R,2026,35:00.0,8,16,N,Final,144,109,5,3
822774,/api/v1.1/game/822774/feed/live,R,2026,37:00.0,8,16,N,Final,141,147,3,4
823590,/api/v1.1/game/823590/feed/live,R,2026,40:00.0,8,16,N,Final,121,120,4,3
824397,/api/v1.1/game/824397/feed/live,R,2026,40:00.0,8,16,N,Final,114,135,0,5
824236,/api/v1.1/game/824236/feed/live,R,2026,40:00.0,8,16,N,Final,116,145,5,7
824477,/api/v1.1/game/824477/feed/live,R,2026,40:00.0,8,16,N,Final,113,146,1,7
823670,/api/v1.1/game/823670/feed/live,R,2026,10:00.0,8,16,N,Final,142,143,5,7
824642,/api/v1.1/game/824642/feed/live,R,2026,15:00.0,8,16,N,Final,112,138,4,11
823182,/api/v1.1/game/823182/feed/live,R,2026,05:00.0,8,16,N,Final,137,115,7,13
824965,/api/v1.1/game/824965/feed/live,R,2026,05:00.0,8,16,N,Final,133,140,5,2
823991,/api/v1.1/game/823991/feed/live,R,2026,07:00.0,8,16,N,Final,108,118,0,3
823912,/api/v1.1/game/823912/feed/live,R,2026,10:00.0,8,16,N,Final,119,158,2,6
824156,/api/v1.1/game/824156/feed/live,R,2026,20:00.0,8,16,N,Final,117,136,2,3
824514,/api/v1.1/game/824514/feed/live,R,2026,40:00.0,8,17,S,Final,113,138,1,2
824478,/api/v1.1/game/824478/feed/live,R,2026,40:00.0,8,17,S,Final,113,138,6,5
822939,/api/v1.1/game/822939/feed/live,R,2026,05:00.0,8,17,N,Final,139,110,7,6
823427,/api/v1.1/game/823427/feed/live,R,2026,40:00.0,8,17,N,Final,143,146,6,5
823343,/api/v1.1/game/823343/feed/live,R,2026,05:00.0,8,17,N,Final,134,116,5,8
824725,/api/v1.1/game/824725/feed/live,R,2026,10:00.0,8,17,N,Final,111,109,11,1
823589,/api/v1.1/game/823589/feed/live,R,2026,10:00.0,8,17,N,Final,121,135,2,1
824077,/api/v1.1/game/824077/feed/live,R,2026,40:00.0,8,17,N,Final,118,133,9,5
823668,/api/v1.1/game/823668/feed/live,R,2026,40:00.0,8,17,N,Final,142,144,4,2
824641,/api/v1.1/game/824641/feed/live,R,2026,05:00.0,8,17,N,Final,112,145,7,5
824320,/api/v1.1/game/824320/feed/live,R,2026,40:00.0,8,17,N,Final,115,119,5,11
824803,/api/v1.1/game/824803/feed/live,R,2026,35:00.0,8,18,N,Final,110,147,1,3
823341,/api/v1.1/game/823341/feed/live,R,2026,40:00.0,8,18,N,Final,134,116,4,1
824398,/api/v1.1/game/824398/feed/live,R,2026,40:00.0,8,18,N,Final,114,137,8,1
824475,/api/v1.1/game/824475/feed/live,R,2026,40:00.0,8,18,N,Final,113,138,0,3
822938,/api/v1.1/game/822938/feed/live,R,2026,40:00.0,8,18,N,Final,139,141,5,10
823423,/api/v1.1/game/823423/feed/live,R,2026,40:00.0,8,18,N,Final,143,146,6,4
824723,/api/v1.1/game/824723/feed/live,R,2026,10:00.0,8,18,N,Final,111,109,9,4
823586,/api/v1.1/game/823586/feed/live,R,2026,10:00.0,8,18,N,Final,121,135,2,5
824075,/api/v1.1/game/824075/feed/live,R,2026,40:00.0,8,18,N,Final,118,133,4,3
823667,/api/v1.1/game/823667/feed/live,R,2026,40:00.0,8,18,N,Final,142,144,4,1
823749,/api/v1.1/game/823749/feed/live,R,2026,40:00.0,8,18,N,Final,158,136,22,0
822859,/api/v1.1/game/822859/feed/live,R,2026,05:00.0,8,18,N,Final,140,120,5,0
824639,/api/v1.1/game/824639/feed/live,R,2026,05:00.0,8,18,N,Final,112,145,4,3
824154,/api/v1.1/game/824154/feed/live,R,2026,10:00.0,8,18,N,Final,117,108,1,3
824319,/api/v1.1/game/824319/feed/live,R,2026,40:00.0,8,18,N,Final,115,119,6,7
823342,/api/v1.1/game/823342/feed/live,R,2026,35:00.0,8,19,N,Final,134,116,4,3
823587,/api/v1.1/game/823587/feed/live,R,2026,10:00.0,8,19,N,Final,121,135,4,2
823664,/api/v1.1/game/823664/feed/live,R,2026,40:00.0,8,19,N,Final,142,144,6,4
824640,/api/v1.1/game/824640/feed/live,R,2026,20:00.0,8,19,N,Final,112,145,0,3
824722,/api/v1.1/game/824722/feed/live,R,2026,10:00.0,8,19,N,Final,111,109,6,7
823424,/api/v1.1/game/823424/feed/live,R,2026,05:00.0,8,19,N,Final,143,146,4,1
824801,/api/v1.1/game/824801/feed/live,R,2026,35:00.0,8,19,N,Final,110,147,3,5
824394,/api/v1.1/game/824394/feed/live,R,2026,40:00.0,8,19,N,Final,114,137,0,1
824476,/api/v1.1/game/824476/feed/live,R,2026,40:00.0,8,19,N,Final,113,138,5,4
822937,/api/v1.1/game/822937/feed/live,R,2026,40:00.0,8,19,N,Final,139,141,7,6
824076,/api/v1.1/game/824076/feed/live,R,2026,40:00.0,8,19,N,Final,118,133,9,7
823748,/api/v1.1/game/823748/feed/live,R,2026,40:00.0,8,19,N,Final,158,136,5,7
822860,/api/v1.1/game/822860/feed/live,R,2026,05:00.0,8,19,N,Final,140,120,0,6
824155,/api/v1.1/game/824155/feed/live,R,2026,10:00.0,8,19,N,Final,117,108,3,2
824318,/api/v1.1/game/824318/feed/live,R,2026,40:00.0,8,19,N,Final,115,119,4,6
824474,/api/v1.1/game/824474/feed/live,R,2026,40:00.0,8,20,N,Final,113,138,9,10
824395,/api/v1.1/game/824395/feed/live,R,2026,10:00.0,8,20,N,Final,114,137,5,2
822934,/api/v1.1/game/822934/feed/live,R,2026,10:00.0,8,20,N,Final,139,141,1,5
824074,/api/v1.1/game/824074/feed/live,R,2026,10:00.0,8,20,N,Final,118,133,6,2
824589,/api/v1.1/game/824589/feed/live,R,2026,10:00.0,8,20,N,Final,145,144,0,2
823747,/api/v1.1/game/823747/feed/live,R,2026,10:00.0,8,20,N,Final,158,136,7,4
824802,/api/v1.1/game/824802/feed/live,R,2026,35:00.0,8,20,N,Final,110,147,1,6
822861,/api/v1.1/game/822861/feed/live,R,2026,05:00.0,8,20,N,Final,140,120,2,0
824153,/api/v1.1/game/824153/feed/live,R,2026,10:00.0,8,20,N,Final,117,108,3,18
823746,/api/v1.1/game/823746/feed/live,R,2026,10:00.0,8,21,N,Final,158,144,2,1
823420,/api/v1.1/game/823420/feed/live,R,2026,40:00.0,8,21,N,Final,143,138,7,6
823510,/api/v1.1/game/823510/feed/live,R,2026,05:00.0,8,21,N,Final,147,141,3,1
824721,/api/v1.1/game/824721/feed/live,R,2026,10:00.0,8,21,N,Final,111,137,6,4
823830,/api/v1.1/game/823830/feed/live,R,2026,10:00.0,8,21,N,Final,146,120,3,2
824800,/api/v1.1/game/824800/feed/live,R,2026,15:00.0,8,21,N,Final,110,139,5,3
824559,/api/v1.1/game/824559/feed/live,R,2026,40:00.0,8,21,N,Final,145,121,6,4
824072,/api/v1.1/game/824072/feed/live,R,2026,10:00.0,8,21,N,Final,118,116,5,2
824152,/api/v1.1/game/824152/feed/live,R,2026,10:00.0,8,21,N,Final,117,133,4,0
822857,/api/v1.1/game/822857/feed/live,R,2026,15:00.0,8,21,N,Final,140,108,2,1
824317,/api/v1.1/game/824317/feed/live,R,2026,40:00.0,8,21,N,Final,115,114,1,9
825045,/api/v1.1/game/825045/feed/live,R,2026,40:00.0,8,21,N,Final,109,113,9,0
823262,/api/v1.1/game/823262/feed/live,R,2026,40:00.0,8,21,N,Final,135,142,6,2
823911,/api/v1.1/game/823911/feed/live,R,2026,10:00.0,8,21,N,Final,119,134,5,4
823101,/api/v1.1/game/823101/feed/live,R,2026,10:00.0,8,21,N,Final,136,112,6,5
823509,/api/v1.1/game/823509/feed/live,R,2026,35:00.0,8,22,N,Final,147,141,3,4
823743,/api/v1.1/game/823743/feed/live,R,2026,10:00.0,8,22,N,Final,158,144,4,1
823831,/api/v1.1/game/823831/feed/live,R,2026,10:00.0,8,22,N,Final,146,120,4,2
823422,/api/v1.1/game/823422/feed/live,R,2026,05:00.0,8,22,N,Final,143,138,12,3
824798,/api/v1.1/game/824798/feed/live,R,2026,05:00.0,8,22,N,Final,110,139,3,2
822858,/api/v1.1/game/822858/feed/live,R,2026,05:00.0,8,22,N,Final,140,108,0,3
824151,/api/v1.1/game/824151/feed/live,R,2026,10:00.0,8,22,N,Final,117,133,3,4
824560,/api/v1.1/game/824560/feed/live,R,2026,10:00.0,8,22,N,Final,145,121,5,10
824073,/api/v1.1/game/824073/feed/live,R,2026,15:00.0,8,22,N,Final,118,116,3,1
823910,/api/v1.1/game/823910/feed/live,R,2026,15:00.0,8,22,N,Final,119,134,4,3
823100,/api/v1.1/game/823100/feed/live,R,2026,15:00.0,8,22,N,Final,136,112,5,4
824718,/api/v1.1/game/824718/feed/live,R,2026,15:00.0,8,22,N,Final,111,137,3,2
825044,/api/v1.1/game/825044/feed/live,R,2026,10:00.0,8,22,N,Final,109,113,5,11
824316,/api/v1.1/game/824316/feed/live,R,2026,10:00.0,8,22,N,Final,115,114,3,4
823261,/api/v1.1/game/823261/feed/live,R,2026,40:00.0,8,22,N,Final,135,142,7,5
824799,/api/v1.1/game/824799/feed/live,R,2026,35:00.0,8,23,N,Final,110,139,1,3
823421,/api/v1.1/game/823421/feed/live,R,2026,35:00.0,8,23,N,Final,143,138,6,4
823507,/api/v1.1/game/823507/feed/live,R,2026,35:00.0,8,23,N,Final,147,141,8,3
823827,/api/v1.1/game/823827/feed/live,R,2026,40:00.0,8,23,N,Final,146,120,6,2
824071,/api/v1.1/game/824071/feed/live,R,2026,10:00.0,8,23,N,Final,118,116,11,7
824150,/api/v1.1/game/824150/feed/live,R,2026,10:00.0,8,23,N,Final,117,133,6,7
824558,/api/v1.1/game/824558/feed/live,R,2026,10:00.0,8,23,N,Final,145,121,2,1
822856,/api/v1.1/game/822856/feed/live,R,2026,35:00.0,8,23,N,Final,140,108,5,3
824315,/api/v1.1/game/824315/feed/live,R,2026,10:00.0,8,23,N,Final,115,114,2,7
824720,/api/v1.1/game/824720/feed/live,R,2026,15:00.0,8,23,N,Final,111,137,5,4
823909,/api/v1.1/game/823909/feed/live,R,2026,10:00.0,8,23,N,Final,119,134,4,0
823099,/api/v1.1/game/823099/feed/live,R,2026,10:00.0,8,23,N,Final,136,112,2,19
823258,/api/v1.1/game/823258/feed/live,R,2026,10:00.0,8,23,N,Final,135,142,8,1
825043,/api/v1.1/game/825043/feed/live,R,2026,15:00.0,8,23,N,Final,109,113,5,3
823745,/api/v1.1/game/823745/feed/live,R,2026,10:00.0,8,23,N,Final,158,144,2,4
824235,/api/v1.1/game/824235/feed/live,R,2026,40:00.0,8,24,N,Final,116,139,1,4
823828,/api/v1.1/game/823828/feed/live,R,2026,40:00.0,8,24,N,Final,146,111,2,4
822695,/api/v1.1/game/822695/feed/live,R,2026,45:00.0,8,24,N,Final,120,115,13,3
824557,/api/v1.1/game/824557/feed/live,R,2026,40:00.0,8,24,N,Final,145,140,2,11
823992,/api/v1.1/game/823992/feed/live,R,2026,38:00.0,8,24,N,Final,108,114,2,4
825041,/api/v1.1/game/825041/feed/live,R,2026,40:00.0,8,24,N,Final,109,112,0,7
823260,/api/v1.1/game/823260/feed/live,R,2026,40:00.0,8,24,N,Final,135,134,2,3
824964,/api/v1.1/game/824964/feed/live,R,2026,40:00.0,8,24,N,Final,133,142,6,9
823097,/api/v1.1/game/823097/feed/live,R,2026,40:00.0,8,24,N,Final,136,143,9,2
823183,/api/v1.1/game/823183/feed/live,R,2026,45:00.0,8,24,N,Final,137,113,5,0
824233,/api/v1.1/game/824233/feed/live,R,2026,40:00.0,8,25,N,Final,116,139,4,1
823826,/api/v1.1/game/823826/feed/live,R,2026,40:00.0,8,25,N,Final,146,111,3,7
822693,/api/v1.1/game/822693/feed/live,R,2026,45:00.0,8,25,N,Final,120,115,1,3
823505,/api/v1.1/game/823505/feed/live,R,2026,05:00.0,8,25,N,Final,147,117,7,9
822773,/api/v1.1/game/822773/feed/live,R,2026,07:00.0,8,25,N,Final,141,118,3,5
823585,/api/v1.1/game/823585/feed/live,R,2026,10:00.0,8,25,N,Final,121,158,3,2
824881,/api/v1.1/game/824881/feed/live,R,2026,15:00.0,8,25,N,Final,144,119,4,3
824556,/api/v1.1/game/824556/feed/live,R,2026,40:00.0,8,25,N,Final,145,140,11,7
823016,/api/v1.1/game/823016/feed/live,R,2026,45:00.0,8,25,N,Final,138,110,1,13
823989,/api/v1.1/game/823989/feed/live,R,2026,38:00.0,8,25,N,Final,108,114,6,8
825042,/api/v1.1/game/825042/feed/live,R,2026,40:00.0,8,25,N,Final,109,112,5,4
823259,/api/v1.1/game/823259/feed/live,R,2026,40:00.0,8,25,N,Final,135,134,0,1
824962,/api/v1.1/game/824962/feed/live,R,2026,40:00.0,8,25,N,Final,133,142,4,2
823098,/api/v1.1/game/823098/feed/live,R,2026,40:00.0,8,25,N,Final,136,143,4,1
823181,/api/v1.1/game/823181/feed/live,R,2026,45:00.0,8,25,N,Final,137,113,3,1
824234,/api/v1.1/game/824234/feed/live,R,2026,10:00.0,8,26,N,Final,116,139,0,3
825039,/api/v1.1/game/825039/feed/live,R,2026,40:00.0,8,26,N,Final,109,112,2,0
823180,/api/v1.1/game/823180/feed/live,R,2026,45:00.0,8,26,N,Final,137,113,9,10
823988,/api/v1.1/game/823988/feed/live,R,2026,07:00.0,8,26,N,Final,108,114,3,4
823255,/api/v1.1/game/823255/feed/live,R,2026,10:00.0,8,26,N,Final,135,134,3,0
823096,/api/v1.1/game/823096/feed/live,R,2026,10:00.0,8,26,N,Final,136,143,0,6
823825,/api/v1.1/game/823825/feed/live,R,2026,40:00.0,8,26,N,Final,146,111,4,0
822692,/api/v1.1/game/822692/feed/live,R,2026,45:00.0,8,26,N,Final,120,115,1,13
823506,/api/v1.1/game/823506/feed/live,R,2026,05:00.0,8,26,N,Final,147,117,9,3
822772,/api/v1.1/game/822772/feed/live,R,2026,07:00.0,8,26,N,Final,141,118,3,0
823584,/api/v1.1/game/823584/feed/live,R,2026,10:00.0,8,26,N,Final,121,158,1,8
824878,/api/v1.1/game/824878/feed/live,R,2026,15:00.0,8,26,N,Final,144,119,6,5
824555,/api/v1.1/game/824555/feed/live,R,2026,40:00.0,8,26,N,Final,145,140,10,4
823015,/api/v1.1/game/823015/feed/live,R,2026,45:00.0,8,26,N,Final,138,110,7,8
824963,/api/v1.1/game/824963/feed/live,R,2026,05:00.0,8,26,N,Final,133,142,7,4
822694,/api/v1.1/game/822694/feed/live,R,2026,05:00.0,8,27,N,Final,120,115,7,1
823014,/api/v1.1/game/823014/feed/live,R,2026,15:00.0,8,27,N,Final,138,110,7,5
823503,/api/v1.1/game/823503/feed/live,R,2026,05:00.0,8,27,N,Final,147,117,1,5
822771,/api/v1.1/game/822771/feed/live,R,2026,07:00.0,8,27,N,Final,141,118,2,13
823581,/api/v1.1/game/823581/feed/live,R,2026,10:00.0,8,27,N,Final,121,158,2,8
824879,/api/v1.1/game/824879/feed/live,R,2026,15:00.0,8,27,N,Final,144,119,1,0
823179,/api/v1.1/game/823179/feed/live,R,2026,45:00.0,8,27,N,Final,137,109,6,1
824638,/api/v1.1/game/824638/feed/live,R,2026,20:00.0,8,28,N,Final,112,113,8,10
824231,/api/v1.1/game/824231/feed/live,R,2026,40:00.0,8,28,N,Final,116,119,1,2
822691,/api/v1.1/game/822691/feed/live,R,2026,45:00.0,8,28,N,Final,120,146,9,2
824396,/api/v1.1/game/824396/feed/live,R,2026,10:00.0,8,28,N,Final,114,118,0,3
823583,/api/v1.1/game/823583/feed/live,R,2026,10:00.0,8,28,N,Final,121,117,1,3
822935,/api/v1.1/game/822935/feed/live,R,2026,10:00.0,8,28,N,Final,139,135,9,4
822769,/api/v1.1/game/822769/feed/live,R,2026,15:00.0,8,28,N,Final,141,136,8,1
824877,/api/v1.1/game/824877/feed/live,R,2026,15:00.0,8,28,N,Final,144,115,6,4
823504,/api/v1.1/game/823504/feed/live,R,2026,15:00.0,8,28,N,Final,147,111,1,0
823744,/api/v1.1/game/823744/feed/live,R,2026,40:00.0,8,28,N,Final,158,140,6,1
823666,/api/v1.1/game/823666/feed/live,R,2026,10:00.0,8,28,N,Final,142,145,4,7
823013,/api/v1.1/game/823013/feed/live,R,2026,15:00.0,8,28,N,Final,138,134,4,1
823985,/api/v1.1/game/823985/feed/live,R,2026,38:00.0,8,28,N,Final,108,143,3,5
824960,/api/v1.1/game/824960/feed/live,R,2026,40:00.0,8,28,N,Final,133,110,3,4
823178,/api/v1.1/game/823178/feed/live,R,2026,15:00.0,8,28,N,Final,137,109,6,10
823539,/api/v1.1/game/823539/feed/live,R,2026,05:00.0,8,29,S,Final,147,111,0,6
823501,/api/v1.1/game/823501/feed/live,R,2026,15:00.0,8,29,S,Final,147,111,9,2
824230,/api/v1.1/game/824230/feed/live,R,2026,10:00.0,8,29,N,Final,116,119,2,1
823665,/api/v1.1/game/823665/feed/live,R,2026,10:00.0,8,29,N,Final,142,145,2,3
823011,/api/v1.1/game/823011/feed/live,R,2026,15:00.0,8,29,N,Final,138,134,2,6
824637,/api/v1.1/game/824637/feed/live,R,2026,20:00.0,8,29,N,Final,112,113,17,5
822770,/api/v1.1/game/822770/feed/live,R,2026,07:00.0,8,29,N,Final,141,136,4,3
823177,/api/v1.1/game/823177/feed/live,R,2026,05:00.0,8,29,S,Final,137,109,1,7
823176,/api/v1.1/game/823176/feed/live,R,2026,05:00.0,8,29,S,Final,137,109,7,2
822690,/api/v1.1/game/822690/feed/live,R,2026,05:00.0,8,29,N,Final,120,146,5,4
824392,/api/v1.1/game/824392/feed/live,R,2026,10:00.0,8,29,N,Final,114,118,3,8
823582,/api/v1.1/game/823582/feed/live,R,2026,10:00.0,8,29,N,Final,121,117,6,2
822936,/api/v1.1/game/822936/feed/live,R,2026,10:00.0,8,29,N,Final,139,135,7,6
824874,/api/v1.1/game/824874/feed/live,R,2026,10:00.0,8,29,N,Final,144,115,2,1
823741,/api/v1.1/game/823741/feed/live,R,2026,15:00.0,8,29,N,Final,158,140,5,3
824961,/api/v1.1/game/824961/feed/live,R,2026,05:00.0,8,29,N,Final,133,110,3,5
823986,/api/v1.1/game/823986/feed/live,R,2026,07:00.0,8,29,N,Final,108,143,2,4
822688,/api/v1.1/game/822688/feed/live,R,2026,15:00.0,8,30,N,Final,120,146,2,6
824876,/api/v1.1/game/824876/feed/live,R,2026,35:00.0,8,30,N,Final,144,115,3,2
823502,/api/v1.1/game/823502/feed/live,R,2026,35:00.0,8,30,N,Final,147,111,16,1
822766,/api/v1.1/game/822766/feed/live,R,2026,37:00.0,8,30,N,Final,141,136,7,0
824393,/api/v1.1/game/824393/feed/live,R,2026,40:00.0,8,30,N,Final,114,118,11,1
824232,/api/v1.1/game/824232/feed/live,R,2026,40:00.0,8,30,N,Final,116,119,1,6
822933,/api/v1.1/game/822933/feed/live,R,2026,40:00.0,8,30,N,Final,139,135,5,4
823662,/api/v1.1/game/823662/feed/live,R,2026,10:00.0,8,30,N,Final,142,145,5,1
823740,/api/v1.1/game/823740/feed/live,R,2026,10:00.0,8,30,N,Final,158,140,4,7
823010,/api/v1.1/game/823010/feed/live,R,2026,15:00.0,8,30,N,Final,138,134,4,5
823580,/api/v1.1/game/823580/feed/live,R,2026,10:00.0,8,30,N,Final,121,117,3,6
824959,/api/v1.1/game/824959/feed/live,R,2026,05:00.0,8,30,N,Final,133,110,5,8
823987,/api/v1.1/game/823987/feed/live,R,2026,07:00.0,8,30,N,Final,108,143,2,5
824636,/api/v1.1/game/824636/feed/live,R,2026,20:00.0,8,30,N,Final,112,113,5,7
824911,/api/v1.1/game/824911/feed/live,R,2026,05:00.0,8,31,N,Final,144,137,3,7
824473,/api/v1.1/game/824473/feed/live,R,2026,40:00.0,8,31,N,Final,113,135,0,5
822932,/api/v1.1/game/822932/feed/live,R,2026,40:00.0,8,31,N,Final,139,121,2,3
824719,/api/v1.1/game/824719/feed/live,R,2026,45:00.0,8,31,N,Final,111,136,9,8
822689,/api/v1.1/game/822689/feed/live,R,2026,45:00.0,8,31,N,Final,120,146,6,3
823663,/api/v1.1/game/823663/feed/live,R,2026,40:00.0,8,31,N,Final,142,116,11,1
824635,/api/v1.1/game/824635/feed/live,R,2026,40:00.0,8,31,N,Final,112,158,17,3
822855,/api/v1.1/game/822855/feed/live,R,2026,05:00.0,8,31,N,Final,140,133,8,1
824149,/api/v1.1/game/824149/feed/live,R,2026,10:00.0,8,31,N,Final,117,145,6,3
824314,/api/v1.1/game/824314/feed/live,R,2026,40:00.0,8,31,N,Final,115,110,1,2
823982,/api/v1.1/game/823982/feed/live,R,2026,38:00.0,8,31,N,Final,108,147,10,1
825040,/api/v1.1/game/825040/feed/live,R,2026,40:00.0,8,31,N,Final,109,143,1,2
824472,/api/v1.1/game/824472/feed/live,R,2026,40:00.0,9,1,N,Final,113,135,4,3
823340,/api/v1.1/game/823340/feed/live,R,2026,40:00.0,9,1,N,Final,134,137,13,12
822929,/api/v1.1/game/822929/feed/live,R,2026,40:00.0,9,1,N,Final,139,121,6,2
824391,/api/v1.1/game/824391/feed/live,R,2026,40:00.0,9,1,N,Final,114,141,6,1
824716,/api/v1.1/game/824716/feed/live,R,2026,45:00.0,9,1,N,Final,111,136,6,9
822687,/api/v1.1/game/822687/feed/live,R,2026,45:00.0,9,1,N,Final,120,144,9,5
823661,/api/v1.1/game/823661/feed/live,R,2026,40:00.0,9,1,N,Final,142,116,15,2
824070,/api/v1.1/game/824070/feed/live,R,2026,40:00.0,9,1,N,Final,118,146,3,6
824633,/api/v1.1/game/824633/feed/live,R,2026,40:00.0,9,1,N,Final,112,158,4,9
822854,/api/v1.1/game/822854/feed/live,R,2026,05:00.0,9,1,N,Final,140,133,8,5
824148,/api/v1.1/game/824148/feed/live,R,2026,10:00.0,9,1,N,Final,117,145,1,5
824313,/api/v1.1/game/824313/feed/live,R,2026,40:00.0,9,1,N,Final,115,110,4,2
823984,/api/v1.1/game/823984/feed/live,R,2026,38:00.0,9,1,N,Final,108,147,3,7
825038,/api/v1.1/game/825038/feed/live,R,2026,40:00.0,9,1,N,Final,109,143,1,7
823908,/api/v1.1/game/823908/feed/live,R,2026,10:00.0,9,1,N,Final,119,138,8,13
824470,/api/v1.1/game/824470/feed/live,R,2026,40:00.0,9,2,N,Final,113,135,7,3
822686,/api/v1.1/game/822686/feed/live,R,2026,05:00.0,9,2,N,Final,120,144,0,9
822851,/api/v1.1/game/822851/feed/live,R,2026,35:00.0,9,2,N,Final,140,133,2,9
824312,/api/v1.1/game/824312/feed/live,R,2026,10:00.0,9,2,N,Final,115,110,6,5
825037,/api/v1.1/game/825037/feed/live,R,2026,40:00.0,9,2,N,Final,109,143,1,0
824717,/api/v1.1/game/824717/feed/live,R,2026,10:00.0,9,2,N,Final,111,136,3,8
823339,/api/v1.1/game/823339/feed/live,R,2026,40:00.0,9,2,N,Final,134,137,4,5
822931,/api/v1.1/game/822931/feed/live,R,2026,40:00.0,9,2,N,Final,139,121,4,10
824390,/api/v1.1/game/824390/feed/live,R,2026,40:00.0,9,2,N,Final,114,141,0,11
823660,/api/v1.1/game/823660/feed/live,R,2026,40:00.0,9,2,N,Final,142,116,6,11
824068,/api/v1.1/game/824068/feed/live,R,2026,40:00.0,9,2,N,Final,118,146,6,9
824634,/api/v1.1/game/824634/feed/live,R,2026,40:00.0,9,2,N,Final,112,158,5,9
824147,/api/v1.1/game/824147/feed/live,R,2026,10:00.0,9,2,N,Final,117,145,2,0
823983,/api/v1.1/game/823983/feed/live,R,2026,38:00.0,9,2,N,Final,108,147,3,6
823906,/api/v1.1/game/823906/feed/live,R,2026,10:00.0,9,2,N,Final,119,138,6,8
823337,/api/v1.1/game/823337/feed/live,R,2026,35:00.0,9,3,N,Final,134,137,5,2
824388,/api/v1.1/game/824388/feed/live,R,2026,10:00.0,9,3,N,Final,114,141,3,6
824144,/api/v1.1/game/824144/feed/live,R,2026,10:00.0,9,3,N,Final,117,145,6,2
824796,/api/v1.1/game/824796/feed/live,R,2026,15:00.0,9,3,N,Final,110,111,5,6
824632,/api/v1.1/game/824632/feed/live,R,2026,15:00.0,9,3,N,Final,112,158,2,1
824069,/api/v1.1/game/824069/feed/live,R,2026,40:00.0,9,3,N,Final,118,146,7,3
822853,/api/v1.1/game/822853/feed/live,R,2026,05:00.0,9,3,N,Final,140,139,6,0
823095,/api/v1.1/game/823095/feed/live,R,2026,40:00.0,9,3,N,Final,136,133,4,7
823907,/api/v1.1/game/823907/feed/live,R,2026,10:00.0,9,3,N,Final,119,138,3,2
824424,/api/v1.1/game/824424/feed/live,R,2026,10:00.0,9,4,S,Final,114,116,7,6
824387,/api/v1.1/game/824387/feed/live,R,2026,15:00.0,9,4,S,Final,114,116,4,3
824471,/api/v1.1/game/824471/feed/live,R,2026,10:00.0,9,4,N,Final,113,158,7,10
823418,/api/v1.1/game/823418/feed/live,R,2026,40:00.0,9,4,N,Final,143,144,2,5
823338,/api/v1.1/game/823338/feed/live,R,2026,45:00.0,9,4,N,Final,134,108,1,0
824797,/api/v1.1/game/824797/feed/live,R,2026,05:00.0,9,4,N,Final,110,111,0,1
823579,/api/v1.1/game/823579/feed/live,R,2026,10:00.0,9,4,N,Final,121,137,10,6
823824,/api/v1.1/game/823824/feed/live,R,2026,10:00.0,9,4,N,Final,146,112,1,6
824554,/api/v1.1/game/824554/feed/live,R,2026,40:00.0,9,4,N,Final,145,142,4,1
822852,/api/v1.1/game/822852/feed/live,R,2026,05:00.0,9,4,N,Final,140,139,6,7
824146,/api/v1.1/game/824146/feed/live,R,2026,10:00.0,9,4,N,Final,117,109,3,1
824067,/api/v1.1/game/824067/feed/live,R,2026,10:00.0,9,4,N,Final,118,141,2,9
824311,/api/v1.1/game/824311/feed/live,R,2026,40:00.0,9,4,N,Final,115,138,6,7
823256,/api/v1.1/game/823256/feed/live,R,2026,40:00.0,9,4,N,Final,135,147,3,2
823905,/api/v1.1/game/823905/feed/live,R,2026,10:00.0,9,4,N,Final,119,120,5,3
823093,/api/v1.1/game/823093/feed/live,R,2026,10:00.0,9,4,N,Final,136,133,6,7
823577,/api/v1.1/game/823577/feed/live,R,2026,10:00.0,9,5,N,Final,121,137,5,9
823823,/api/v1.1/game/823823/feed/live,R,2026,10:00.0,9,5,N,Final,146,112,5,6
823419,/api/v1.1/game/823419/feed/live,R,2026,05:00.0,9,5,N,Final,143,144,4,2
824389,/api/v1.1/game/824389/feed/live,R,2026,10:00.0,9,5,N,Final,114,116,0,6
823335,/api/v1.1/game/823335/feed/live,R,2026,40:00.0,9,5,N,Final,134,108,1,6
824468,/api/v1.1/game/824468/feed/live,R,2026,40:00.0,9,5,N,Final,113,158,5,3
824795,/api/v1.1/game/824795/feed/live,R,2026,05:00.0,9,5,N,Final,110,111,0,5
822850,/api/v1.1/game/822850/feed/live,R,2026,05:00.0,9,5,N,Final,140,139,3,6
824066,/api/v1.1/game/824066/feed/live,R,2026,10:00.0,9,5,N,Final,118,141,3,4
824553,/api/v1.1/game/824553/feed/live,R,2026,10:00.0,9,5,N,Final,145,142,4,6
824145,/api/v1.1/game/824145/feed/live,R,2026,15:00.0,9,5,N,Final,117,109,3,4
823257,/api/v1.1/game/823257/feed/live,R,2026,15:00.0,9,5,N,Final,135,147,1,5
824310,/api/v1.1/game/824310/feed/live,R,2026,10:00.0,9,5,N,Final,115,138,10,7
823904,/api/v1.1/game/823904/feed/live,R,2026,10:00.0,9,5,N,Final,119,120,6,5
823094,/api/v1.1/game/823094/feed/live,R,2026,40:00.0,9,5,N,Final,136,133,2,6
824469,/api/v1.1/game/824469/feed/live,R,2026,10:00.0,9,6,N,Final,113,158,12,8
823417,/api/v1.1/game/823417/feed/live,R,2026,10:00.0,9,6,N,Final,143,144,4,5
824794,/api/v1.1/game/824794/feed/live,R,2026,35:00.0,9,6,N,Final,110,111,1,3
823336,/api/v1.1/game/823336/feed/live,R,2026,35:00.0,9,6,N,Final,134,108,1,0
824385,/api/v1.1/game/824385/feed/live,R,2026,40:00.0,9,6,N,Final,114,116,3,2
823578,/api/v1.1/game/823578/feed/live,R,2026,40:00.0,9,6,N,Final,121,137,4,2
823822,/api/v1.1/game/823822/feed/live,R,2026,40:00.0,9,6,N,Final,146,112,10,3
824142,/api/v1.1/game/824142/feed/live,R,2026,10:00.0,9,6,N,Final,117,109,2,3
824065,/api/v1.1/game/824065/feed/live,R,2026,10:00.0,9,6,N,Final,118,141,6,1
822848,/api/v1.1/game/822848/feed/live,R,2026,35:00.0,9,6,N,Final,140,139,8,6
824309,/api/v1.1/game/824309/feed/live,R,2026,10:00.0,9,6,N,Final,115,138,8,10
823091,/api/v1.1/game/823091/feed/live,R,2026,10:00.0,9,6,N,Final,136,133,2,0
823253,/api/v1.1/game/823253/feed/live,R,2026,10:00.0,9,6,N,Final,135,147,4,3
824552,/api/v1.1/game/824552/feed/live,R,2026,20:00.0,9,6,N,Final,145,142,10,1
823903,/api/v1.1/game/823903/feed/live,R,2026,10:00.0,9,6,N,Final,119,120,7,5
823415,/api/v1.1/game/823415/feed/live,R,2026,05:00.0,9,7,N,Final,143,144,1,0
823820,/api/v1.1/game/823820/feed/live,R,2026,10:00.0,9,7,N,Final,146,121,4,9
824715,/api/v1.1/game/824715/feed/live,R,2026,35:00.0,9,7,N,Final,111,108,5,2
824793,/api/v1.1/game/824793/feed/live,R,2026,35:00.0,9,7,N,Final,110,114,6,4
824062,/api/v1.1/game/824062/feed/live,R,2026,10:00.0,9,7,N,Final,118,109,4,5
823742,/api/v1.1/game/823742/feed/live,R,2026,10:00.0,9,7,N,Final,158,112,4,3
824229,/api/v1.1/game/824229/feed/live,R,2026,10:00.0,9,7,N,Final,116,142,5,4
823254,/api/v1.1/game/823254/feed/live,R,2026,10:00.0,9,7,N,Final,135,120,3,2
823175,/api/v1.1/game/823175/feed/live,R,2026,10:00.0,9,7,N,Final,137,138,5,4
823902,/api/v1.1/game/823902/feed/live,R,2026,10:00.0,9,7,N,Final,119,113,6,3
824958,/api/v1.1/game/824958/feed/live,R,2026,05:00.0,9,7,N,Final,133,141,6,5
824792,/api/v1.1/game/824792/feed/live,R,2026,35:00.0,9,8,N,Final,110,114,5,9
824228,/api/v1.1/game/824228/feed/live,R,2026,40:00.0,9,8,N,Final,116,142,2,3
823414,/api/v1.1/game/823414/feed/live,R,2026,40:00.0,9,8,N,Final,143,117,5,6
823821,/api/v1.1/game/823821/feed/live,R,2026,40:00.0,9,8,N,Final,146,121,5,7
824714,/api/v1.1/game/824714/feed/live,R,2026,45:00.0,9,8,N,Final,111,108,1,6
823500,/api/v1.1/game/823500/feed/live,R,2026,05:00.0,9,8,N,Final,147,115,5,3
824875,/api/v1.1/game/824875/feed/live,R,2026,15:00.0,9,8,N,Final,144,139,1,7
824063,/api/v1.1/game/824063/feed/live,R,2026,40:00.0,9,8,N,Final,118,109,3,5
824551,/api/v1.1/game/824551/feed/live,R,2026,40:00.0,9,8,N,Final,145,134,3,9
823738,/api/v1.1/game/823738/feed/live,R,2026,40:00.0,9,8,N,Final,158,112,4,3
823250,/api/v1.1/game/823250/feed/live,R,2026,40:00.0,9,8,N,Final,135,120,5,4
823092,/api/v1.1/game/823092/feed/live,R,2026,40:00.0,9,8,N,Final,136,140,5,10
824957,/api/v1.1/game/824957/feed/live,R,2026,40:00.0,9,8,N,Final,133,141,2,4
823174,/api/v1.1/game/823174/feed/live,R,2026,45:00.0,9,8,N,Final,137,138,2,1
823901,/api/v1.1/game/823901/feed/live,R,2026,10:00.0,9,8,N,Final,119,113,3,2
824226,/api/v1.1/game/824226/feed/live,R,2026,10:00.0,9,9,N,Final,116,142,7,2
824956,/api/v1.1/game/824956/feed/live,R,2026,05:00.0,9,9,N,Final,133,141,2,0
823172,/api/v1.1/game/823172/feed/live,R,2026,45:00.0,9,9,N,Final,137,138,7,6
823251,/api/v1.1/game/823251/feed/live,R,2026,10:00.0,9,9,N,Final,135,120,9,2
823090,/api/v1.1/game/823090/feed/live,R,2026,10:00.0,9,9,N,Final,136,140,3,2
824791,/api/v1.1/game/824791/feed/live,R,2026,35:00.0,9,9,N,Final,110,114,9,5
823416,/api/v1.1/game/823416/feed/live,R,2026,40:00.0,9,9,N,Final,143,117,11,7
823818,/api/v1.1/game/823818/feed/live,R,2026,40:00.0,9,9,N,Final,146,121,14,15
824713,/api/v1.1/game/824713/feed/live,R,2026,45:00.0,9,9,N,Final,111,108,4,6
823497,/api/v1.1/game/823497/feed/live,R,2026,05:00.0,9,9,N,Final,147,115,6,1
824871,/api/v1.1/game/824871/feed/live,R,2026,15:00.0,9,9,N,Final,144,139,2,7
824064,/api/v1.1/game/824064/feed/live,R,2026,40:00.0,9,9,N,Final,118,109,5,2
824549,/api/v1.1/game/824549/feed/live,R,2026,40:00.0,9,9,N,Final,145,134,2,4
823739,/api/v1.1/game/823739/feed/live,R,2026,40:00.0,9,9,N,Final,158,112,8,6
823900,/api/v1.1/game/823900/feed/live,R,2026,10:00.0,9,9,N,Final,119,113,14,1
824872,/api/v1.1/game/824872/feed/live,R,2026,15:00.0,9,10,N,Final,144,139,3,1
823413,/api/v1.1/game/823413/feed/live,R,2026,05:00.0,9,10,N,Final,143,117,1,2
823088,/api/v1.1/game/823088/feed/live,R,2026,10:00.0,9,10,N,Final,136,140,4,3
823499,/api/v1.1/game/823499/feed/live,R,2026,05:00.0,9,10,N,Final,147,115,10,3
824550,/api/v1.1/game/824550/feed/live,R,2026,40:00.0,9,10,N,Final,145,134,0,2
824631,/api/v1.1/game/824631/feed/live,R,2026,20:00.0,9,11,N,Final,112,134,12,2
824227,/api/v1.1/game/824227/feed/live,R,2026,40:00.0,9,11,N,Final,116,115,6,2
822684,/api/v1.1/game/822684/feed/live,R,2026,45:00.0,9,11,N,Final,120,108,4,3
823498,/api/v1.1/game/823498/feed/live,R,2026,05:00.0,9,11,N,Final,147,121,6,4
822767,/api/v1.1/game/822767/feed/live,R,2026,07:00.0,9,11,N,Final,141,110,4,7
824711,/api/v1.1/game/824711/feed/live,R,2026,10:00.0,9,11,N,Final,111,118,2,3
822930,/api/v1.1/game/822930/feed/live,R,2026,10:00.0,9,11,N,Final,139,117,3,1
823817,/api/v1.1/game/823817/feed/live,R,2026,10:00.0,9,11,N,Final,146,119,2,6
824873,/api/v1.1/game/824873/feed/live,R,2026,15:00.0,9,11,N,Final,144,143,6,5
823736,/api/v1.1/game/823736/feed/live,R,2026,45:00.0,9,11,N,Final,158,113,20,0
823659,/api/v1.1/game/823659/feed/live,R,2026,10:00.0,9,11,N,Final,142,114,2,5
823012,/api/v1.1/game/823012/feed/live,R,2026,15:00.0,9,11,N,Final,138,145,7,3
824954,/api/v1.1/game/824954/feed/live,R,2026,40:00.0,9,11,N,Final,133,136,6,5
825036,/api/v1.1/game/825036/feed/live,R,2026,40:00.0,9,11,N,Final,109,140,9,1
823173,/api/v1.1/game/823173/feed/live,R,2026,15:00.0,9,11,N,Final,137,135,5,7
824224,/api/v1.1/game/824224/feed/live,R,2026,10:00.0,9,12,N,Final,116,115,11,7
823496,/api/v1.1/game/823496/feed/live,R,2026,35:00.0,9,12,N,Final,147,121,2,12
824630,/api/v1.1/game/824630/feed/live,R,2026,20:00.0,9,12,N,Final,112,134,4,3
822768,/api/v1.1/game/822768/feed/live,R,2026,07:00.0,9,12,N,Final,141,110,7,3
822685,/api/v1.1/game/822685/feed/live,R,2026,05:00.0,9,12,N,Final,120,108,6,5
823170,/api/v1.1/game/823170/feed/live,R,2026,05:00.0,9,12,N,Final,137,135,6,7
824712,/api/v1.1/game/824712/feed/live,R,2026,10:00.0,9,12,N,Final,111,118,5,1
823657,/api/v1.1/game/823657/feed/live,R,2026,10:00.0,9,12,N,Final,142,114,4,3
823819,/api/v1.1/game/823819/feed/live,R,2026,10:00.0,9,12,N,Final,146,119,4,3
822927,/api/v1.1/game/822927/feed/live,R,2026,10:00.0,9,12,N,Final,139,117,3,2
823737,/api/v1.1/game/823737/feed/live,R,2026,10:00.0,9,12,N,Final,158,113,13,9
824870,/api/v1.1/game/824870/feed/live,R,2026,15:00.0,9,12,N,Final,144,143,12,2
823009,/api/v1.1/game/823009/feed/live,R,2026,15:00.0,9,12,N,Final,138,145,5,6
825035,/api/v1.1/game/825035/feed/live,R,2026,10:00.0,9,12,N,Final,109,140,2,6
824955,/api/v1.1/game/824955/feed/live,R,2026,40:00.0,9,12,N,Final,133,136,1,19
824225,/api/v1.1/game/824225/feed/live,R,2026,10:00.0,9,13,N,Final,116,115,8,1
822682,/api/v1.1/game/822682/feed/live,R,2026,35:00.0,9,13,N,Final,120,108,6,5
824869,/api/v1.1/game/824869/feed/live,R,2026,35:00.0,9,13,N,Final,144,143,4,9
823495,/api/v1.1/game/823495/feed/live,R,2026,35:00.0,9,13,N,Final,147,121,2,0
822764,/api/v1.1/game/822764/feed/live,R,2026,37:00.0,9,13,N,Final,141,110,8,1
822928,/api/v1.1/game/822928/feed/live,R,2026,40:00.0,9,13,N,Final,139,117,14,4
823815,/api/v1.1/game/823815/feed/live,R,2026,40:00.0,9,13,N,Final,146,119,6,4
823658,/api/v1.1/game/823658/feed/live,R,2026,10:00.0,9,13,N,Final,142,114,2,9
823734,/api/v1.1/game/823734/feed/live,R,2026,10:00.0,9,13,N,Final,158,113,3,4
823008,/api/v1.1/game/823008/feed/live,R,2026,15:00.0,9,13,N,Final,138,145,3,1
824628,/api/v1.1/game/824628/feed/live,R,2026,20:00.0,9,13,N,Final,112,134,3,4
824708,/api/v1.1/game/824708/feed/live,R,2026,05:00.0,9,13,N,Final,111,118,4,1
824952,/api/v1.1/game/824952/feed/live,R,2026,05:00.0,9,13,N,Final,133,136,8,7
825033,/api/v1.1/game/825033/feed/live,R,2026,10:00.0,9,13,N,Final,109,140,6,7
823171,/api/v1.1/game/823171/feed/live,R,2026,20:00.0,9,13,N,Final,137,135,4,6
824465,/api/v1.1/game/824465/feed/live,R,2026,40:00.0,9,14,N,Final,113,119,1,4
824386,/api/v1.1/game/824386/feed/live,R,2026,40:00.0,9,14,N,Final,114,145,3,7
822765,/api/v1.1/game/822765/feed/live,R,2026,07:00.0,9,14,N,Final,141,116,5,6
823575,/api/v1.1/game/823575/feed/live,R,2026,10:00.0,9,14,N,Final,121,110,1,2
824629,/api/v1.1/game/824629/feed/live,R,2026,40:00.0,9,14,N,Final,112,144,7,3
823656,/api/v1.1/game/823656/feed/live,R,2026,40:00.0,9,14,N,Final,142,147,3,8
823006,/api/v1.1/game/823006/feed/live,R,2026,45:00.0,9,14,N,Final,138,137,2,1
824308,/api/v1.1/game/824308/feed/live,R,2026,40:00.0,9,14,N,Final,115,135,7,8
823981,/api/v1.1/game/823981/feed/live,R,2026,38:00.0,9,14,N,Final,108,136,6,4
825034,/api/v1.1/game/825034/feed/live,R,2026,40:00.0,9,14,N,Final,109,146,8,7
824466,/api/v1.1/game/824466/feed/live,R,2026,40:00.0,9,15,N,Final,113,119,0,4
822925,/api/v1.1/game/822925/feed/live,R,2026,40:00.0,9,15,N,Final,139,133,2,1
824384,/api/v1.1/game/824384/feed/live,R,2026,40:00.0,9,15,N,Final,114,145,7,6
823333,/api/v1.1/game/823333/feed/live,R,2026,40:00.0,9,15,N,Final,134,158,1,5
822683,/api/v1.1/game/822683/feed/live,R,2026,45:00.0,9,15,N,Final,120,143,6,3
822762,/api/v1.1/game/822762/feed/live,R,2026,07:00.0,9,15,N,Final,141,116,1,10
823574,/api/v1.1/game/823574/feed/live,R,2026,10:00.0,9,15,N,Final,121,110,5,7
824627,/api/v1.1/game/824627/feed/live,R,2026,40:00.0,9,15,N,Final,112,144,3,6
823654,/api/v1.1/game/823654/feed/live,R,2026,40:00.0,9,15,N,Final,142,147,1,8
823007,/api/v1.1/game/823007/feed/live,R,2026,45:00.0,9,15,N,Final,138,137,3,10
822849,/api/v1.1/game/822849/feed/live,R,2026,05:00.0,9,15,N,Final,140,111,4,2
824143,/api/v1.1/game/824143/feed/live,R,2026,10:00.0,9,15,N,Final,117,118,4,2
824307,/api/v1.1/game/824307/feed/live,R,2026,40:00.0,9,15,N,Final,115,135,9,3
823980,/api/v1.1/game/823980/feed/live,R,2026,38:00.0,9,15,N,Final,108,136,2,1
825030,/api/v1.1/game/825030/feed/live,R,2026,40:00.0,9,15,N,Final,109,146,2,4
824382,/api/v1.1/game/824382/feed/live,R,2026,10:00.0,9,16,N,Final,114,145,6,3
823004,/api/v1.1/game/823004/feed/live,R,2026,15:00.0,9,16,N,Final,138,137,5,6
823655,/api/v1.1/game/823655/feed/live,R,2026,40:00.0,9,16,N,Final,142,147,5,4
822763,/api/v1.1/game/822763/feed/live,R,2026,07:00.0,9,16,N,Final,141,116,5,1
824467,/api/v1.1/game/824467/feed/live,R,2026,40:00.0,9,16,N,Final,113,119,6,2
822926,/api/v1.1/game/822926/feed/live,R,2026,40:00.0,9,16,N,Final,139,133,4,3
823332,/api/v1.1/game/823332/feed/live,R,2026,40:00.0,9,16,N,Final,134,158,4,5
822680,/api/v1.1/game/822680/feed/live,R,2026,45:00.0,9,16,N,Final,120,143,0,3
823576,/api/v1.1/game/823576/feed/live,R,2026,10:00.0,9,16,N,Final,121,110,1,7
824626,/api/v1.1/game/824626/feed/live,R,2026,40:00.0,9,16,N,Final,112,144,8,4
822846,/api/v1.1/game/822846/feed/live,R,2026,05:00.0,9,16,N,Final,140,111,7,3
824140,/api/v1.1/game/824140/feed/live,R,2026,10:00.0,9,16,N,Final,117,118,2,5
824306,/api/v1.1/game/824306/feed/live,R,2026,40:00.0,9,16,N,Final,115,135,3,9
823979,/api/v1.1/game/823979/feed/live,R,2026,38:00.0,9,16,N,Final,108,136,2,7
825031,/api/v1.1/game/825031/feed/live,R,2026,40:00.0,9,16,N,Final,109,146,3,4
823334,/api/v1.1/game/823334/feed/live,R,2026,35:00.0,9,17,N,Final,134,158,7,4
824464,/api/v1.1/game/824464/feed/live,R,2026,40:00.0,9,17,N,Final,113,119,2,8
822924,/api/v1.1/game/822924/feed/live,R,2026,10:00.0,9,17,N,Final,139,133,10,1
824305,/api/v1.1/game/824305/feed/live,R,2026,10:00.0,9,17,N,Final,115,135,2,9
824141,/api/v1.1/game/824141/feed/live,R,2026,15:00.0,9,17,N,Final,117,118,6,2
823573,/api/v1.1/game/823573/feed/live,R,2026,15:00.0,9,17,N,Final,121,143,0,3
824548,/api/v1.1/game/824548/feed/live,R,2026,40:00.0,9,17,N,Final,145,116,3,1
822845,/api/v1.1/game/822845/feed/live,R,2026,05:00.0,9,17,N,Final,140,111,3,4
823978,/api/v1.1/game/823978/feed/live,R,2026,38:00.0,9,17,N,Final,108,142,5,4
824463,/api/v1.1/game/824463/feed/live,R,2026,40:00.0,9,18,N,Live,113,112,,
823331,/api/v1.1/game/823331/feed/live,R,2026,40:00.0,9,18,N,Live,134,118,,
824790,/api/v1.1/game/824790/feed/live,R,2026,05:00.0,9,18,N,Live,110,158,,
824383,/api/v1.1/game/824383/feed/live,R,2026,10:00.0,9,18,N,Live,114,133,,
822923,/api/v1.1/game/822923/feed/live,R,2026,10:00.0,9,18,N,Live,139,111,,
823572,/api/v1.1/game/823572/feed/live,R,2026,15:00.0,9,18,N,Live,121,143,,
824547,/api/v1.1/game/824547/feed/live,R,2026,40:00.0,9,18,N,Live,145,116,,
822847,/api/v1.1/game/822847/feed/live,R,2026,05:00.0,9,18,N,Live,140,141,,
824303,/api/v1.1/game/824303/feed/live,R,2026,10:00.0,9,18,N,Live,115,136,,
824138,/api/v1.1/game/824138/feed/live,R,2026,10:00.0,9,18,N,Live,117,144,,
823005,/api/v1.1/game/823005/feed/live,R,2026,15:00.0,9,18,N,Live,138,120,,
823977,/api/v1.1/game/823977/feed/live,R,2026,38:00.0,9,18,N,Preview,108,142,,
823252,/api/v1.1/game/823252/feed/live,R,2026,40:00.0,9,18,N,Preview,135,146,,
825032,/api/v1.1/game/825032/feed/live,R,2026,40:00.0,9,18,N,Preview,109,147,,
823898,/api/v1.1/game/823898/feed/live,R,2026,15:00.0,9,18,N,Preview,119,137,,
824788,/api/v1.1/game/824788/feed/live,R,2026,05:00.0,9,19,N,Preview,110,158,,
822921,/api/v1.1/game/822921/feed/live,R,2026,10:00.0,9,19,N,Preview,139,111,,
823571,/api/v1.1/game/823571/feed/live,R,2026,10:00.0,9,19,N,Preview,121,143,,
824380,/api/v1.1/game/824380/feed/live,R,2026,10:00.0,9,19,N,Preview,114,133,,
824461,/api/v1.1/game/824461/feed/live,R,2026,40:00.0,9,19,N,Preview,113,112,,
823330,/api/v1.1/game/823330/feed/live,R,2026,40:00.0,9,19,N,Preview,134,118,,
822843,/api/v1.1/game/822843/feed/live,R,2026,05:00.0,9,19,N,Preview,140,141,,
824137,/api/v1.1/game/824137/feed/live,R,2026,10:00.0,9,19,N,Preview,117,144,,
824545,/api/v1.1/game/824545/feed/live,R,2026,10:00.0,9,19,N,Preview,145,116,,
823003,/api/v1.1/game/823003/feed/live,R,2026,15:00.0,9,19,N,Preview,138,120,,
824304,/api/v1.1/game/824304/feed/live,R,2026,10:00.0,9,19,N,Preview,115,136,,
825029,/api/v1.1/game/825029/feed/live,R,2026,10:00.0,9,19,N,Preview,109,147,,
823249,/api/v1.1/game/823249/feed/live,R,2026,40:00.0,9,19,N,Preview,135,146,,
823899,/api/v1.1/game/823899/feed/live,R,2026,10:00.0,9,19,N,Preview,119,137,,
823976,/api/v1.1/game/823976/feed/live,R,2026,38:00.0,9,19,N,Preview,108,142,,
823570,/api/v1.1/game/823570/feed/live,R,2026,10:00.0,9,20,N,Preview,121,143,,
823329,/api/v1.1/game/823329/feed/live,R,2026,35:00.0,9,20,N,Preview,134,118,,
824462,/api/v1.1/game/824462/feed/live,R,2026,40:00.0,9,20,N,Preview,113,112,,
824381,/api/v1.1/game/824381/feed/live,R,2026,40:00.0,9,20,N,Preview,114,133,,
822922,/api/v1.1/game/822922/feed/live,R,2026,40:00.0,9,20,N,Preview,139,111,,
824139,/api/v1.1/game/824139/feed/live,R,2026,10:00.0,9,20,N,Preview,117,144,,
824546,/api/v1.1/game/824546/feed/live,R,2026,10:00.0,9,20,N,Preview,145,116,,
823001,/api/v1.1/game/823001/feed/live,R,2026,15:00.0,9,20,N,Preview,138,120,,
822844,/api/v1.1/game/822844/feed/live,R,2026,35:00.0,9,20,N,Preview,140,141,,
824300,/api/v1.1/game/824300/feed/live,R,2026,10:00.0,9,20,N,Preview,115,136,,
823975,/api/v1.1/game/823975/feed/live,R,2026,07:00.0,9,20,N,Preview,108,142,,
823896,/api/v1.1/game/823896/feed/live,R,2026,10:00.0,9,20,N,Preview,119,137,,
823247,/api/v1.1/game/823247/feed/live,R,2026,10:00.0,9,20,N,Preview,135,146,,
825028,/api/v1.1/game/825028/feed/live,R,2026,10:00.0,9,20,N,Preview,109,147,,
824789,/api/v1.1/game/824789/feed/live,R,2026,20:00.0,9,20,N,Preview,110,158,,
824787,/api/v1.1/game/824787/feed/live,R,2026,35:00.0,9,21,N,Preview,110,141,,
824221,/api/v1.1/game/824221/feed/live,R,2026,40:00.0,9,21,N,Preview,116,120,,
823169,/api/v1.1/game/823169/feed/live,R,2026,45:00.0,9,21,N,Preview,137,142,,
823543,/api/v1.1/game/823543/feed/live,R,2026,05:00.0,9,22,S,Preview,147,139,,
823494,/api/v1.1/game/823494/feed/live,R,2026,05:00.0,9,22,S,Preview,147,139,,
824785,/api/v1.1/game/824785/feed/live,R,2026,35:00.0,9,22,N,Preview,110,141,,
824222,/api/v1.1/game/824222/feed/live,R,2026,40:00.0,9,22,N,Preview,116,120,,
823328,/api/v1.1/game/823328/feed/live,R,2026,40:00.0,9,22,N,Preview,134,138,,
823412,/api/v1.1/game/823412/feed/live,R,2026,40:00.0,9,22,N,Preview,143,158,,
824709,/api/v1.1/game/824709/feed/live,R,2026,45:00.0,9,22,N,Preview,111,114,,
824867,/api/v1.1/game/824867/feed/live,R,2026,15:00.0,9,22,N,Preview,144,113,,
824061,/api/v1.1/game/824061/feed/live,R,2026,40:00.0,9,22,N,Preview,118,145,,
824624,/api/v1.1/game/824624/feed/live,R,2026,40:00.0,9,22,N,Preview,112,146,,
822840,/api/v1.1/game/822840/feed/live,R,2026,05:00.0,9,22,N,Preview,140,121,,
824302,/api/v1.1/game/824302/feed/live,R,2026,40:00.0,9,22,N,Preview,115,109,,
824953,/api/v1.1/game/824953/feed/live,R,2026,40:00.0,9,22,N,Preview,133,108,,
823089,/api/v1.1/game/823089/feed/live,R,2026,40:00.0,9,22,N,Preview,136,117,,
823166,/api/v1.1/game/823166/feed/live,R,2026,45:00.0,9,22,N,Preview,137,142,,
823897,/api/v1.1/game/823897/feed/live,R,2026,10:00.0,9,22,N,Preview,119,135,,
824223,/api/v1.1/game/824223/feed/live,R,2026,10:00.0,9,23,N,Preview,116,120,,
823168,/api/v1.1/game/823168/feed/live,R,2026,45:00.0,9,23,N,Preview,137,142,,
824784,/api/v1.1/game/824784/feed/live,R,2026,35:00.0,9,23,N,Preview,110,141,,
823327,/api/v1.1/game/823327/feed/live,R,2026,40:00.0,9,23,N,Preview,134,138,,
823410,/api/v1.1/game/823410/feed/live,R,2026,40:00.0,9,23,N,Preview,143,158,,
823492,/api/v1.1/game/823492/feed/live,R,2026,05:00.0,9,23,N,Preview,147,139,,
824710,/api/v1.1/game/824710/feed/live,R,2026,10:00.0,9,23,N,Preview,111,114,,
824868,/api/v1.1/game/824868/feed/live,R,2026,15:00.0,9,23,N,Preview,144,113,,
824060,/api/v1.1/game/824060/feed/live,R,2026,40:00.0,9,23,N,Preview,118,145,,
824625,/api/v1.1/game/824625/feed/live,R,2026,40:00.0,9,23,N,Preview,112,146,,
822841,/api/v1.1/game/822841/feed/live,R,2026,05:00.0,9,23,N,Preview,140,121,,
824301,/api/v1.1/game/824301/feed/live,R,2026,40:00.0,9,23,N,Preview,115,109,,
824951,/api/v1.1/game/824951/feed/live,R,2026,40:00.0,9,23,N,Preview,133,108,,
823894,/api/v1.1/game/823894/feed/live,R,2026,10:00.0,9,23,N,Preview,119,135,,
823086,/api/v1.1/game/823086/feed/live,R,2026,10:00.0,9,23,N,Preview,136,117,,
823326,/api/v1.1/game/823326/feed/live,R,2026,35:00.0,9,24,N,Preview,134,138,,
824059,/api/v1.1/game/824059/feed/live,R,2026,10:00.0,9,24,N,Preview,118,145,,
824623,/api/v1.1/game/824623/feed/live,R,2026,20:00.0,9,24,N,Preview,112,146,,
822842,/api/v1.1/game/822842/feed/live,R,2026,35:00.0,9,24,N,Preview,140,121,,
824298,/api/v1.1/game/824298/feed/live,R,2026,10:00.0,9,24,N,Preview,115,109,,
823411,/api/v1.1/game/823411/feed/live,R,2026,05:00.0,9,24,N,Preview,143,158,,
824707,/api/v1.1/game/824707/feed/live,R,2026,45:00.0,9,24,N,Preview,111,114,,
823493,/api/v1.1/game/823493/feed/live,R,2026,05:00.0,9,24,N,Preview,147,139,,
824866,/api/v1.1/game/824866/feed/live,R,2026,15:00.0,9,24,N,Preview,144,113,,
824950,/api/v1.1/game/824950/feed/live,R,2026,40:00.0,9,24,N,Preview,133,117,,
823087,/api/v1.1/game/823087/feed/live,R,2026,40:00.0,9,24,N,Preview,136,108,,
823895,/api/v1.1/game/823895/feed/live,R,2026,10:00.0,9,24,N,Preview,119,135,,
824220,/api/v1.1/game/824220/feed/live,R,2026,40:00.0,9,25,N,Preview,116,134,,
823409,/api/v1.1/game/823409/feed/live,R,2026,40:00.0,9,25,N,Preview,143,139,,
822681,/api/v1.1/game/822681/feed/live,R,2026,45:00.0,9,25,N,Preview,120,121,,
823491,/api/v1.1/game/823491/feed/live,R,2026,05:00.0,9,25,N,Preview,147,110,,
822760,/api/v1.1/game/822760/feed/live,R,2026,07:00.0,9,25,N,Preview,141,113,,
824706,/api/v1.1/game/824706/feed/live,R,2026,10:00.0,9,25,N,Preview,111,112,,
823816,/api/v1.1/game/823816/feed/live,R,2026,10:00.0,9,25,N,Preview,146,144,,
824058,/api/v1.1/game/824058/feed/live,R,2026,40:00.0,9,25,N,Preview,118,114,,
824544,/api/v1.1/game/824544/feed/live,R,2026,40:00.0,9,25,N,Preview,145,115,,
823735,/api/v1.1/game/823735/feed/live,R,2026,40:00.0,9,25,N,Preview,158,138,,
823652,/api/v1.1/game/823652/feed/live,R,2026,10:00.0,9,25,N,Preview,142,140,,
824947,/api/v1.1/game/824947/feed/live,R,2026,40:00.0,9,25,N,Preview,133,117,,
823248,/api/v1.1/game/823248/feed/live,R,2026,40:00.0,9,25,N,Preview,135,109,,
823085,/api/v1.1/game/823085/feed/live,R,2026,10:00.0,9,25,N,Preview,136,108,,
823167,/api/v1.1/game/823167/feed/live,R,2026,15:00.0,9,25,N,Preview,137,119,,
824219,/api/v1.1/game/824219/feed/live,R,2026,10:00.0,9,26,N,Preview,116,134,,
822759,/api/v1.1/game/822759/feed/live,R,2026,07:00.0,9,26,N,Preview,141,113,,
822678,/api/v1.1/game/822678/feed/live,R,2026,05:00.0,9,26,N,Preview,120,121,,
823165,/api/v1.1/game/823165/feed/live,R,2026,05:00.0,9,26,N,Preview,137,119,,
823653,/api/v1.1/game/823653/feed/live,R,2026,10:00.0,9,26,N,Preview,142,140,,
823813,/api/v1.1/game/823813/feed/live,R,2026,10:00.0,9,26,N,Preview,146,144,,
824057,/api/v1.1/game/824057/feed/live,R,2026,10:00.0,9,26,N,Preview,118,114,,
824543,/api/v1.1/game/824543/feed/live,R,2026,10:00.0,9,26,N,Preview,145,115,,
823733,/api/v1.1/game/823733/feed/live,R,2026,10:00.0,9,26,N,Preview,158,138,,
824705,/api/v1.1/game/824705/feed/live,R,2026,15:00.0,9,26,N,Preview,111,112,,
823407,/api/v1.1/game/823407/feed/live,R,2026,15:00.0,9,26,N,Preview,143,139,,
823489,/api/v1.1/game/823489/feed/live,R,2026,15:00.0,9,26,N,Preview,147,110,,
823245,/api/v1.1/game/823245/feed/live,R,2026,40:00.0,9,26,N,Preview,135,109,,
824949,/api/v1.1/game/824949/feed/live,R,2026,40:00.0,9,26,N,Preview,133,117,,
823083,/api/v1.1/game/823083/feed/live,R,2026,40:00.0,9,26,N,Preview,136,108,,
824703,/api/v1.1/game/824703/feed/live,R,2026,05:00.0,9,27,N,Preview,111,112,,
822679,/api/v1.1/game/822679/feed/live,R,2026,05:00.0,9,27,N,Preview,120,121,,
824948,/api/v1.1/game/824948/feed/live,R,2026,05:00.0,9,27,N,Preview,133,117,,
823164,/api/v1.1/game/823164/feed/live,R,2026,05:00.0,9,27,N,Preview,137,119,,
823408,/api/v1.1/game/823408/feed/live,R,2026,05:00.0,9,27,N,Preview,143,139,,
822761,/api/v1.1/game/822761/feed/live,R,2026,07:00.0,9,27,N,Preview,141,113,,
824055,/api/v1.1/game/824055/feed/live,R,2026,10:00.0,9,27,N,Preview,118,114,,
824217,/api/v1.1/game/824217/feed/live,R,2026,10:00.0,9,27,N,Preview,116,134,,
823246,/api/v1.1/game/823246/feed/live,R,2026,10:00.0,9,27,N,Preview,135,109,,
823084,/api/v1.1/game/823084/feed/live,R,2026,10:00.0,9,27,N,Preview,136,108,,
823650,/api/v1.1/game/823650/feed/live,R,2026,10:00.0,9,27,N,Preview,142,140,,
824542,/api/v1.1/game/824542/feed/live,R,2026,10:00.0,9,27,N,Preview,145,115,,
823814,/api/v1.1/game/823814/feed/live,R,2026,10:00.0,9,27,N,Preview,146,144,,
823731,/api/v1.1/game/823731/feed/live,R,2026,10:00.0,9,27,N,Preview,158,138,,
823490,/api/v1.1/game/823490/feed/live,R,2026,20:00.0,9,27,N,Preview,147,110,,
