batterId,lastName,firstName,Total_Opp_Ovr,Total_ChallengesMade,Total_ChallengeRate,Total_ChallengesOverturned,Total_OverturnedRate,Home_Opp,Home_Made,Home_Rate,Home_Over,Home_OvrRate,Away_Opp,Away_Made,Away_Rate,Away_Over,Away_OvrRate,Team2Left_Opp,Team2Left_Made,Team2Left_Rate,Team2Left_Over,Team2Left_OvrRate,Team1Left_Opp,Team1Left_Made,Team1Left_Rate,Team1Left_Over,Team1Left_OvrRate,Inn1_3_Ovr_Opp,Inn1_3_Ovr_Made,Inn1_3_Ovr_Rate,Inn1_3_Ovr_Over,Inn1_3_Ovr_OvrRate,Inn1_3_Chg2_Opp,Inn1_3_Chg2_Made,Inn1_3_Chg2_Rate,Inn1_3_Chg2_Over,Inn1_3_Chg2_OvrRate,Inn1_3_Chg1_Opp,Inn1_3_Chg1_Made,Inn1_3_Chg1_Rate,Inn1_3_Chg1_Over,Inn1_3_Chg1_OvrRate,Inn4_6_Ovr_Opp,Inn4_6_Ovr_Made,Inn4_6_Ovr_Rate,Inn4_6_Ovr_Over,Inn4_6_Ovr_OvrRate,Inn4_6_Chg2_Opp,Inn4_6_Chg2_Made,Inn4_6_Chg2_Rate,Inn4_6_Chg2_Over,Inn4_6_Chg2_OvrRate,Inn4_6_Chg1_Opp,Inn4_6_Chg1_Made,Inn4_6_Chg1_Rate,Inn4_6_Chg1_Over,Inn4_6_Chg1_OvrRate,Inn7_9_Ovr_Opp,Inn7_9_Ovr_Made,Inn7_9_Ovr_Rate,Inn7_9_Ovr_Over,Inn7_9_Ovr_OvrRate,Inn7_9_Chg2_Opp,Inn7_9_Chg2_Made,Inn7_9_Chg2_Rate,Inn7_9_Chg2_Over,Inn7_9_Chg2_OvrRate,Inn7_9_Chg1_Opp,Inn7_9_Chg1_Made,Inn7_9_Chg1_Rate,Inn7_9_Chg1_Over,Inn7_9_Chg1_OvrRate,Inn10_Ovr_Opp,Inn10_Ovr_Made,Inn10_Ovr_Rate,Inn10_Ovr_Over,Inn10_Ovr_OvrRate,Inn10_Chg2_Opp,Inn10_Chg2_Made,Inn10_Chg2_Rate,Inn10_Chg2_Over,Inn10_Chg2_OvrRate,Inn10_Chg1_Opp,Inn10_Chg1_Made,Inn10_Chg1_Rate,Inn10_Chg1_Over,Inn10_Chg1_OvrRate,FastBall_Opp,FastBall_Made,FastBall_Rate,FastBall_Over,FastBall_OvrRate,BreakBall_Opp,BreakBall_Made,BreakBall_Rate,BreakBall_Over,BreakBall_OvrRate,OtherPitch_Opp,OtherPitch_Made,OtherPitch_Rate,OtherPitch_Over,OtherPitch_OvrRate
543807,Springer,George,221,8,0.036199095,4,0.5,123,6,0.048780488,3,0.5,98,2,0.020408163,1,0.5,156,5,0.032051282,2,0.4,65,3,0.046153846,2,0.666666667,85,4,0.047058824,2,0.5,80,3,0.0375,1,0.333333333,5,1,0.2,1,1,64,2,0.03125,1,0.5,45,2,0.044444444,1,0.5,19,0,0,0,,68,2,0.029411765,1,0.5,31,0,0,0,,37,2,0.054054054,1,0.5,4,0,0,0,,0,0,,0,,4,0,0,0,,142,3,0.021126761,0,0,63,3,0.047619048,3,1,16,2,0.125,1,0.5
553993,Suárez,Eugenio,294,11,0.037414966,5,0.454545455,152,7,0.046052632,5,0.714285714,142,4,0.028169014,0,0,210,10,0.047619048,5,0.5,84,1,0.011904762,0,0,88,2,0.022727273,1,0.5,79,2,0.025316456,1,0.5,9,0,0,0,,115,4,0.034782609,3,0.75,81,3,0.037037037,3,1,34,1,0.029411765,0,0,89,5,0.056179775,1,0.2,50,5,0.1,1,0.2,39,0,0,0,,2,0,0,0,,0,0,,0,,2,0,0,0,,197,10,0.050761421,4,0.4,79,1,0.012658228,1,1,18,0,0,0,
571448,Arenado,Nolan,345,11,0.031884058,7,0.636363636,176,5,0.028409091,4,0.8,169,6,0.035502959,3,0.5,259,8,0.030888031,5,0.625,86,3,0.034883721,2,0.666666667,115,1,0.008695652,0,0,97,1,0.010309278,0,0,18,0,0,0,,131,4,0.030534351,2,0.5,100,4,0.04,2,0.5,31,0,0,0,,96,6,0.0625,5,0.833333333,62,3,0.048387097,3,1,34,3,0.088235294,2,0.666666667,3,0,0,0,,0,0,,0,,3,0,0,0,,198,7,0.035353535,4,0.571428571,125,4,0.032,3,0.75,22,0,0,0,
592663,Realmuto,Jacob,249,5,0.020080321,2,0.4,141,4,0.028368794,2,0.5,108,1,0.009259259,0,0,174,2,0.011494253,0,0,75,3,0.04,2,0.666666667,86,1,0.011627907,0,0,70,1,0.014285714,0,0,16,0,0,0,,90,1,0.011111111,0,0,69,1,0.014492754,0,0,21,0,0,0,,72,3,0.041666667,2,0.666666667,35,0,0,0,,37,3,0.081081081,2,0.666666667,1,0,0,0,,0,0,,0,,1,0,0,0,,126,3,0.023809524,1,0.333333333,108,1,0.009259259,0,0,15,1,0.066666667,1,1
595978,Hedges,Austin,132,3,0.022727273,1,0.333333333,65,1,0.015384615,0,0,67,2,0.029850746,1,0.5,95,3,0.031578947,1,0.333333333,37,0,0,0,,37,0,0,0,,32,0,0,0,,5,0,0,0,,56,1,0.017857143,0,0,36,1,0.027777778,0,0,20,0,0,0,,39,2,0.051282051,1,0.5,27,2,0.074074074,1,0.5,12,0,0,0,,0,0,,0,,0,0,,0,,0,0,,0,,88,2,0.022727273,1,0.5,39,1,0.025641026,0,0,5,0,0,0,
596103,Slater,Austin,46,2,0.043478261,1,0.5,22,0,0,0,,24,2,0.083333333,1,0.5,34,1,0.029411765,0,0,12,1,0.083333333,1,1,21,0,0,0,,21,0,0,0,,0,0,,0,,9,1,0.111111111,1,1,4,0,0,0,,5,1,0.2,1,1,16,1,0.0625,0,0,9,1,0.111111111,0,0,7,0,0,0,,0,0,,0,,0,0,,0,,0,0,,0,,29,2,0.068965517,1,0.5,14,0,0,0,,3,0,0,0,
624641,Sosa,Edmundo,103,5,0.048543689,4,0.8,48,3,0.0625,2,0.666666667,55,2,0.036363636,2,1,66,4,0.060606061,3,0.75,37,1,0.027027027,1,1,37,3,0.081081081,2,0.666666667,32,3,0.09375,2,0.666666667,5,0,0,0,,32,2,0.0625,2,1,22,1,0.045454545,1,1,10,1,0.1,1,1,32,0,0,0,,12,0,0,0,,20,0,0,0,,2,0,0,0,,0,0,,0,,2,0,0,0,,66,4,0.060606061,3,0.75,32,1,0.03125,1,1,5,0,0,0,
647304,Naylor,Joshua-Douglas,229,23,0.100436681,6,0.260869565,95,14,0.147368421,4,0.285714286,134,9,0.067164179,2,0.222222222,156,15,0.096153846,3,0.2,73,8,0.109589041,3,0.375,94,10,0.106382979,3,0.3,85,8,0.094117647,2,0.25,9,2,0.222222222,1,0.5,76,5,0.065789474,1,0.2,53,5,0.094339623,1,0.2,23,0,0,0,,55,7,0.127272727,2,0.285714286,17,2,0.117647059,0,0,38,5,0.131578947,2,0.4,4,1,0.25,0,0,1,0,0,0,0,3,1,0.333333333,0,0,146,14,0.095890411,4,0.285714286,69,9,0.130434783,2,0.222222222,14,0,0,0,
650859,Rengifo,Luis,191,6,0.031413613,2,0.333333333,89,3,0.033707865,2,0.666666667,102,3,0.029411765,0,0,117,4,0.034188034,2,0.5,74,2,0.027027027,0,0,64,2,0.03125,2,1,58,2,0.034482759,2,1,6,0,0,0,,63,1,0.015873016,0,0,32,0,0,0,,31,1,0.032258065,0,0,60,2,0.033333333,0,0,27,2,0.074074074,0,0,33,0,0,0,,4,1,0.25,0,0,0,0,,0,0,4,1,0.25,0,0,130,5,0.038461538,1,0.2,46,0,0,0,,15,1,0.066666667,1,1
660162,Moncada,Yoán,110,3,0.027272727,0,0,44,2,0.045454545,0,0,66,1,0.015151515,0,0,75,2,0.026666667,0,0,35,1,0.028571429,0,0,44,2,0.045454545,0,0,38,2,0.052631579,0,0,6,0,0,0,,35,0,0,0,,24,0,0,0,,11,0,0,0,,30,0,0,0,,13,0,0,0,,17,0,0,0,,1,1,1,0,0,0,0,,0,0,1,1,1,0,0,65,3,0.046153846,0,0,30,0,0,0,,15,0,0,0,
660670,Acuña,Ronald,173,22,0.12716763,10,0.454545455,102,15,0.147058824,8,0.533333333,71,7,0.098591549,2,0.285714286,128,16,0.125,7,0.4375,45,6,0.133333333,3,0.5,70,8,0.114285714,4,0.5,64,7,0.109375,4,0.571428571,6,1,0.166666667,0,0,45,6,0.133333333,2,0.333333333,30,4,0.133333333,1,0.25,15,2,0.133333333,1,0.5,55,8,0.145454545,4,0.5,34,5,0.147058824,2,0.4,21,3,0.142857143,2,0.666666667,3,0,0,0,,0,0,,0,,3,0,0,0,,87,13,0.149425287,5,0.384615385,66,8,0.121212121,5,0.625,20,1,0.05,0,0
663662,Cameron,Dazmon,20,4,0.2,3,0.75,9,2,0.222222222,2,1,11,2,0.181818182,1,0.5,15,4,0.266666667,3,0.75,5,0,0,0,,7,0,0,0,,7,0,0,0,,0,0,,0,,3,1,0.333333333,1,1,3,1,0.333333333,1,1,0,0,,0,,10,3,0.3,2,0.666666667,5,3,0.6,2,0.666666667,5,0,0,0,,0,0,,0,,0,0,,0,,0,0,,0,,15,3,0.2,2,0.666666667,4,0,0,0,,1,1,1,1,1
663968,Mangum,Jake,181,8,0.044198895,4,0.5,78,3,0.038461538,0,0,103,5,0.048543689,4,0.8,130,4,0.030769231,3,0.75,51,4,0.078431373,1,0.25,77,2,0.025974026,2,1,72,2,0.027777778,2,1,5,0,0,0,,55,1,0.018181818,0,0,37,0,0,0,,18,1,0.055555556,0,0,47,5,0.106382979,2,0.4,21,2,0.095238095,1,0.5,26,3,0.115384615,1,0.333333333,2,0,0,0,,0,0,,0,,2,0,0,0,,131,6,0.045801527,3,0.5,42,2,0.047619048,1,0.5,8,0,0,0,
518692,Freeman,Frederick,237,6,0.025316456,5,0.833333333,111,3,0.027027027,3,1,126,3,0.023809524,2,0.666666667,188,4,0.021276596,3,0.75,49,2,0.040816327,2,1,109,1,0.009174312,1,1,96,1,0.010416667,1,1,13,0,0,0,,69,2,0.028985507,2,1,57,2,0.035087719,2,1,12,0,0,0,,58,3,0.051724138,2,0.666666667,35,1,0.028571429,0,0,23,2,0.086956522,2,1,1,0,0,0,,0,0,,0,,1,0,0,0,,138,3,0.02173913,3,1,69,3,0.043478261,2,0.666666667,30,0,0,0,
572233,Walker,Christian,238,21,0.088235294,11,0.523809524,130,15,0.115384615,7,0.466666667,108,6,0.055555556,4,0.666666667,154,15,0.097402597,9,0.6,84,6,0.071428571,2,0.333333333,90,6,0.066666667,4,0.666666667,80,6,0.075,4,0.666666667,10,0,0,0,,77,6,0.077922078,3,0.5,47,5,0.106382979,3,0.6,30,1,0.033333333,0,0,69,9,0.130434783,4,0.444444444,27,4,0.148148148,2,0.5,42,5,0.119047619,2,0.4,2,0,0,0,,0,0,,0,,2,0,0,0,,153,14,0.091503268,7,0.5,68,6,0.088235294,3,0.5,17,1,0.058823529,1,1
575929,Contreras,Willson,284,22,0.077464789,8,0.363636364,138,12,0.086956522,4,0.333333333,146,10,0.068493151,4,0.4,221,17,0.076923077,7,0.411764706,63,5,0.079365079,1,0.2,126,9,0.071428571,5,0.555555556,115,9,0.07826087,5,0.555555556,11,0,0,0,,98,7,0.071428571,1,0.142857143,73,5,0.068493151,1,0.2,25,2,0.08,0,0,58,5,0.086206897,1,0.2,33,3,0.090909091,1,0.333333333,25,2,0.08,0,0,2,1,0.5,1,1,0,0,,0,0,2,1,0.5,1,1,171,11,0.064327485,4,0.363636364,81,7,0.086419753,3,0.428571429,32,4,0.125,1,0.25
641933,O'Neill,Tyler,155,9,0.058064516,6,0.666666667,80,4,0.05,2,0.5,75,5,0.066666667,4,0.8,107,3,0.028037383,3,1,48,6,0.125,3,0.5,51,1,0.019607843,1,1,47,1,0.021276596,1,1,4,0,0,0,,55,2,0.036363636,1,0.5,36,0,0,0,,19,2,0.105263158,1,0.5,46,5,0.108695652,4,0.8,24,2,0.083333333,2,1,22,3,0.136363636,2,0.666666667,3,1,0.333333333,0,0,0,0,,0,0,3,1,0.333333333,0,0,93,5,0.053763441,4,0.8,54,3,0.055555556,1,0.333333333,8,1,0.125,1,1
642215,Wilson,Weston,97,2,0.020618557,1,0.5,49,1,0.020408163,1,1,48,1,0.020833333,0,0,61,1,0.016393443,0,0,36,1,0.027777778,1,1,31,1,0.032258065,1,1,21,0,0,0,,10,1,0.1,1,1,37,1,0.027027027,0,0,28,1,0.035714286,0,0,9,0,0,0,,28,0,0,0,,12,0,0,0,,16,0,0,0,,1,0,0,0,,0,0,,0,,1,0,0,0,,55,1,0.018181818,1,1,31,1,0.032258065,0,0,11,0,0,0,
663993,Lowe,David,259,7,0.027027027,3,0.428571429,122,4,0.032786885,3,0.75,137,3,0.02189781,0,0,197,5,0.025380711,2,0.4,62,2,0.032258065,1,0.5,93,1,0.010752688,1,1,82,1,0.012195122,1,1,11,0,0,0,,88,1,0.011363636,1,1,67,0,0,0,,21,1,0.047619048,1,1,76,5,0.065789474,1,0.2,48,4,0.083333333,1,0.25,28,1,0.035714286,0,0,2,0,0,0,,0,0,,0,,2,0,0,0,,174,6,0.034482759,2,0.333333333,63,0,0,0,,22,1,0.045454545,1,1
665923,Ruiz,Esteury,108,16,0.148148148,12,0.75,54,8,0.148148148,6,0.75,54,8,0.148148148,6,0.75,78,12,0.153846154,10,0.833333333,30,4,0.133333333,2,0.5,28,1,0.035714286,1,1,26,1,0.038461538,1,1,2,0,0,0,,28,4,0.142857143,3,0.75,23,3,0.130434783,2,0.666666667,5,1,0.2,1,1,50,9,0.18,6,0.666666667,27,6,0.222222222,5,0.833333333,23,3,0.130434783,1,0.333333333,2,2,1,2,1,2,2,1,2,1,0,0,,0,0,79,13,0.164556962,9,0.692307692,25,3,0.12,3,1,4,0,0,0,
666969,García,Jose,183,9,0.049180328,4,0.444444444,103,5,0.048543689,2,0.4,80,4,0.05,2,0.5,128,7,0.0546875,3,0.428571429,55,2,0.036363636,1,0.5,62,2,0.032258065,1,0.5,58,1,0.017241379,1,1,4,1,0.25,0,0,60,4,0.066666667,2,0.5,43,4,0.093023256,2,0.5,17,0,0,0,,60,3,0.05,1,0.333333333,26,2,0.076923077,0,0,34,1,0.029411765,1,1,1,0,0,0,,1,0,0,0,,0,0,,0,,126,8,0.063492063,4,0.5,45,1,0.022222222,0,0,12,0,0,0,
668930,Turang,Brice,400,4,0.01,3,0.75,204,1,0.004901961,1,1,196,3,0.015306122,2,0.666666667,283,2,0.007067138,2,1,117,2,0.017094017,1,0.5,174,1,0.005747126,1,1,155,1,0.006451613,1,1,19,0,0,0,,133,0,0,0,,86,0,0,0,,47,0,0,0,,89,3,0.033707865,2,0.666666667,41,1,0.024390244,1,1,48,2,0.041666667,1,0.5,4,0,0,0,,1,0,0,0,,3,0,0,0,,217,1,0.004608295,1,1,142,3,0.021126761,2,0.666666667,41,0,0,0,
669134,Campusano,Luis,106,7,0.066037736,1,0.142857143,52,3,0.057692308,1,0.333333333,54,4,0.074074074,0,0,73,7,0.095890411,1,0.142857143,33,0,0,0,,43,4,0.093023256,0,0,38,4,0.105263158,0,0,5,0,0,0,,43,2,0.046511628,0,0,23,2,0.086956522,0,0,20,0,0,0,,19,1,0.052631579,1,1,12,1,0.083333333,1,1,7,0,0,0,,1,0,0,0,,0,0,,0,,1,0,0,0,,57,3,0.052631579,1,0.333333333,41,3,0.073170732,0,0,8,1,0.125,0,0
669394,Burger,Jacob,292,14,0.047945205,9,0.642857143,121,5,0.041322314,3,0.6,171,9,0.052631579,6,0.666666667,221,12,0.054298643,8,0.666666667,71,2,0.028169014,1,0.5,115,6,0.052173913,5,0.833333333,106,6,0.056603774,5,0.833333333,9,0,0,0,,92,5,0.054347826,4,0.8,66,4,0.060606061,3,0.75,26,1,0.038461538,1,1,83,3,0.036144578,0,0,48,2,0.041666667,0,0,35,1,0.028571429,0,0,2,0,0,0,,1,0,0,0,,1,0,0,0,,181,8,0.044198895,4,0.5,100,6,0.06,5,0.833333333,11,0,0,0,
671056,Herrera,Ivan,433,20,0.046189376,11,0.55,212,10,0.047169811,4,0.4,221,10,0.045248869,7,0.7,351,18,0.051282051,10,0.555555556,82,2,0.024390244,1,0.5,182,2,0.010989011,2,1,175,2,0.011428571,2,1,7,0,0,0,,136,13,0.095588235,6,0.461538462,109,12,0.110091743,6,0.5,27,1,0.037037037,0,0,112,5,0.044642857,3,0.6,65,4,0.061538462,2,0.5,47,1,0.021276596,1,1,3,0,0,0,,2,0,0,0,,1,0,0,0,,270,11,0.040740741,7,0.636363636,125,4,0.032,1,0.25,38,5,0.131578947,3,0.6
671739,Harris,Michael,226,11,0.048672566,4,0.363636364,109,4,0.036697248,3,0.75,117,7,0.05982906,1,0.142857143,176,6,0.034090909,3,0.5,50,5,0.1,1,0.2,81,2,0.024691358,1,0.5,77,2,0.025974026,1,0.5,4,0,0,0,,72,4,0.055555556,2,0.5,59,2,0.033898305,2,1,13,2,0.153846154,0,0,70,4,0.057142857,0,0,39,2,0.051282051,0,0,31,2,0.064516129,0,0,3,1,0.333333333,1,1,1,0,0,0,0,2,1,0.5,1,1,147,5,0.034013605,2,0.4,64,5,0.078125,2,0.4,15,1,0.066666667,0,0
514888,Altuve,Jose,278,31,0.111510791,20,0.64516129,145,18,0.124137931,9,0.5,133,13,0.097744361,11,0.846153846,192,24,0.125,15,0.625,86,7,0.081395349,5,0.714285714,126,16,0.126984127,10,0.625,108,15,0.138888889,9,0.6,18,1,0.055555556,1,1,83,7,0.084337349,5,0.714285714,57,6,0.105263158,4,0.666666667,26,1,0.038461538,1,1,65,8,0.123076923,5,0.625,27,3,0.111111111,2,0.666666667,38,5,0.131578947,3,0.6,4,0,0,0,,0,0,,0,,4,0,0,0,,162,20,0.12345679,13,0.65,89,8,0.08988764,6,0.75,27,3,0.111111111,1,0.333333333
516782,Marte,Starling,93,3,0.032258065,2,0.666666667,36,2,0.055555556,1,0.5,57,1,0.01754386,1,1,69,2,0.028985507,1,0.5,24,1,0.041666667,1,1,29,1,0.034482759,1,1,26,1,0.038461538,1,1,3,0,0,0,,32,0,0,0,,25,0,0,0,,7,0,0,0,,32,2,0.0625,1,0.5,18,1,0.055555556,0,0,14,1,0.071428571,1,1,0,0,,0,,0,0,,0,,0,0,,0,,51,1,0.019607843,1,1,24,2,0.083333333,1,0.5,18,0,0,0,
595879,Báez,Ednel,88,7,0.079545455,4,0.571428571,36,4,0.111111111,2,0.5,52,3,0.057692308,2,0.666666667,60,6,0.1,4,0.666666667,28,1,0.035714286,0,0,19,1,0.052631579,1,1,19,1,0.052631579,1,1,0,0,,0,,29,1,0.034482759,1,1,23,1,0.043478261,1,1,6,0,0,0,,40,5,0.125,2,0.4,18,4,0.222222222,2,0.5,22,1,0.045454545,0,0,0,0,,0,,0,0,,0,,0,0,,0,,57,7,0.122807018,4,0.571428571,23,0,0,0,,8,0,0,0,
596146,Kepler,Maximilian,63,2,0.031746032,2,1,30,2,0.066666667,2,1,33,0,0,0,,40,0,0,0,,23,2,0.086956522,2,1,25,0,0,0,,23,0,0,0,,2,0,0,0,,17,1,0.058823529,1,1,8,0,0,0,,9,1,0.111111111,1,1,19,1,0.052631579,1,1,9,0,0,0,,10,1,0.1,1,1,2,0,0,0,,0,0,,0,,2,0,0,0,,41,1,0.024390244,1,1,14,1,0.071428571,1,1,8,0,0,0,
608070,Ramírez,José,270,4,0.014814815,0,0,126,2,0.015873016,0,0,144,2,0.013888889,0,0,173,2,0.011560694,0,0,97,2,0.020618557,0,0,101,0,0,0,,94,0,0,0,,7,0,0,0,,86,2,0.023255814,0,0,47,1,0.021276596,0,0,39,1,0.025641026,0,0,82,2,0.024390244,0,0,32,1,0.03125,0,0,50,1,0.02,0,0,1,0,0,0,,0,0,,0,,1,0,0,0,,157,4,0.025477707,0,0,77,0,0,0,,36,0,0,0,
621020,Swanson,James,222,5,0.022522523,1,0.2,112,3,0.026785714,0,0,110,2,0.018181818,1,0.5,173,4,0.023121387,1,0.25,49,1,0.020408163,0,0,75,1,0.013333333,0,0,66,1,0.015151515,0,0,9,0,0,0,,74,0,0,0,,66,0,0,0,,8,0,0,0,,71,3,0.042253521,1,0.333333333,40,2,0.05,1,0.5,31,1,0.032258065,0,0,2,1,0.5,0,0,1,1,1,0,0,1,0,0,0,0,108,2,0.018518519,0,0,96,2,0.020833333,0,0,18,1,0.055555556,1,1
622761,Mateo,Jorge,84,10,0.119047619,2,0.2,35,6,0.171428571,0,0,49,4,0.081632653,2,0.5,59,7,0.118644068,2,0.285714286,25,3,0.12,0,0,24,4,0.166666667,1,0.25,22,3,0.136363636,1,0.333333333,2,1,0.5,0,0,32,3,0.09375,1,0.333333333,20,3,0.15,1,0.333333333,12,0,0,0,,28,3,0.107142857,0,0,17,1,0.058823529,0,0,11,2,0.181818182,0,0,0,0,,0,,0,0,,0,,0,0,,0,,59,7,0.118644068,1,0.142857143,21,3,0.142857143,1,0.333333333,4,0,0,0,
624585,Soler,Jorge,202,10,0.04950495,3,0.3,108,6,0.055555556,1,0.166666667,94,4,0.042553191,2,0.5,134,5,0.037313433,2,0.4,68,5,0.073529412,1,0.2,78,3,0.038461538,0,0,63,1,0.015873016,0,0,15,2,0.133333333,0,0,66,4,0.060606061,3,0.75,45,2,0.044444444,2,1,21,2,0.095238095,1,0.5,54,3,0.055555556,0,0,26,2,0.076923077,0,0,28,1,0.035714286,0,0,4,0,0,0,,0,0,,0,,4,0,0,0,,107,6,0.056074766,2,0.333333333,81,4,0.049382716,1,0.25,14,0,0,0,
630105,Cronenworth,Jacob,216,3,0.013888889,2,0.666666667,109,2,0.018348624,2,1,107,1,0.009345794,0,0,155,3,0.019354839,2,0.666666667,61,0,0,0,,102,0,0,0,,85,0,0,0,,17,0,0,0,,64,2,0.03125,2,1,41,2,0.048780488,2,1,23,0,0,0,,50,1,0.02,0,0,29,1,0.034482759,0,0,21,0,0,0,,0,0,,0,,0,0,,0,,0,0,,0,,151,2,0.013245033,2,1,51,1,0.019607843,0,0,14,0,0,0,
641680,Heim,Jonah,174,5,0.028735632,2,0.4,95,4,0.042105263,2,0.5,79,1,0.012658228,0,0,118,3,0.025423729,1,0.333333333,56,2,0.035714286,1,0.5,54,0,0,0,,48,0,0,0,,6,0,0,0,,60,2,0.033333333,0,0,35,1,0.028571429,0,0,25,1,0.04,0,0,59,2,0.033898305,1,0.5,35,2,0.057142857,1,0.5,24,0,0,0,,1,1,1,1,1,0,0,,0,0,1,1,1,1,1,130,3,0.023076923,1,0.333333333,28,1,0.035714286,0,0,16,1,0.0625,1,1
642715,Adames,Willy,307,17,0.055374593,7,0.411764706,144,7,0.048611111,2,0.285714286,163,10,0.061349693,5,0.5,237,15,0.063291139,6,0.4,70,2,0.028571429,1,0.5,132,6,0.045454545,3,0.5,125,6,0.048,3,0.5,7,0,0,0,,98,6,0.06122449,1,0.166666667,72,6,0.083333333,1,0.166666667,26,0,0,0,,76,5,0.065789474,3,0.6,40,3,0.075,2,0.666666667,36,2,0.055555556,1,0.5,1,0,0,0,,0,0,,0,,1,0,0,0,,187,12,0.064171123,5,0.416666667,98,5,0.051020408,2,0.4,22,0,0,0,
645277,Albies,Ozhaino,200,9,0.045,4,0.444444444,86,2,0.023255814,0,0,114,7,0.061403509,4,0.571428571,156,7,0.044871795,4,0.571428571,44,2,0.045454545,0,0,74,5,0.067567568,3,0.6,67,4,0.059701493,3,0.75,7,1,0.142857143,0,0,59,2,0.033898305,1,0.5,48,2,0.041666667,1,0.5,11,0,0,0,,66,2,0.03030303,0,0,41,1,0.024390244,0,0,25,1,0.04,0,0,1,0,0,0,,0,0,,0,,1,0,0,0,,88,3,0.034090909,1,0.333333333,94,4,0.042553191,1,0.25,18,2,0.111111111,2,1
656555,Hoskins,Rhys,196,13,0.066326531,7,0.538461538,94,8,0.085106383,4,0.5,102,5,0.049019608,3,0.6,135,9,0.066666667,4,0.444444444,61,4,0.06557377,3,0.75,78,5,0.064102564,2,0.4,76,5,0.065789474,2,0.4,2,0,0,0,,65,5,0.076923077,4,0.8,40,2,0.05,1,0.5,25,3,0.12,3,1,53,3,0.056603774,1,0.333333333,19,2,0.105263158,1,0.5,34,1,0.029411765,0,0,0,0,,0,,0,0,,0,,0,0,,0,,100,8,0.08,5,0.625,79,4,0.050632911,2,0.5,17,1,0.058823529,0,0
606192,Hernández,Teoscar,240,17,0.070833333,11,0.647058824,110,10,0.090909091,7,0.7,130,7,0.053846154,4,0.571428571,187,10,0.053475936,7,0.7,53,7,0.132075472,4,0.571428571,80,1,0.0125,1,1,75,1,0.013333333,1,1,5,0,0,0,,82,6,0.073170732,4,0.666666667,60,3,0.05,3,1,22,3,0.136363636,1,0.333333333,76,9,0.118421053,5,0.555555556,52,6,0.115384615,3,0.5,24,3,0.125,2,0.666666667,2,1,0.5,1,1,0,0,,0,0,2,1,0.5,1,1,173,13,0.075144509,11,0.846153846,50,4,0.08,0,0,17,0,0,0,
606466,Marte,Ketel,286,11,0.038461538,5,0.454545455,148,4,0.027027027,3,0.75,138,7,0.050724638,2,0.285714286,220,8,0.036363636,4,0.5,66,3,0.045454545,1,0.333333333,126,1,0.007936508,0,0,116,1,0.00862069,0,0,10,0,0,0,,79,3,0.037974684,1,0.333333333,56,2,0.035714286,1,0.5,23,1,0.043478261,0,0,81,7,0.086419753,4,0.571428571,48,5,0.104166667,3,0.6,33,2,0.060606061,1,0.5,0,0,,0,,0,0,,0,,0,0,,0,,152,2,0.013157895,0,0,89,5,0.056179775,2,0.4,45,4,0.088888889,3,0.75
608701,Refsnyder,Robert,94,4,0.042553191,3,0.75,44,2,0.045454545,2,1,50,2,0.04,1,0.5,64,2,0.03125,1,0.5,30,2,0.066666667,2,1,31,0,0,0,,30,0,0,0,,1,0,0,0,,39,2,0.051282051,2,1,26,0,0,0,,13,2,0.153846154,2,1,22,2,0.090909091,1,0.5,8,2,0.25,1,0.5,14,0,0,0,,2,0,0,0,,0,0,,0,,2,0,0,0,,49,2,0.040816327,2,1,32,1,0.03125,0,0,13,1,0.076923077,1,1
621043,Correa,Carlos,94,3,0.031914894,2,0.666666667,48,2,0.041666667,1,0.5,46,1,0.02173913,1,1,59,2,0.033898305,2,1,35,1,0.028571429,0,0,37,2,0.054054054,2,1,32,2,0.0625,2,1,5,0,0,0,,31,1,0.032258065,0,0,18,0,0,0,,13,1,0.076923077,0,0,24,0,0,0,,9,0,0,0,,15,0,0,0,,2,0,0,0,,0,0,,0,,2,0,0,0,,64,3,0.046875,2,0.666666667,29,0,0,0,,1,0,0,0,
650402,Torres,Gleyber,232,11,0.047413793,5,0.454545455,109,4,0.036697248,2,0.5,123,7,0.056910569,3,0.428571429,188,8,0.042553191,5,0.625,44,3,0.068181818,0,0,104,2,0.019230769,1,0.5,101,2,0.01980198,1,0.5,3,0,0,0,,60,2,0.033333333,0,0,43,2,0.046511628,0,0,17,0,0,0,,68,7,0.102941176,4,0.571428571,44,4,0.090909091,4,1,24,3,0.125,0,0,0,0,,0,,0,0,,0,,0,0,,0,,131,7,0.053435115,3,0.428571429,84,3,0.035714286,2,0.666666667,17,1,0.058823529,0,0
656716,McKinstry,Zachary,225,6,0.026666667,4,0.666666667,115,2,0.017391304,1,0.5,110,4,0.036363636,3,0.75,161,3,0.01863354,2,0.666666667,64,3,0.046875,2,0.666666667,53,0,0,0,,48,0,0,0,,5,0,0,0,,94,1,0.010638298,1,1,75,1,0.013333333,1,1,19,0,0,0,,75,5,0.066666667,3,0.6,37,2,0.054054054,1,0.5,38,3,0.078947368,2,0.666666667,3,0,0,0,,1,0,0,0,,2,0,0,0,,138,2,0.014492754,2,1,66,3,0.045454545,2,0.666666667,21,1,0.047619048,0,0
657136,Wong,Connor,132,4,0.03030303,3,0.75,55,2,0.036363636,1,0.5,77,2,0.025974026,2,1,92,3,0.032608696,2,0.666666667,40,1,0.025,1,1,44,1,0.022727273,1,1,41,1,0.024390244,1,1,3,0,0,0,,48,2,0.041666667,2,1,36,1,0.027777778,1,1,12,1,0.083333333,1,1,40,1,0.025,0,0,15,1,0.066666667,0,0,25,0,0,0,,0,0,,0,,0,0,,0,,0,0,,0,,92,4,0.043478261,3,0.75,37,0,0,0,,3,0,0,0,
665926,Giménez,Andrés,199,13,0.065326633,4,0.307692308,100,6,0.06,1,0.166666667,99,7,0.070707071,3,0.428571429,128,7,0.0546875,2,0.285714286,71,6,0.084507042,2,0.333333333,64,3,0.046875,1,0.333333333,51,1,0.019607843,0,0,13,2,0.153846154,1,0.5,66,2,0.03030303,0,0,40,2,0.05,0,0,26,0,0,0,,67,8,0.119402985,3,0.375,37,4,0.108108108,2,0.5,30,4,0.133333333,1,0.25,2,0,0,0,,0,0,,0,,2,0,0,0,,138,8,0.057971014,3,0.375,53,4,0.075471698,1,0.25,8,1,0.125,0,0
666160,Moniak,McKenzie,126,4,0.031746032,2,0.5,59,2,0.033898305,1,0.5,67,2,0.029850746,1,0.5,88,4,0.045454545,2,0.5,38,0,0,0,,45,1,0.022222222,0,0,40,1,0.025,0,0,5,0,0,0,,41,1,0.024390244,1,1,29,1,0.034482759,1,1,12,0,0,0,,39,2,0.051282051,1,0.5,18,2,0.111111111,1,0.5,21,0,0,0,,1,0,0,0,,1,0,0,0,,0,0,,0,,69,3,0.043478261,1,0.333333333,43,1,0.023255814,1,1,14,0,0,0,
668723,Vilade,Ryan,115,6,0.052173913,3,0.5,59,3,0.050847458,1,0.333333333,56,3,0.053571429,2,0.666666667,82,6,0.073170732,3,0.5,33,0,0,0,,48,1,0.020833333,1,1,42,1,0.023809524,1,1,6,0,0,0,,37,1,0.027027027,1,1,21,1,0.047619048,1,1,16,0,0,0,,29,4,0.137931034,1,0.25,19,4,0.210526316,1,0.25,10,0,0,0,,1,0,0,0,,0,0,,0,,1,0,0,0,,74,6,0.081081081,3,0.5,31,0,0,0,,10,0,0,0,
671218,Ramos,Heliot,203,17,0.083743842,10,0.588235294,111,9,0.081081081,7,0.777777778,92,8,0.086956522,3,0.375,142,11,0.077464789,5,0.454545455,61,6,0.098360656,5,0.833333333,83,6,0.072289157,3,0.5,78,6,0.076923077,3,0.5,5,0,0,0,,67,4,0.059701493,2,0.5,37,2,0.054054054,0,0,30,2,0.066666667,2,1,51,7,0.137254902,5,0.714285714,27,3,0.111111111,2,0.666666667,24,4,0.166666667,3,0.75,2,0,0,0,,0,0,,0,,2,0,0,0,,149,15,0.100671141,8,0.533333333,43,2,0.046511628,2,1,11,0,0,0,
671277,García,Luis,218,11,0.050458716,5,0.454545455,115,5,0.043478261,2,0.4,103,6,0.058252427,3,0.5,156,7,0.044871795,3,0.428571429,62,4,0.064516129,2,0.5,88,3,0.034090909,1,0.333333333,79,2,0.025316456,1,0.5,9,1,0.111111111,0,0,58,1,0.017241379,1,1,39,0,0,0,,19,1,0.052631579,1,1,71,6,0.084507042,3,0.5,38,5,0.131578947,2,0.4,33,1,0.03030303,1,1,1,1,1,0,0,0,0,,0,0,1,1,1,0,0,143,5,0.034965035,2,0.4,47,4,0.085106383,3,0.75,28,2,0.071428571,0,0
671655,Valera,George,15,2,0.133333333,0,0,6,1,0.166666667,0,0,9,1,0.111111111,0,0,11,2,0.181818182,0,0,4,0,0,0,,7,1,0.142857143,0,0,7,1,0.142857143,0,0,0,0,,0,,4,1,0.25,0,0,3,1,0.333333333,0,0,1,0,0,0,,4,0,0,0,,1,0,0,0,,3,0,0,0,,0,0,,0,,0,0,,0,,0,0,,0,,9,1,0.111111111,0,0,1,0,0,0,,5,1,0.2,0,0
543760,Semien,Marcus,218,15,0.068807339,7,0.466666667,104,9,0.086538462,4,0.444444444,114,6,0.052631579,3,0.5,145,8,0.055172414,4,0.5,73,7,0.095890411,3,0.428571429,67,5,0.074626866,2,0.4,55,3,0.054545455,1,0.333333333,12,2,0.166666667,1,0.5,72,3,0.041666667,1,0.333333333,50,2,0.04,1,0.5,22,1,0.045454545,0,0,76,7,0.092105263,4,0.571428571,39,3,0.076923077,2,0.666666667,37,4,0.108108108,2,0.5,3,0,0,0,,1,0,0,0,,2,0,0,0,,117,8,0.068376068,5,0.625,91,6,0.065934066,1,0.166666667,10,1,0.1,1,1
592450,Judge,Aaron,175,8,0.045714286,6,0.75,77,3,0.038961039,3,1,98,5,0.051020408,3,0.6,122,7,0.057377049,5,0.714285714,53,1,0.018867925,1,1,64,2,0.03125,2,1,59,2,0.033898305,2,1,5,0,0,0,,68,5,0.073529412,3,0.6,44,4,0.090909091,2,0.5,24,1,0.041666667,1,1,43,1,0.023255814,1,1,19,1,0.052631579,1,1,24,0,0,0,,0,0,,0,,0,0,,0,,0,0,,0,,109,5,0.04587156,3,0.6,53,3,0.056603774,3,1,13,0,0,0,
592885,Yelich,Christian,253,7,0.027667984,5,0.714285714,131,3,0.022900763,3,1,122,4,0.032786885,2,0.5,183,5,0.027322404,3,0.6,70,2,0.028571429,2,1,105,2,0.019047619,1,0.5,95,2,0.021052632,1,0.5,10,0,0,0,,78,1,0.012820513,1,1,51,0,0,0,,27,1,0.037037037,1,1,68,4,0.058823529,3,0.75,36,3,0.083333333,2,0.666666667,32,1,0.03125,1,1,2,0,0,0,,1,0,0,0,,1,0,0,0,,175,4,0.022857143,4,1,57,1,0.01754386,1,1,21,2,0.095238095,0,0
605141,Betts,Markus,306,15,0.049019608,9,0.6,133,8,0.060150376,6,0.75,173,7,0.040462428,3,0.428571429,219,14,0.063926941,9,0.642857143,87,1,0.011494253,0,0,112,8,0.071428571,5,0.625,99,8,0.080808081,5,0.625,13,0,0,0,,109,6,0.055045872,4,0.666666667,75,6,0.08,4,0.666666667,34,0,0,0,,85,1,0.011764706,0,0,45,0,0,0,,40,1,0.025,0,0,0,0,,0,,0,0,,0,,0,0,,0,,182,9,0.049450549,6,0.666666667,111,6,0.054054054,3,0.5,13,0,0,0,
608324,Bregman,Alexander,476,25,0.052521008,12,0.48,247,13,0.052631579,8,0.615384615,229,12,0.052401747,4,0.333333333,390,22,0.056410256,11,0.5,86,3,0.034883721,1,0.333333333,191,4,0.020942408,4,1,178,4,0.02247191,4,1,13,0,0,0,,149,8,0.053691275,3,0.375,121,7,0.05785124,3,0.428571429,28,1,0.035714286,0,0,133,13,0.097744361,5,0.384615385,89,11,0.123595506,4,0.363636364,44,2,0.045454545,1,0.5,3,0,0,0,,2,0,0,0,,1,0,0,0,,254,15,0.059055118,7,0.466666667,198,10,0.050505051,5,0.5,24,0,0,0,
609280,Andujar,Miguel,124,6,0.048387097,1,0.166666667,66,3,0.045454545,0,0,58,3,0.051724138,1,0.333333333,91,4,0.043956044,1,0.25,33,2,0.060606061,0,0,41,0,0,0,,37,0,0,0,,4,0,0,0,,38,1,0.026315789,1,1,28,1,0.035714286,1,1,10,0,0,0,,45,5,0.111111111,0,0,26,3,0.115384615,0,0,19,2,0.105263158,0,0,0,0,,0,,0,0,,0,,0,0,,0,,69,2,0.028985507,1,0.5,48,2,0.041666667,0,0,7,2,0.285714286,0,0
621566,Olson,Matthew,356,19,0.053370787,6,0.315789474,180,9,0.05,2,0.222222222,176,10,0.056818182,4,0.4,276,13,0.047101449,4,0.307692308,80,6,0.075,2,0.333333333,148,3,0.02027027,2,0.666666667,138,3,0.02173913,2,0.666666667,10,0,0,0,,105,6,0.057142857,3,0.5,80,4,0.05,2,0.5,25,2,0.08,1,0.5,102,10,0.098039216,1,0.1,58,6,0.103448276,0,0,44,4,0.090909091,1,0.25,1,0,0,0,,0,0,,0,,1,0,0,0,,207,9,0.043478261,4,0.444444444,121,6,0.049586777,0,0,28,4,0.142857143,2,0.5
641487,Crawford,John,305,5,0.016393443,2,0.4,132,0,0,0,,173,5,0.028901734,2,0.4,227,4,0.017621145,2,0.5,78,1,0.012820513,0,0,129,2,0.015503876,1,0.5,117,2,0.017094017,1,0.5,12,0,0,0,,88,0,0,0,,65,0,0,0,,23,0,0,0,,86,3,0.034883721,1,0.333333333,45,2,0.044444444,1,0.5,41,1,0.024390244,0,0,2,0,0,0,,0,0,,0,,2,0,0,0,,200,3,0.015,1,0.333333333,86,2,0.023255814,1,0.5,19,0,0,0,
642201,White,Elijah,86,4,0.046511628,2,0.5,39,3,0.076923077,1,0.333333333,47,1,0.021276596,1,1,63,3,0.047619048,1,0.333333333,23,1,0.043478261,1,1,30,0,0,0,,30,0,0,0,,0,0,,0,,28,2,0.071428571,1,0.5,17,2,0.117647059,1,0.5,11,0,0,0,,28,2,0.071428571,1,0.5,16,1,0.0625,0,0,12,1,0.083333333,1,1,0,0,,0,,0,0,,0,,0,0,,0,,52,2,0.038461538,0,0,27,1,0.037037037,1,1,7,1,0.142857143,1,1
645302,Robles,Victor,58,4,0.068965517,1,0.25,24,3,0.125,1,0.333333333,34,1,0.029411765,0,0,44,4,0.090909091,1,0.25,14,0,0,0,,19,1,0.052631579,0,0,17,1,0.058823529,0,0,2,0,0,0,,22,2,0.090909091,0,0,16,2,0.125,0,0,6,0,0,0,,17,1,0.058823529,1,1,11,1,0.090909091,1,1,6,0,0,0,,0,0,,0,,0,0,,0,,0,0,,0,,33,1,0.03030303,0,0,23,2,0.086956522,0,0,2,1,0.5,1,1
656484,Gray,Tristan,87,6,0.068965517,3,0.5,46,3,0.065217391,2,0.666666667,41,3,0.073170732,1,0.333333333,63,6,0.095238095,3,0.5,24,0,0,0,,35,4,0.114285714,2,0.5,32,4,0.125,2,0.5,3,0,0,0,,33,0,0,0,,22,0,0,0,,11,0,0,0,,19,2,0.105263158,1,0.5,9,2,0.222222222,1,0.5,10,0,0,0,,0,0,,0,,0,0,,0,,0,0,,0,,54,5,0.092592593,2,0.4,24,1,0.041666667,1,1,9,0,0,0,
657757,Sheets,Gavin,303,6,0.01980198,2,0.333333333,152,1,0.006578947,1,1,151,5,0.033112583,1,0.2,226,6,0.026548673,2,0.333333333,77,0,0,0,,118,1,0.008474576,1,1,107,1,0.009345794,1,1,11,0,0,0,,119,3,0.025210084,1,0.333333333,86,3,0.034883721,1,0.333333333,33,0,0,0,,66,2,0.03030303,0,0,33,2,0.060606061,0,0,33,0,0,0,,0,0,,0,,0,0,,0,,0,0,,0,,162,2,0.012345679,0,0,115,2,0.017391304,1,0.5,26,2,0.076923077,1,0.5
664954,Sullivan,Brett,100,2,0.02,1,0.5,40,1,0.025,0,0,60,1,0.016666667,1,1,64,1,0.015625,1,1,36,1,0.027777778,0,0,32,0,0,0,,28,0,0,0,,4,0,0,0,,34,1,0.029411765,0,0,23,0,0,0,,11,1,0.090909091,0,0,33,1,0.03030303,1,1,12,1,0.083333333,1,1,21,0,0,0,,1,0,0,0,,1,0,0,0,,0,0,,0,,64,2,0.03125,1,0.5,28,0,0,0,,8,0,0,0,
592206,Castellanos,Nicholas,45,2,0.044444444,0,0,32,2,0.0625,0,0,13,0,0,0,,34,2,0.058823529,0,0,11,0,0,0,,13,1,0.076923077,0,0,13,1,0.076923077,0,0,0,0,,0,,17,0,0,0,,12,0,0,0,,5,0,0,0,,15,1,0.066666667,0,0,9,1,0.111111111,0,0,6,0,0,0,,0,0,,0,,0,0,,0,,0,0,,0,,27,0,0,0,,11,1,0.090909091,0,0,7,1,0.142857143,0,0
605170,Caratini,Victor,247,7,0.028340081,3,0.428571429,107,4,0.037383178,1,0.25,140,3,0.021428571,2,0.666666667,145,4,0.027586207,1,0.25,102,3,0.029411765,2,0.666666667,83,2,0.024096386,1,0.5,68,2,0.029411765,1,0.5,15,0,0,0,,96,2,0.020833333,0,0,56,2,0.035714286,0,0,40,0,0,0,,66,3,0.045454545,2,0.666666667,21,0,0,0,,45,3,0.066666667,2,0.666666667,2,0,0,0,,0,0,,0,,2,0,0,0,,153,5,0.032679739,3,0.6,70,1,0.014285714,0,0,24,1,0.041666667,0,0
622268,Walton,Donovan,83,3,0.036144578,2,0.666666667,47,1,0.021276596,1,1,36,2,0.055555556,1,0.5,56,3,0.053571429,2,0.666666667,27,0,0,0,,26,1,0.038461538,1,1,24,1,0.041666667,1,1,2,0,0,0,,31,1,0.032258065,0,0,20,1,0.05,0,0,11,0,0,0,,25,1,0.04,1,1,11,1,0.090909091,1,1,14,0,0,0,,1,0,0,0,,1,0,0,0,,0,0,,0,,39,1,0.025641026,1,1,37,2,0.054054054,1,0.5,7,0,0,0,
624428,Frazier,Adam,64,2,0.03125,2,1,36,1,0.027777778,1,1,28,1,0.035714286,1,1,34,1,0.029411765,1,1,30,1,0.033333333,1,1,18,0,0,0,,14,0,0,0,,4,0,0,0,,21,0,0,0,,10,0,0,0,,11,0,0,0,,24,2,0.083333333,2,1,10,1,0.1,1,1,14,1,0.071428571,1,1,1,0,0,0,,0,0,,0,,1,0,0,0,,43,2,0.046511628,2,1,16,0,0,0,,5,0,0,0,
641857,McMahon,Ryan,210,7,0.033333333,6,0.857142857,98,2,0.020408163,2,1,112,5,0.044642857,4,0.8,109,2,0.018348624,2,1,101,5,0.04950495,4,0.8,64,2,0.03125,2,1,49,1,0.020408163,1,1,15,1,0.066666667,1,1,72,1,0.013888889,1,1,33,1,0.03030303,1,1,39,0,0,0,,72,4,0.055555556,3,0.75,27,0,0,0,,45,4,0.088888889,3,0.75,2,0,0,0,,0,0,,0,,2,0,0,0,,132,4,0.03030303,4,1,65,3,0.046153846,2,0.666666667,13,0,0,0,
643289,Dubón,Mauricio,249,14,0.0562249,6,0.428571429,115,3,0.026086957,0,0,134,11,0.082089552,6,0.545454545,193,10,0.051813472,4,0.4,56,4,0.071428571,2,0.5,94,5,0.053191489,3,0.6,82,3,0.036585366,2,0.666666667,12,2,0.166666667,1,0.5,78,4,0.051282051,0,0,62,3,0.048387097,0,0,16,1,0.0625,0,0,76,5,0.065789474,3,0.6,49,4,0.081632653,2,0.5,27,1,0.037037037,1,1,1,0,0,0,,0,0,,0,,1,0,0,0,,181,10,0.055248619,4,0.4,58,4,0.068965517,2,0.5,10,0,0,0,
650489,Castro,Willi,207,24,0.115942029,6,0.25,94,9,0.095744681,3,0.333333333,113,15,0.132743363,3,0.2,139,15,0.107913669,3,0.2,68,9,0.132352941,3,0.333333333,81,7,0.086419753,1,0.142857143,74,7,0.094594595,1,0.142857143,7,0,0,0,,75,11,0.146666667,4,0.363636364,44,6,0.136363636,1,0.166666667,31,5,0.161290323,3,0.6,50,6,0.12,1,0.166666667,21,2,0.095238095,1,0.5,29,4,0.137931034,0,0,1,0,0,0,,0,0,,0,,1,0,0,0,,137,15,0.109489051,2,0.133333333,47,7,0.14893617,4,0.571428571,23,2,0.086956522,0,0
656941,Schwarber,Kyle,359,24,0.066852368,12,0.5,170,14,0.082352941,7,0.5,189,10,0.052910053,5,0.5,262,17,0.064885496,9,0.529411765,97,7,0.072164948,3,0.428571429,162,8,0.049382716,5,0.625,152,7,0.046052632,5,0.714285714,10,1,0.1,0,0,101,7,0.069306931,2,0.285714286,65,5,0.076923077,1,0.2,36,2,0.055555556,1,0.5,91,7,0.076923077,5,0.714285714,43,5,0.11627907,3,0.6,48,2,0.041666667,2,1,5,2,0.4,0,0,2,0,0,0,0,3,2,0.666666667,0,0,191,14,0.073298429,8,0.571428571,136,9,0.066176471,4,0.444444444,32,1,0.03125,0,0
662139,Varsho,Daulton,215,8,0.037209302,5,0.625,106,4,0.037735849,3,0.75,109,4,0.036697248,2,0.5,153,7,0.045751634,4,0.571428571,62,1,0.016129032,1,1,89,3,0.033707865,2,0.666666667,75,3,0.04,2,0.666666667,14,0,0,0,,83,4,0.048192771,3,0.75,56,3,0.053571429,2,0.666666667,27,1,0.037037037,1,1,41,1,0.024390244,0,0,21,1,0.047619048,0,0,20,0,0,0,,2,0,0,0,,1,0,0,0,,1,0,0,0,,126,7,0.055555556,4,0.571428571,80,1,0.0125,1,1,9,0,0,0,
663743,Fortes,Nicholas,143,7,0.048951049,4,0.571428571,73,2,0.02739726,0,0,70,5,0.071428571,4,0.8,100,4,0.04,3,0.75,43,3,0.069767442,1,0.333333333,46,2,0.043478261,1,0.5,40,2,0.05,1,0.5,6,0,0,0,,48,3,0.0625,1,0.333333333,33,0,0,0,,15,3,0.2,1,0.333333333,48,2,0.041666667,2,1,27,2,0.074074074,2,1,21,0,0,0,,1,0,0,0,,0,0,,0,,1,0,0,0,,102,5,0.049019608,2,0.4,31,1,0.032258065,1,1,10,1,0.1,1,1
664761,Bohm,Alec,306,15,0.049019608,9,0.6,143,7,0.048951049,2,0.285714286,163,8,0.049079755,7,0.875,205,12,0.058536585,8,0.666666667,101,3,0.02970297,1,0.333333333,103,6,0.058252427,4,0.666666667,96,6,0.0625,4,0.666666667,7,0,0,0,,111,4,0.036036036,3,0.75,73,4,0.054794521,3,0.75,38,0,0,0,,89,5,0.056179775,2,0.4,36,2,0.055555556,1,0.5,53,3,0.056603774,1,0.333333333,3,0,0,0,,0,0,,0,,3,0,0,0,,201,12,0.059701493,8,0.666666667,92,2,0.02173913,1,0.5,13,1,0.076923077,0,0
666018,Aranda,Jonathan,350,22,0.062857143,9,0.409090909,174,10,0.057471264,4,0.4,176,12,0.068181818,5,0.416666667,248,16,0.064516129,7,0.4375,102,6,0.058823529,2,0.333333333,136,2,0.014705882,0,0,124,2,0.016129032,0,0,12,0,0,0,,118,9,0.076271186,4,0.444444444,75,6,0.08,2,0.333333333,43,3,0.069767442,2,0.666666667,91,11,0.120879121,5,0.454545455,49,8,0.163265306,5,0.625,42,3,0.071428571,0,0,5,0,0,0,,0,0,,0,,5,0,0,0,,210,16,0.076190476,8,0.5,102,5,0.049019608,1,0.2,38,1,0.026315789,0,0
666310,Naylor,Noah,61,3,0.049180328,1,0.333333333,27,2,0.074074074,1,0.5,34,1,0.029411765,0,0,43,3,0.069767442,1,0.333333333,18,0,0,0,,27,3,0.111111111,1,0.333333333,27,3,0.111111111,1,0.333333333,0,0,,0,,19,0,0,0,,13,0,0,0,,6,0,0,0,,15,0,0,0,,3,0,0,0,,12,0,0,0,,0,0,,0,,0,0,,0,,0,0,,0,,33,3,0.090909091,1,0.333333333,20,0,0,0,,8,0,0,0,
672695,Perdomo,Geraldo,511,28,0.054794521,16,0.571428571,251,15,0.059760956,8,0.533333333,260,13,0.05,8,0.615384615,378,20,0.052910053,13,0.65,133,8,0.060150376,3,0.375,212,5,0.023584906,3,0.6,188,5,0.026595745,3,0.6,24,0,0,0,,178,12,0.06741573,7,0.583333333,123,8,0.06504065,5,0.625,55,4,0.072727273,2,0.5,116,10,0.086206897,6,0.6,65,6,0.092307692,5,0.833333333,51,4,0.078431373,1,0.25,5,1,0.2,0,0,2,1,0.5,0,0,3,0,0,0,0,336,16,0.047619048,6,0.375,129,6,0.046511628,5,0.833333333,46,6,0.130434783,5,0.833333333
673237,Diaz,Yainer,88,6,0.068181818,2,0.333333333,36,4,0.111111111,1,0.25,52,2,0.038461538,1,0.5,54,4,0.074074074,2,0.5,34,2,0.058823529,0,0,37,1,0.027027027,1,1,29,1,0.034482759,1,1,8,0,0,0,,27,3,0.111111111,1,0.333333333,18,3,0.166666667,1,0.333333333,9,0,0,0,,24,2,0.083333333,0,0,7,0,0,0,,17,2,0.117647059,0,0,0,0,,0,,0,0,,0,,0,0,,0,,59,5,0.084745763,2,0.4,25,0,0,0,,4,1,0.25,0,0
673357,Robert,Luis,99,6,0.060606061,3,0.5,59,4,0.06779661,2,0.5,40,2,0.05,1,0.5,77,5,0.064935065,3,0.6,22,1,0.045454545,0,0,35,3,0.085714286,3,1,35,3,0.085714286,3,1,0,0,,0,,35,1,0.028571429,0,0,29,1,0.034482759,0,0,6,0,0,0,,28,2,0.071428571,0,0,13,1,0.076923077,0,0,15,1,0.066666667,0,0,1,0,0,0,,0,0,,0,,1,0,0,0,,69,2,0.028985507,1,0.5,27,4,0.148148148,2,0.5,3,0,0,0,
673548,Suzuki,Seiya,427,15,0.035128806,11,0.733333333,213,8,0.037558685,5,0.625,214,7,0.03271028,6,0.857142857,348,11,0.031609195,7,0.636363636,79,4,0.050632911,4,1,148,2,0.013513514,1,0.5,136,1,0.007352941,0,0,12,1,0.083333333,1,1,150,7,0.046666667,6,0.857142857,128,6,0.046875,5,0.833333333,22,1,0.045454545,1,1,123,5,0.040650407,3,0.6,84,4,0.047619048,2,0.5,39,1,0.025641026,1,1,6,1,0.166666667,1,1,0,0,,0,0,6,1,0.166666667,1,1,258,11,0.042635659,10,0.909090909,152,4,0.026315789,1,0.25,17,0,0,0,
676369,Velázquez,Nelson,61,4,0.06557377,3,0.75,24,1,0.041666667,1,1,37,3,0.081081081,2,0.666666667,41,3,0.073170732,3,1,20,1,0.05,0,0,19,2,0.105263158,2,1,19,2,0.105263158,2,1,0,0,,0,,22,2,0.090909091,1,0.5,15,1,0.066666667,1,1,7,1,0.142857143,0,0,20,0,0,0,,7,0,0,0,,13,0,0,0,,0,0,,0,,0,0,,0,,0,0,,0,,34,4,0.117647059,3,0.75,20,0,0,0,,7,0,0,0,
676475,Burleson,Alec,269,8,0.029739777,5,0.625,144,5,0.034722222,4,0.8,125,3,0.024,1,0.333333333,222,7,0.031531532,4,0.571428571,47,1,0.021276596,1,1,117,4,0.034188034,3,0.75,113,4,0.03539823,3,0.75,4,0,0,0,,91,1,0.010989011,1,1,73,1,0.01369863,1,1,18,0,0,0,,60,3,0.05,1,0.333333333,36,2,0.055555556,0,0,24,1,0.041666667,1,1,1,0,0,0,,0,0,,0,,1,0,0,0,,169,3,0.017751479,2,0.666666667,76,4,0.052631579,2,0.5,24,1,0.041666667,1,1
676914,Schneider,Davis,124,16,0.129032258,13,0.8125,57,7,0.122807018,6,0.857142857,67,9,0.134328358,7,0.777777778,87,13,0.149425287,10,0.769230769,37,3,0.081081081,3,1,47,6,0.127659574,5,0.833333333,40,6,0.15,5,0.833333333,7,0,0,0,,45,6,0.133333333,5,0.833333333,31,5,0.161290323,4,0.8,14,1,0.071428571,1,1,30,3,0.1,2,0.666666667,16,2,0.125,1,0.5,14,1,0.071428571,1,1,2,1,0.5,1,1,0,0,,0,0,2,1,0.5,1,1,81,10,0.12345679,9,0.9,39,6,0.153846154,4,0.666666667,4,0,0,0,
678545,Basabe,Osleivis,71,2,0.028169014,0,0,36,2,0.055555556,0,0,35,0,0,0,,40,0,0,0,,31,2,0.064516129,0,0,19,0,0,0,,15,0,0,0,,4,0,0,0,,31,1,0.032258065,0,0,18,0,0,0,,13,1,0.076923077,0,0,21,1,0.047619048,0,0,7,0,0,0,,14,1,0.071428571,0,0,0,0,,0,,0,0,,0,,0,0,,0,,47,2,0.042553191,0,0,19,0,0,0,,5,0,0,0,
680757,Kwan,Steven,495,14,0.028282828,7,0.5,244,6,0.024590164,3,0.5,251,8,0.03187251,4,0.5,347,11,0.031700288,6,0.545454545,148,3,0.02027027,1,0.333333333,208,4,0.019230769,2,0.5,189,3,0.015873016,2,0.666666667,19,1,0.052631579,0,0,154,7,0.045454545,4,0.571428571,98,6,0.06122449,3,0.5,56,1,0.017857143,1,1,131,3,0.022900763,1,0.333333333,58,2,0.034482759,1,0.5,73,1,0.01369863,0,0,2,0,0,0,,2,0,0,0,,0,0,,0,,377,10,0.026525199,4,0.4,98,4,0.040816327,3,0.75,20,0,0,0,
681082,Stott,Bryson,457,7,0.015317287,3,0.428571429,215,5,0.023255814,2,0.4,242,2,0.008264463,1,0.5,303,7,0.02310231,3,0.428571429,154,0,0,0,,147,2,0.013605442,1,0.5,125,2,0.016,1,0.5,22,0,0,0,,169,3,0.017751479,1,0.333333333,119,3,0.025210084,1,0.333333333,50,0,0,0,,136,2,0.014705882,1,0.5,57,2,0.035087719,1,0.5,79,0,0,0,,5,0,0,0,,2,0,0,0,,3,0,0,0,,334,3,0.008982036,1,0.333333333,98,3,0.030612245,2,0.666666667,25,1,0.04,0,0
683737,Busch,Michael,361,18,0.049861496,6,0.333333333,178,7,0.039325843,1,0.142857143,183,11,0.06010929,5,0.454545455,297,14,0.047138047,6,0.428571429,64,4,0.0625,0,0,140,6,0.042857143,2,0.333333333,130,5,0.038461538,2,0.4,10,1,0.1,0,0,112,2,0.017857143,1,0.5,96,2,0.020833333,1,0.5,16,0,0,0,,103,9,0.087378641,3,0.333333333,69,6,0.086956522,3,0.5,34,3,0.088235294,0,0,6,1,0.166666667,0,0,2,1,0.5,0,0,4,0,0,0,0,222,14,0.063063063,4,0.285714286,112,3,0.026785714,1,0.333333333,27,1,0.037037037,1,1
687221,Rushing,Dalton,119,6,0.050420168,3,0.5,57,3,0.052631579,1,0.333333333,62,3,0.048387097,2,0.666666667,84,4,0.047619048,2,0.5,35,2,0.057142857,1,0.5,32,1,0.03125,0,0,30,1,0.033333333,0,0,2,0,0,0,,51,2,0.039215686,2,1,33,1,0.03030303,1,1,18,1,0.055555556,1,1,36,3,0.083333333,1,0.333333333,21,2,0.095238095,1,0.5,15,1,0.066666667,0,0,0,0,,0,,0,0,,0,,0,0,,0,,68,4,0.058823529,1,0.25,37,2,0.054054054,2,1,14,0,0,0,
687231,Hernaiz,Darell,93,8,0.086021505,5,0.625,48,3,0.0625,2,0.666666667,45,5,0.111111111,3,0.6,61,7,0.114754098,4,0.571428571,32,1,0.03125,1,1,23,2,0.086956522,1,0.5,20,2,0.1,1,0.5,3,0,0,0,,40,4,0.1,3,0.75,25,4,0.16,3,0.75,15,0,0,0,,27,2,0.074074074,1,0.5,14,1,0.071428571,0,0,13,1,0.076923077,1,1,3,0,0,0,,2,0,0,0,,1,0,0,0,,63,6,0.095238095,5,0.833333333,26,2,0.076923077,0,0,4,0,0,0,
665019,Clemens,Kody,256,16,0.0625,5,0.3125,120,10,0.083333333,4,0.4,136,6,0.044117647,1,0.166666667,167,6,0.035928144,3,0.5,89,10,0.112359551,2,0.2,91,2,0.021978022,2,1,82,2,0.024390244,2,1,9,0,0,0,,92,4,0.043478261,2,0.5,63,2,0.031746032,1,0.5,29,2,0.068965517,1,0.5,69,9,0.130434783,1,0.111111111,21,2,0.095238095,0,0,48,7,0.145833333,1,0.142857143,4,1,0.25,0,0,1,0,0,0,0,3,1,0.333333333,0,0,162,9,0.055555556,3,0.333333333,73,7,0.095890411,2,0.285714286,21,0,0,0,
665161,Peña,Jeremy,149,3,0.020134228,2,0.666666667,65,1,0.015384615,1,1,84,2,0.023809524,1,0.5,106,2,0.018867925,1,0.5,43,1,0.023255814,1,1,75,1,0.013333333,1,1,68,1,0.014705882,1,1,7,0,0,0,,39,2,0.051282051,1,0.5,23,1,0.043478261,0,0,16,1,0.0625,1,1,35,0,0,0,,15,0,0,0,,20,0,0,0,,0,0,,0,,0,0,,0,,0,0,,0,,90,2,0.022222222,2,1,46,1,0.02173913,0,0,13,0,0,0,
665750,Taveras,Leody,241,16,0.066390041,8,0.5,111,9,0.081081081,5,0.555555556,130,7,0.053846154,3,0.428571429,174,10,0.057471264,5,0.5,67,6,0.089552239,3,0.5,83,4,0.048192771,3,0.75,71,4,0.056338028,3,0.75,12,0,0,0,,82,3,0.036585366,0,0,62,1,0.016129032,0,0,20,2,0.1,0,0,72,8,0.111111111,5,0.625,40,4,0.1,2,0.5,32,4,0.125,3,0.75,4,1,0.25,0,0,1,1,1,0,0,3,0,0,0,0,143,12,0.083916084,6,0.5,69,2,0.028985507,1,0.5,29,2,0.068965517,1,0.5
665877,Fermín,José,279,10,0.035842294,2,0.2,152,5,0.032894737,0,0,127,5,0.039370079,2,0.4,205,10,0.048780488,2,0.2,74,0,0,0,,67,2,0.029850746,0,0,62,2,0.032258065,0,0,5,0,0,0,,99,1,0.01010101,0,0,80,1,0.0125,0,0,19,0,0,0,,108,6,0.055555556,1,0.166666667,60,6,0.1,1,0.166666667,48,0,0,0,,5,1,0.2,1,1,3,1,0.333333333,1,1,2,0,0,0,0,157,5,0.031847134,2,0.4,103,5,0.048543689,0,0,19,0,0,0,
668904,Lewis,Royce,203,6,0.02955665,3,0.5,93,2,0.021505376,2,1,110,4,0.036363636,1,0.25,132,3,0.022727273,2,0.666666667,71,3,0.042253521,1,0.333333333,65,2,0.030769231,2,1,59,2,0.033898305,2,1,6,0,0,0,,82,1,0.012195122,0,0,52,0,0,0,,30,1,0.033333333,0,0,56,3,0.053571429,1,0.333333333,21,1,0.047619048,0,0,35,2,0.057142857,1,0.5,0,0,,0,,0,0,,0,,0,0,,0,,138,3,0.02173913,2,0.666666667,47,2,0.042553191,1,0.5,18,1,0.055555556,0,0
669257,Smith,William,155,2,0.012903226,1,0.5,85,0,0,0,,70,2,0.028571429,1,0.5,121,2,0.016528926,1,0.5,34,0,0,0,,53,0,0,0,,49,0,0,0,,4,0,0,0,,62,2,0.032258065,1,0.5,46,2,0.043478261,1,0.5,16,0,0,0,,40,0,0,0,,26,0,0,0,,14,0,0,0,,0,0,,0,,0,0,,0,,0,0,,0,,105,0,0,0,,38,0,0,0,,12,2,0.166666667,1,0.5
669911,Toglia,Michael,19,2,0.105263158,0,0,14,2,0.142857143,0,0,5,0,0,0,,10,2,0.2,0,0,9,0,0,0,,3,1,0.333333333,0,0,3,1,0.333333333,0,0,0,0,,0,,10,1,0.1,0,0,7,1,0.142857143,0,0,3,0,0,0,,5,0,0,0,,0,0,,0,,5,0,0,0,,1,0,0,0,,0,0,,0,,1,0,0,0,,14,2,0.142857143,0,0,4,0,0,0,,1,0,0,0,
670032,Lopez,Nicholas,126,4,0.031746032,2,0.5,59,0,0,0,,67,4,0.059701493,2,0.5,81,2,0.024691358,0,0,45,2,0.044444444,2,1,38,0,0,0,,30,0,0,0,,8,0,0,0,,36,0,0,0,,29,0,0,0,,7,0,0,0,,51,4,0.078431373,2,0.5,22,2,0.090909091,0,0,29,2,0.068965517,2,1,1,0,0,0,,0,0,,0,,1,0,0,0,,74,2,0.027027027,1,0.5,35,1,0.028571429,0,0,17,1,0.058823529,1,1
670764,Walls,Taylor,268,17,0.063432836,8,0.470588235,150,10,0.066666667,5,0.5,118,7,0.059322034,3,0.428571429,172,9,0.052325581,4,0.444444444,96,8,0.083333333,4,0.5,81,4,0.049382716,1,0.25,74,4,0.054054054,1,0.25,7,0,0,0,,95,5,0.052631579,4,0.8,60,4,0.066666667,3,0.75,35,1,0.028571429,1,1,86,6,0.069767442,2,0.333333333,38,1,0.026315789,0,0,48,5,0.104166667,2,0.4,6,2,0.333333333,1,0.5,0,0,,0,0,6,2,0.333333333,1,0.5,154,10,0.064935065,4,0.4,92,7,0.076086957,4,0.571428571,22,0,0,0,
670770,Friedl,Terry,170,2,0.011764706,1,0.5,83,1,0.012048193,0,0,87,1,0.011494253,1,1,130,2,0.015384615,1,0.5,40,0,0,0,,62,1,0.016129032,1,1,58,1,0.017241379,1,1,4,0,0,0,,49,0,0,0,,38,0,0,0,,11,0,0,0,,55,1,0.018181818,0,0,31,1,0.032258065,0,0,24,0,0,0,,4,0,0,0,,3,0,0,0,,1,0,0,0,,124,1,0.008064516,1,1,30,1,0.033333333,0,0,16,0,0,0,
676391,Clement,Ernie,219,12,0.054794521,7,0.583333333,113,4,0.03539823,4,1,106,8,0.075471698,3,0.375,153,5,0.032679739,2,0.4,66,7,0.106060606,5,0.714285714,77,2,0.025974026,2,1,69,1,0.014492754,1,1,8,1,0.125,1,1,80,4,0.05,3,0.75,51,1,0.019607843,1,1,29,3,0.103448276,2,0.666666667,59,6,0.101694915,2,0.333333333,33,3,0.090909091,0,0,26,3,0.115384615,2,0.666666667,3,0,0,0,,0,0,,0,,3,0,0,0,,145,9,0.062068966,7,0.777777778,61,2,0.032786885,0,0,13,1,0.076923077,0,0
677950,Thomas,Alek,51,4,0.078431373,3,0.75,23,4,0.173913043,3,0.75,28,0,0,0,,39,4,0.102564103,3,0.75,12,0,0,0,,18,1,0.055555556,1,1,17,1,0.058823529,1,1,1,0,0,0,,24,2,0.083333333,2,1,14,2,0.142857143,2,1,10,0,0,0,,9,1,0.111111111,0,0,8,1,0.125,0,0,1,0,0,0,,0,0,,0,,0,0,,0,,0,0,,0,,33,2,0.060606061,2,1,14,2,0.142857143,1,0.5,4,0,0,0,
679845,Loftin,Nicholas,273,17,0.062271062,9,0.529411765,120,7,0.058333333,2,0.285714286,153,10,0.065359477,7,0.7,184,12,0.065217391,7,0.583333333,89,5,0.056179775,2,0.4,95,4,0.042105263,4,1,81,4,0.049382716,4,1,14,0,0,0,,92,4,0.043478261,3,0.75,67,3,0.044776119,2,0.666666667,25,1,0.04,1,1,83,9,0.108433735,2,0.222222222,36,5,0.138888889,1,0.2,47,4,0.085106383,1,0.25,3,0,0,0,,0,0,,0,,3,0,0,0,,173,11,0.063583815,6,0.545454545,80,5,0.0625,2,0.4,20,1,0.05,1,1
542303,Ozuna,Marcell,226,23,0.101769912,12,0.52173913,123,13,0.105691057,7,0.538461538,103,10,0.097087379,5,0.5,157,19,0.121019108,12,0.631578947,69,4,0.057971014,0,0,72,8,0.111111111,3,0.375,58,7,0.120689655,3,0.428571429,14,1,0.071428571,0,0,78,8,0.102564103,5,0.625,56,6,0.107142857,5,0.833333333,22,2,0.090909091,0,0,70,6,0.085714286,4,0.666666667,43,6,0.139534884,4,0.666666667,27,0,0,0,,6,1,0.166666667,0,0,0,0,,0,0,6,1,0.166666667,0,0,159,18,0.113207547,9,0.5,50,4,0.08,2,0.5,17,1,0.058823529,1,1
545121,Vargas,Ildemaro,253,4,0.015810277,1,0.25,125,3,0.024,1,0.333333333,128,1,0.0078125,0,0,178,3,0.016853933,1,0.333333333,75,1,0.013333333,0,0,76,0,0,0,,64,0,0,0,,12,0,0,0,,91,0,0,0,,69,0,0,0,,22,0,0,0,,84,4,0.047619048,1,0.25,45,3,0.066666667,1,0.333333333,39,1,0.025641026,0,0,2,0,0,0,,0,0,,0,,2,0,0,0,,158,2,0.012658228,1,0.5,65,0,0,0,,30,2,0.066666667,0,0
545361,Trout,Michael,396,11,0.027777778,7,0.636363636,199,1,0.005025126,0,0,197,10,0.050761421,7,0.7,281,6,0.021352313,3,0.5,115,5,0.043478261,4,0.8,161,1,0.00621118,0,0,140,1,0.007142857,0,0,21,0,0,0,,116,2,0.017241379,2,1,80,2,0.025,2,1,36,0,0,0,,118,8,0.06779661,5,0.625,61,3,0.049180328,1,0.333333333,57,5,0.087719298,4,0.8,1,0,0,0,,0,0,,0,,1,0,0,0,,235,10,0.042553191,7,0.7,144,1,0.006944444,0,0,17,0,0,0,
547180,Harper,Bryce,243,43,0.176954733,20,0.465116279,117,19,0.162393162,9,0.473684211,126,24,0.19047619,11,0.458333333,184,34,0.184782609,13,0.382352941,59,9,0.152542373,7,0.777777778,114,17,0.149122807,7,0.411764706,102,15,0.147058824,6,0.4,12,2,0.166666667,1,0.5,82,14,0.170731707,10,0.714285714,55,11,0.2,7,0.636363636,27,3,0.111111111,3,1,46,11,0.239130435,3,0.272727273,26,7,0.269230769,0,0,20,4,0.2,3,0.75,1,1,1,0,0,1,1,1,0,0,0,0,,0,0,144,29,0.201388889,14,0.482758621,75,12,0.16,5,0.416666667,24,2,0.083333333,1,0.5
573262,Yastrzemski,Michael,258,4,0.015503876,1,0.25,132,2,0.015151515,1,0.5,126,2,0.015873016,0,0,197,3,0.015228426,0,0,61,1,0.016393443,1,1,82,2,0.024390244,0,0,78,2,0.025641026,0,0,4,0,0,0,,107,0,0,0,,78,0,0,0,,29,0,0,0,,68,2,0.029411765,1,0.5,40,1,0.025,0,0,28,1,0.035714286,1,1,1,0,0,0,,1,0,0,0,,0,0,,0,,170,2,0.011764706,1,0.5,78,2,0.025641026,0,0,10,0,0,0,
592518,Machado,Manuel,324,27,0.083333333,10,0.37037037,162,14,0.086419753,7,0.5,162,13,0.080246914,3,0.230769231,250,17,0.068,5,0.294117647,74,10,0.135135135,5,0.5,139,6,0.043165468,2,0.333333333,130,5,0.038461538,1,0.2,9,1,0.111111111,1,1,107,7,0.065420561,2,0.285714286,82,4,0.048780488,0,0,25,3,0.12,2,0.666666667,74,13,0.175675676,6,0.461538462,38,8,0.210526316,4,0.5,36,5,0.138888889,2,0.4,4,1,0.25,0,0,0,0,,0,0,4,1,0.25,0,0,221,15,0.067873303,7,0.466666667,84,8,0.095238095,3,0.375,19,4,0.210526316,0,0
593428,Bogaerts,Xander,376,30,0.079787234,18,0.6,187,16,0.085561497,9,0.5625,189,14,0.074074074,9,0.642857143,265,23,0.086792453,15,0.652173913,111,7,0.063063063,3,0.428571429,112,4,0.035714286,2,0.5,101,4,0.03960396,2,0.5,11,0,0,0,,151,12,0.079470199,7,0.583333333,108,10,0.092592593,7,0.7,43,2,0.046511628,0,0,111,14,0.126126126,9,0.642857143,56,9,0.160714286,6,0.666666667,55,5,0.090909091,3,0.6,2,0,0,0,,0,0,,0,,2,0,0,0,,244,17,0.069672131,10,0.588235294,115,12,0.104347826,7,0.583333333,17,1,0.058823529,1,1
593871,Polanco,Jorge,97,9,0.092783505,4,0.444444444,64,7,0.109375,3,0.428571429,33,2,0.060606061,1,0.5,62,5,0.080645161,2,0.4,35,4,0.114285714,2,0.5,35,3,0.085714286,1,0.333333333,28,3,0.107142857,1,0.333333333,7,0,0,0,,32,1,0.03125,1,1,21,1,0.047619048,1,1,11,0,0,0,,28,5,0.178571429,2,0.4,11,1,0.090909091,0,0,17,4,0.235294118,2,0.5,2,0,0,0,,2,0,0,0,,0,0,,0,,57,6,0.105263158,2,0.333333333,28,2,0.071428571,2,1,12,1,0.083333333,0,0
596115,Story,Trevor,100,2,0.02,2,1,45,0,0,0,,55,2,0.036363636,2,1,73,2,0.02739726,2,1,27,0,0,0,,38,1,0.026315789,1,1,33,1,0.03030303,1,1,5,0,0,0,,35,1,0.028571429,1,1,26,1,0.038461538,1,1,9,0,0,0,,25,0,0,0,,14,0,0,0,,11,0,0,0,,2,0,0,0,,0,0,,0,,2,0,0,0,,66,0,0,0,,30,2,0.066666667,2,1,4,0,0,0,
608369,Seager,Corey,97,7,0.072164948,5,0.714285714,39,4,0.102564103,2,0.5,58,3,0.051724138,3,1,75,5,0.066666667,4,0.8,22,2,0.090909091,1,0.5,45,2,0.044444444,2,1,42,2,0.047619048,2,1,3,0,0,0,,29,5,0.172413793,3,0.6,20,3,0.15,2,0.666666667,9,2,0.222222222,1,0.5,21,0,0,0,,12,0,0,0,,9,0,0,0,,2,0,0,0,,1,0,0,0,,1,0,0,0,,60,5,0.083333333,4,0.8,31,1,0.032258065,1,1,6,1,0.166666667,0,0
621493,Ward,Joseph,535,15,0.028037383,8,0.533333333,269,7,0.026022305,4,0.571428571,266,8,0.030075188,4,0.5,375,9,0.024,6,0.666666667,160,6,0.0375,2,0.333333333,213,5,0.023474178,3,0.6,186,4,0.021505376,3,0.75,27,1,0.037037037,0,0,151,2,0.013245033,2,1,99,2,0.02020202,2,1,52,0,0,0,,162,8,0.049382716,3,0.375,86,3,0.034883721,1,0.333333333,76,5,0.065789474,2,0.4,9,0,0,0,,4,0,0,0,,5,0,0,0,,361,12,0.033240997,8,0.666666667,152,3,0.019736842,0,0,22,0,0,0,
641584,Fraley,Jake,60,8,0.133333333,4,0.5,24,1,0.041666667,0,0,36,7,0.194444444,4,0.571428571,39,3,0.076923077,1,0.333333333,21,5,0.238095238,3,0.6,28,3,0.107142857,1,0.333333333,28,3,0.107142857,1,0.333333333,0,0,,0,,24,4,0.166666667,3,0.75,8,0,0,0,,16,4,0.25,3,0.75,8,1,0.125,0,0,3,0,0,0,,5,1,0.2,0,0,0,0,,0,,0,0,,0,,0,0,,0,,41,7,0.170731707,4,0.571428571,9,0,0,0,,10,1,0.1,0,0
650333,Arraez,Luis,365,5,0.01369863,3,0.6,172,3,0.01744186,2,0.666666667,193,2,0.010362694,1,0.5,267,3,0.011235955,3,1,98,2,0.020408163,0,0,160,0,0,0,,145,0,0,0,,15,0,0,0,,114,1,0.00877193,1,1,80,1,0.0125,1,1,34,0,0,0,,84,4,0.047619048,2,0.5,41,2,0.048780488,2,1,43,2,0.046511628,0,0,7,0,0,0,,1,0,0,0,,6,0,0,0,,271,2,0.007380074,1,0.5,79,3,0.037974684,2,0.666666667,15,0,0,0,
656582,Joe,Connor,38,2,0.052631579,1,0.5,28,1,0.035714286,0,0,10,1,0.1,1,1,30,2,0.066666667,1,0.5,8,0,0,0,,13,0,0,0,,13,0,0,0,,0,0,,0,,14,0,0,0,,10,0,0,0,,4,0,0,0,,11,2,0.181818182,1,0.5,7,2,0.285714286,1,0.5,4,0,0,0,,0,0,,0,,0,0,,0,,0,0,,0,,25,2,0.08,1,0.5,9,0,0,0,,4,0,0,0,
656811,O'Hearn,Ryan,240,17,0.070833333,8,0.470588235,118,6,0.050847458,3,0.5,122,11,0.090163934,5,0.454545455,166,14,0.084337349,6,0.428571429,74,3,0.040540541,2,0.666666667,104,8,0.076923077,2,0.25,94,8,0.085106383,2,0.25,10,0,0,0,,73,4,0.054794521,2,0.5,46,4,0.086956522,2,0.5,27,0,0,0,,58,5,0.086206897,4,0.8,26,2,0.076923077,2,1,32,3,0.09375,2,0.666666667,5,0,0,0,,0,0,,0,,5,0,0,0,,175,14,0.08,5,0.357142857,51,1,0.019607843,1,1,14,2,0.142857143,2,1
663457,Nootbaar,Lars,229,4,0.017467249,1,0.25,126,2,0.015873016,1,0.5,103,2,0.019417476,0,0,165,2,0.012121212,0,0,64,2,0.03125,1,0.5,69,0,0,0,,61,0,0,0,,8,0,0,0,,93,2,0.021505376,1,0.5,66,1,0.015151515,0,0,27,1,0.037037037,1,1,66,2,0.03030303,0,0,38,1,0.026315789,0,0,28,1,0.035714286,0,0,1,0,0,0,,0,0,,0,,1,0,0,0,,145,1,0.006896552,0,0,65,3,0.046153846,1,0.333333333,19,0,0,0,
663494,Torres,Bryan,101,6,0.059405941,4,0.666666667,49,4,0.081632653,3,0.75,52,2,0.038461538,1,0.5,79,4,0.050632911,3,0.75,22,2,0.090909091,1,0.5,34,0,0,0,,32,0,0,0,,2,0,0,0,,30,1,0.033333333,1,1,23,1,0.043478261,1,1,7,0,0,0,,36,5,0.138888889,3,0.6,23,3,0.130434783,2,0.666666667,13,2,0.153846154,1,0.5,1,0,0,0,,1,0,0,0,,0,0,,0,,66,2,0.03030303,2,1,26,2,0.076923077,1,0.5,9,2,0.222222222,1,0.5
663611,Madrigal,Nicklaus,37,6,0.162162162,4,0.666666667,15,1,0.066666667,1,1,22,5,0.227272727,3,0.6,29,5,0.172413793,4,0.8,8,1,0.125,0,0,15,3,0.2,2,0.666666667,14,3,0.214285714,2,0.666666667,1,0,0,0,,14,2,0.142857143,2,1,10,2,0.2,2,1,4,0,0,0,,8,1,0.125,0,0,5,0,0,0,,3,1,0.333333333,0,0,0,0,,0,,0,0,,0,,0,0,,0,,23,2,0.086956522,1,0.5,13,4,0.307692308,3,0.75,1,0,0,0,
663728,Raleigh,Caleb,220,18,0.081818182,11,0.611111111,100,7,0.07,4,0.571428571,120,11,0.091666667,7,0.636363636,157,13,0.082802548,8,0.615384615,63,5,0.079365079,3,0.6,91,5,0.054945055,4,0.8,84,5,0.05952381,4,0.8,7,0,0,0,,73,5,0.068493151,2,0.4,50,4,0.08,1,0.25,23,1,0.043478261,1,1,56,8,0.142857143,5,0.625,23,4,0.173913043,3,0.75,33,4,0.121212121,2,0.5,0,0,,0,,0,0,,0,,0,0,,0,,131,10,0.076335878,7,0.7,61,7,0.114754098,4,0.571428571,28,1,0.035714286,0,0
665742,Soto,Juan,236,17,0.072033898,10,0.588235294,123,12,0.097560976,6,0.5,113,5,0.044247788,4,0.8,175,10,0.057142857,5,0.5,61,7,0.114754098,5,0.714285714,107,8,0.074766355,5,0.625,98,6,0.06122449,3,0.5,9,2,0.222222222,2,1,77,5,0.064935065,2,0.4,53,2,0.037735849,1,0.5,24,3,0.125,1,0.333333333,50,3,0.06,2,0.666666667,24,2,0.083333333,1,0.5,26,1,0.038461538,1,1,2,1,0.5,1,1,0,0,,0,0,2,1,0.5,1,1,138,8,0.057971014,4,0.5,81,9,0.111111111,6,0.666666667,17,0,0,0,
666023,Fermin,Freddy,109,3,0.027522936,2,0.666666667,53,1,0.018867925,1,1,56,2,0.035714286,1,0.5,74,2,0.027027027,2,1,35,1,0.028571429,0,0,37,0,0,0,,33,0,0,0,,4,0,0,0,,37,2,0.054054054,2,1,28,2,0.071428571,2,1,9,0,0,0,,34,1,0.029411765,0,0,13,0,0,0,,21,1,0.047619048,0,0,1,0,0,0,,0,0,,0,,1,0,0,0,,62,0,0,0,,44,2,0.045454545,1,0.5,3,1,0.333333333,1,1
666182,Bichette,Bo,313,17,0.054313099,8,0.470588235,164,9,0.054878049,4,0.444444444,149,8,0.053691275,4,0.5,224,11,0.049107143,5,0.454545455,89,6,0.06741573,3,0.5,157,6,0.038216561,3,0.5,146,6,0.04109589,3,0.5,11,0,0,0,,81,4,0.049382716,0,0,47,2,0.042553191,0,0,34,2,0.058823529,0,0,70,6,0.085714286,4,0.666666667,30,3,0.1,2,0.666666667,40,3,0.075,2,0.666666667,5,1,0.2,1,1,1,0,0,0,0,4,1,0.25,1,1,223,13,0.058295964,7,0.538461538,76,4,0.052631579,1,0.25,14,0,0,0,
669364,Edwards,Xavier,342,14,0.040935673,9,0.642857143,170,8,0.047058824,5,0.625,172,6,0.034883721,4,0.666666667,240,8,0.033333333,5,0.625,102,6,0.058823529,4,0.666666667,145,5,0.034482759,2,0.4,118,3,0.025423729,1,0.333333333,27,2,0.074074074,1,0.5,123,7,0.056910569,6,0.857142857,85,5,0.058823529,4,0.8,38,2,0.052631579,2,1,71,2,0.028169014,1,0.5,37,0,0,0,,34,2,0.058823529,1,0.5,3,0,0,0,,0,0,,0,,3,0,0,0,,217,11,0.050691244,8,0.727272727,91,1,0.010989011,0,0,34,2,0.058823529,1,0.5
670623,Paredes,Isaac,399,15,0.037593985,11,0.733333333,186,8,0.043010753,7,0.875,213,7,0.03286385,4,0.571428571,262,9,0.034351145,6,0.666666667,137,6,0.04379562,5,0.833333333,158,6,0.037974684,5,0.833333333,137,6,0.04379562,5,0.833333333,21,0,0,0,,141,7,0.04964539,5,0.714285714,87,3,0.034482759,1,0.333333333,54,4,0.074074074,4,1,96,2,0.020833333,1,0.5,38,0,0,0,,58,2,0.034482759,1,0.5,4,0,0,0,,0,0,,0,,4,0,0,0,,253,7,0.027667984,5,0.714285714,115,7,0.060869565,5,0.714285714,31,1,0.032258065,1,1
672386,Kirk,Alejandro,165,13,0.078787879,5,0.384615385,88,8,0.090909091,3,0.375,77,5,0.064935065,2,0.4,112,10,0.089285714,5,0.5,53,3,0.056603774,0,0,60,6,0.1,2,0.333333333,55,6,0.109090909,2,0.333333333,5,0,0,0,,54,5,0.092592593,3,0.6,35,3,0.085714286,3,1,19,2,0.105263158,0,0,50,2,0.04,0,0,22,1,0.045454545,0,0,28,1,0.035714286,0,0,1,0,0,0,,0,0,,0,,1,0,0,0,,121,10,0.082644628,4,0.4,37,2,0.054054054,0,0,7,1,0.142857143,1,1
672761,Pérez,Wenceel,105,5,0.047619048,2,0.4,50,3,0.06,1,0.333333333,55,2,0.036363636,1,0.5,79,2,0.025316456,0,0,26,3,0.115384615,2,0.666666667,31,1,0.032258065,0,0,29,0,0,0,,2,1,0.5,0,0,37,2,0.054054054,2,1,27,0,0,0,,10,2,0.2,2,1,37,2,0.054054054,0,0,23,2,0.086956522,0,0,14,0,0,0,,0,0,,0,,0,0,,0,,0,0,,0,,64,3,0.046875,2,0.666666667,33,0,0,0,,8,2,0.25,0,0
671976,Peters,Tristan,128,7,0.0546875,3,0.428571429,61,4,0.06557377,2,0.5,67,3,0.044776119,1,0.333333333,73,5,0.068493151,2,0.4,55,2,0.036363636,1,0.5,43,3,0.069767442,2,0.666666667,36,3,0.083333333,2,0.666666667,7,0,0,0,,51,2,0.039215686,0,0,27,1,0.037037037,0,0,24,1,0.041666667,0,0,33,1,0.03030303,0,0,10,1,0.1,0,0,23,0,0,0,,1,1,1,1,1,0,0,,0,0,1,1,1,1,1,78,3,0.038461538,2,0.666666667,40,4,0.1,1,0.25,10,0,0,0,
672284,Kelenic,Jarred,50,3,0.06,1,0.333333333,21,1,0.047619048,0,0,29,2,0.068965517,1,0.5,39,2,0.051282051,1,0.5,11,1,0.090909091,0,0,13,0,0,0,,12,0,0,0,,1,0,0,0,,19,3,0.157894737,1,0.333333333,18,2,0.111111111,1,0.5,1,1,1,0,0,18,0,0,0,,9,0,0,0,,9,0,0,0,,0,0,,0,,0,0,,0,,0,0,,0,,33,1,0.03030303,1,1,13,1,0.076923077,0,0,4,1,0.25,0,0
672515,Moreno,Gabriel,413,18,0.043583535,11,0.611111111,221,14,0.063348416,10,0.714285714,192,4,0.020833333,1,0.25,298,11,0.036912752,6,0.545454545,115,7,0.060869565,5,0.714285714,135,4,0.02962963,3,0.75,127,4,0.031496063,3,0.75,8,0,0,0,,143,5,0.034965035,4,0.8,99,2,0.02020202,2,1,44,3,0.068181818,2,0.666666667,130,9,0.069230769,4,0.444444444,71,5,0.070422535,1,0.2,59,4,0.06779661,3,0.75,5,0,0,0,,1,0,0,0,,4,0,0,0,,282,14,0.04964539,9,0.642857143,112,3,0.026785714,1,0.333333333,19,1,0.052631579,1,1
673490,Kim,Ha-Seong,91,3,0.032967033,3,1,47,1,0.021276596,1,1,44,2,0.045454545,2,1,71,2,0.028169014,2,1,20,1,0.05,1,1,19,0,0,0,,17,0,0,0,,2,0,0,0,,38,1,0.026315789,1,1,32,1,0.03125,1,1,6,0,0,0,,33,2,0.060606061,2,1,22,1,0.045454545,1,1,11,1,0.090909091,1,1,1,0,0,0,,0,0,,0,,1,0,0,0,,68,1,0.014705882,1,1,21,2,0.095238095,2,1,2,0,0,0,
677587,Rocchio,Brayan,271,16,0.05904059,8,0.5,134,7,0.052238806,2,0.285714286,137,9,0.065693431,6,0.666666667,173,9,0.052023121,5,0.555555556,98,7,0.071428571,3,0.428571429,96,4,0.041666667,3,0.75,82,4,0.048780488,3,0.75,14,0,0,0,,94,6,0.063829787,3,0.5,58,4,0.068965517,2,0.5,36,2,0.055555556,1,0.5,81,6,0.074074074,2,0.333333333,33,1,0.03030303,0,0,48,5,0.104166667,2,0.4,0,0,,0,,0,0,,0,,0,0,,0,,143,9,0.062937063,3,0.333333333,98,5,0.051020408,3,0.6,30,2,0.066666667,2,1
678246,Vargas,Miguel,318,22,0.06918239,12,0.545454545,167,8,0.047904192,5,0.625,151,14,0.092715232,7,0.5,219,17,0.077625571,10,0.588235294,99,5,0.050505051,2,0.4,148,13,0.087837838,5,0.384615385,126,12,0.095238095,5,0.416666667,22,1,0.045454545,0,0,95,6,0.063157895,5,0.833333333,64,5,0.078125,5,1,31,1,0.032258065,0,0,69,2,0.028985507,2,1,29,0,0,0,,40,2,0.05,2,1,6,1,0.166666667,0,0,0,0,,0,0,6,1,0.166666667,0,0,198,12,0.060606061,7,0.583333333,101,8,0.079207921,5,0.625,19,2,0.105263158,0,0
681351,O'Hoppe,Logan,121,6,0.049586777,1,0.166666667,54,2,0.037037037,1,0.5,67,4,0.059701493,0,0,76,4,0.052631579,1,0.25,45,2,0.044444444,0,0,42,3,0.071428571,1,0.333333333,36,3,0.083333333,1,0.333333333,6,0,0,0,,40,2,0.05,0,0,23,0,0,0,,17,2,0.117647059,0,0,39,1,0.025641026,0,0,17,1,0.058823529,0,0,22,0,0,0,,0,0,,0,,0,0,,0,,0,0,,0,,91,6,0.065934066,1,0.166666667,20,0,0,0,,10,0,0,0,
681481,Carpenter,Kerry,151,6,0.039735099,2,0.333333333,75,3,0.04,0,0,76,3,0.039473684,2,0.666666667,124,4,0.032258065,1,0.25,27,2,0.074074074,1,0.5,57,0,0,0,,54,0,0,0,,3,0,0,0,,58,4,0.068965517,1,0.25,47,4,0.085106383,1,0.25,11,0,0,0,,36,2,0.055555556,1,0.5,23,0,0,0,,13,2,0.153846154,1,0.5,0,0,,0,,0,0,,0,,0,0,,0,,89,3,0.033707865,1,0.333333333,57,3,0.052631579,1,0.333333333,5,0,0,0,
682626,Alvarez,Francisco,241,20,0.082987552,9,0.45,127,10,0.078740157,3,0.3,114,10,0.087719298,6,0.6,156,11,0.070512821,4,0.363636364,85,9,0.105882353,5,0.555555556,94,5,0.053191489,4,0.8,80,3,0.0375,2,0.666666667,14,2,0.142857143,2,1,65,7,0.107692308,2,0.285714286,44,6,0.136363636,2,0.333333333,21,1,0.047619048,0,0,79,7,0.088607595,2,0.285714286,32,2,0.0625,0,0,47,5,0.106382979,2,0.4,3,1,0.333333333,1,1,0,0,,0,0,3,1,0.333333333,1,1,157,12,0.076433121,5,0.416666667,67,6,0.089552239,3,0.5,17,2,0.117647059,1,0.5
682928,Abrams,Paul,302,12,0.039735099,10,0.833333333,145,3,0.020689655,2,0.666666667,157,9,0.057324841,8,0.888888889,201,11,0.054726368,9,0.818181818,101,1,0.00990099,1,1,107,6,0.056074766,5,0.833333333,99,6,0.060606061,5,0.833333333,8,0,0,0,,108,5,0.046296296,4,0.8,71,4,0.056338028,3,0.75,37,1,0.027027027,1,1,85,1,0.011764706,1,1,31,1,0.032258065,1,1,54,0,0,0,,2,0,0,0,,0,0,,0,,2,0,0,0,,179,5,0.027932961,4,0.8,103,6,0.058252427,5,0.833333333,20,1,0.05,1,1
686527,Canzone,Dominic,254,11,0.043307087,5,0.454545455,111,3,0.027027027,2,0.666666667,143,8,0.055944056,3,0.375,193,9,0.046632124,4,0.444444444,61,2,0.032786885,1,0.5,110,4,0.036363636,2,0.5,104,4,0.038461538,2,0.5,6,0,0,0,,84,1,0.011904762,1,1,63,1,0.015873016,1,1,21,0,0,0,,59,6,0.101694915,2,0.333333333,25,4,0.16,1,0.25,34,2,0.058823529,1,0.5,1,0,0,0,,1,0,0,0,,0,0,,0,,154,7,0.045454545,3,0.428571429,71,3,0.042253521,1,0.333333333,29,1,0.034482759,1,1
687401,Ortiz,Joseph,245,5,0.020408163,2,0.4,135,3,0.022222222,1,0.333333333,110,2,0.018181818,1,0.5,155,4,0.025806452,1,0.25,90,1,0.011111111,1,1,79,1,0.012658228,1,1,59,0,0,0,,20,1,0.05,1,1,97,2,0.020618557,0,0,64,2,0.03125,0,0,33,0,0,0,,69,2,0.028985507,1,0.5,32,2,0.0625,1,0.5,37,0,0,0,,0,0,,0,,0,0,,0,,0,0,,0,,168,4,0.023809524,1,0.25,68,1,0.014705882,1,1,9,0,0,0,
694212,Basallo,Samuel,158,17,0.107594937,8,0.470588235,72,7,0.097222222,2,0.285714286,86,10,0.11627907,6,0.6,94,9,0.095744681,5,0.555555556,64,8,0.125,3,0.375,52,0,0,0,,41,0,0,0,,11,0,0,0,,47,6,0.127659574,2,0.333333333,24,3,0.125,2,0.666666667,23,3,0.130434783,0,0,58,11,0.189655172,6,0.545454545,29,6,0.206896552,3,0.5,29,5,0.172413793,3,0.6,1,0,0,0,,0,0,,0,,1,0,0,0,,100,12,0.12,4,0.333333333,45,4,0.088888889,3,0.75,13,1,0.076923077,1,1
694374,Tawa,Timothy,152,2,0.013157895,1,0.5,71,0,0,0,,81,2,0.024691358,1,0.5,101,1,0.00990099,1,1,51,1,0.019607843,0,0,42,0,0,0,,34,0,0,0,,8,0,0,0,,61,0,0,0,,43,0,0,0,,18,0,0,0,,46,2,0.043478261,1,0.5,24,1,0.041666667,1,1,22,1,0.045454545,0,0,3,0,0,0,,0,0,,0,,3,0,0,0,,93,2,0.021505376,1,0.5,55,0,0,0,,4,0,0,0,
695578,Wood,James,393,19,0.048346056,6,0.315789474,171,8,0.046783626,3,0.375,222,11,0.04954955,3,0.272727273,292,12,0.04109589,4,0.333333333,101,7,0.069306931,2,0.285714286,189,7,0.037037037,4,0.571428571,166,5,0.030120482,2,0.4,23,2,0.086956522,2,1,98,1,0.010204082,0,0,63,1,0.015873016,0,0,35,0,0,0,,106,11,0.103773585,2,0.181818182,63,6,0.095238095,2,0.333333333,43,5,0.11627907,0,0,0,0,,0,,0,0,,0,,0,0,,0,,218,8,0.036697248,3,0.375,140,8,0.057142857,2,0.25,35,3,0.085714286,1,0.333333333
702616,Holliday,Jackson,186,3,0.016129032,2,0.666666667,97,1,0.010309278,0,0,89,2,0.02247191,2,1,127,2,0.015748031,1,0.5,59,1,0.016949153,1,1,67,0,0,0,,54,0,0,0,,13,0,0,0,,65,2,0.030769231,1,0.5,41,2,0.048780488,1,0.5,24,0,0,0,,51,1,0.019607843,1,1,32,0,0,0,,19,1,0.052631579,1,1,3,0,0,0,,0,0,,0,,3,0,0,0,,128,3,0.0234375,2,0.666666667,45,0,0,0,,13,0,0,0,
814439,Waldschmidt,Ryan,187,8,0.042780749,5,0.625,95,2,0.021052632,2,1,92,6,0.065217391,3,0.5,118,6,0.050847458,4,0.666666667,69,2,0.028985507,1,0.5,64,2,0.03125,1,0.5,52,2,0.038461538,1,0.5,12,0,0,0,,66,4,0.060606061,2,0.5,46,3,0.065217391,2,0.666666667,20,1,0.05,0,0,56,2,0.035714286,2,1,20,1,0.05,1,1,36,1,0.027777778,1,1,1,0,0,0,,0,0,,0,,1,0,0,0,,112,4,0.035714286,2,0.5,64,2,0.03125,2,1,11,2,0.181818182,1,0.5
690993,Keith,Colten,252,16,0.063492063,9,0.5625,120,8,0.066666667,4,0.5,132,8,0.060606061,5,0.625,200,11,0.055,8,0.727272727,52,5,0.096153846,1,0.2,93,2,0.021505376,1,0.5,86,2,0.023255814,1,0.5,7,0,0,0,,95,8,0.084210526,5,0.625,77,7,0.090909091,5,0.714285714,18,1,0.055555556,0,0,62,5,0.080645161,3,0.6,37,2,0.054054054,2,1,25,3,0.12,1,0.333333333,2,1,0.5,0,0,0,0,,0,0,2,1,0.5,0,0,171,9,0.052631579,5,0.555555556,52,4,0.076923077,2,0.5,29,3,0.103448276,2,0.666666667
691373,Garcia,Jhostynxon,17,2,0.117647059,1,0.5,7,1,0.142857143,1,1,10,1,0.1,0,0,10,2,0.2,1,0.5,7,0,0,0,,7,1,0.142857143,0,0,4,1,0.25,0,0,3,0,0,0,,5,0,0,0,,3,0,0,0,,2,0,0,0,,5,1,0.2,1,1,3,1,0.333333333,1,1,2,0,0,0,,0,0,,0,,0,0,,0,,0,0,,0,,9,1,0.111111111,1,1,5,0,0,0,,3,1,0.333333333,0,0
691718,Crow-Armstrong,Pete,316,17,0.053797468,9,0.529411765,158,8,0.050632911,4,0.5,158,9,0.056962025,5,0.555555556,256,12,0.046875,6,0.5,60,5,0.083333333,3,0.6,142,3,0.021126761,1,0.333333333,136,3,0.022058824,1,0.333333333,6,0,0,0,,86,7,0.081395349,3,0.428571429,63,4,0.063492063,1,0.25,23,3,0.130434783,2,0.666666667,86,7,0.081395349,5,0.714285714,57,5,0.087719298,4,0.8,29,2,0.068965517,1,0.5,2,0,0,0,,0,0,,0,,2,0,0,0,,213,10,0.046948357,4,0.4,75,6,0.08,4,0.666666667,28,1,0.035714286,1,1
691740,Susac,Daniel,74,2,0.027027027,1,0.5,32,0,0,0,,42,2,0.047619048,1,0.5,55,1,0.018181818,0,0,19,1,0.052631579,1,1,21,0,0,0,,17,0,0,0,,4,0,0,0,,28,1,0.035714286,0,0,23,1,0.043478261,0,0,5,0,0,0,,24,1,0.041666667,1,1,15,0,0,0,,9,1,0.111111111,1,1,1,0,0,0,,0,0,,0,,1,0,0,0,,55,2,0.036363636,1,0.5,16,0,0,0,,3,0,0,0,
691777,Muncy,Maxwell,142,4,0.028169014,2,0.5,53,2,0.037735849,1,0.5,89,2,0.02247191,1,0.5,109,4,0.036697248,2,0.5,33,0,0,0,,47,2,0.042553191,1,0.5,43,2,0.046511628,1,0.5,4,0,0,0,,45,0,0,0,,38,0,0,0,,7,0,0,0,,48,2,0.041666667,1,0.5,28,2,0.071428571,1,0.5,20,0,0,0,,2,0,0,0,,0,0,,0,,2,0,0,0,,82,1,0.012195122,0,0,50,3,0.06,2,0.666666667,10,0,0,0,
694362,Dunn,Blake,104,7,0.067307692,3,0.428571429,56,4,0.071428571,2,0.5,48,3,0.0625,1,0.333333333,84,6,0.071428571,3,0.5,20,1,0.05,0,0,35,1,0.028571429,0,0,32,1,0.03125,0,0,3,0,0,0,,36,1,0.027777778,1,1,29,1,0.034482759,1,1,7,0,0,0,,31,4,0.129032258,2,0.5,22,3,0.136363636,2,0.666666667,9,1,0.111111111,0,0,2,1,0.5,0,0,1,1,1,0,0,1,0,0,0,0,67,6,0.089552239,3,0.5,28,0,0,0,,9,1,0.111111111,0,0
694671,Langford,Wyatt,215,18,0.08372093,9,0.5,99,11,0.111111111,7,0.636363636,116,7,0.060344828,2,0.285714286,162,12,0.074074074,7,0.583333333,53,6,0.113207547,2,0.333333333,89,2,0.02247191,1,0.5,85,2,0.023529412,1,0.5,4,0,0,0,,77,10,0.12987013,5,0.5,52,8,0.153846154,5,0.625,25,2,0.08,0,0,46,5,0.108695652,3,0.6,24,2,0.083333333,1,0.5,22,3,0.136363636,2,0.666666667,3,1,0.333333333,0,0,1,0,0,0,0,2,1,0.5,0,0,144,13,0.090277778,6,0.461538462,56,5,0.089285714,3,0.6,15,0,0,0,
695657,Montgomery,Colson,216,3,0.013888889,2,0.666666667,95,2,0.021052632,1,0.5,121,1,0.008264463,1,1,143,2,0.013986014,1,0.5,73,1,0.01369863,1,1,86,0,0,0,,74,0,0,0,,12,0,0,0,,75,2,0.026666667,1,0.5,46,2,0.043478261,1,0.5,29,0,0,0,,51,1,0.019607843,1,1,23,0,0,0,,28,1,0.035714286,1,1,4,0,0,0,,0,0,,0,,4,0,0,0,,132,3,0.022727273,2,0.666666667,73,0,0,0,,11,0,0,0,
700932,Manzardo,Kyle,212,5,0.023584906,2,0.4,97,4,0.041237113,2,0.5,115,1,0.008695652,0,0,141,2,0.014184397,1,0.5,71,3,0.042253521,1,0.333333333,77,0,0,0,,68,0,0,0,,9,0,0,0,,76,1,0.013157895,0,0,49,1,0.020408163,0,0,27,0,0,0,,55,4,0.072727273,2,0.5,23,1,0.043478261,1,1,32,3,0.09375,1,0.333333333,4,0,0,0,,1,0,0,0,,3,0,0,0,,116,2,0.017241379,1,0.5,80,3,0.0375,1,0.333333333,16,0,0,0,
701398,Stewart,Sal,358,46,0.12849162,26,0.565217391,177,18,0.101694915,8,0.444444444,181,28,0.154696133,18,0.642857143,277,33,0.119133574,20,0.606060606,81,13,0.160493827,6,0.461538462,133,16,0.120300752,9,0.5625,121,15,0.123966942,8,0.533333333,12,1,0.083333333,1,1,104,6,0.057692308,4,0.666666667,80,5,0.0625,4,0.8,24,1,0.041666667,0,0,118,24,0.203389831,13,0.541666667,75,13,0.173333333,8,0.615384615,43,11,0.255813953,5,0.454545455,3,0,0,0,,1,0,0,0,,2,0,0,0,,205,20,0.097560976,10,0.5,123,21,0.170731707,12,0.571428571,30,5,0.166666667,4,0.8
701762,Kurtz,Nicholas,275,11,0.04,9,0.818181818,142,7,0.049295775,5,0.714285714,133,4,0.030075188,4,1,199,9,0.045226131,8,0.888888889,76,2,0.026315789,1,0.5,114,3,0.026315789,3,1,102,3,0.029411765,3,1,12,0,0,0,,77,4,0.051948052,4,1,54,3,0.055555556,3,1,23,1,0.043478261,1,1,82,4,0.048780488,2,0.5,42,3,0.071428571,2,0.666666667,40,1,0.025,0,0,2,0,0,0,,1,0,0,0,,1,0,0,0,,168,6,0.035714286,5,0.833333333,80,4,0.05,3,0.75,27,1,0.037037037,1,1
701807,Benge,Carson,362,9,0.024861878,6,0.666666667,192,4,0.020833333,2,0.5,170,5,0.029411765,4,0.8,258,6,0.023255814,5,0.833333333,104,3,0.028846154,1,0.333333333,160,2,0.0125,2,1,144,2,0.013888889,2,1,16,0,0,0,,109,4,0.036697248,3,0.75,69,2,0.028985507,2,1,40,2,0.05,1,0.5,90,3,0.033333333,1,0.333333333,45,2,0.044444444,1,0.5,45,1,0.022222222,0,0,3,0,0,0,,0,0,,0,,3,0,0,0,,239,6,0.025104603,3,0.5,99,1,0.01010101,1,1,24,2,0.083333333,2,1
703520,Bateman,Brett,61,2,0.032786885,2,1,35,1,0.028571429,1,1,26,1,0.038461538,1,1,42,2,0.047619048,2,1,19,0,0,0,,26,0,0,0,,24,0,0,0,,2,0,0,0,,18,1,0.055555556,1,1,14,1,0.071428571,1,1,4,0,0,0,,16,0,0,0,,3,0,0,0,,13,0,0,0,,1,1,1,1,1,1,1,1,1,1,0,0,,0,0,41,2,0.048780488,2,1,17,0,0,0,,3,0,0,0,
672820,Sosa,Lenyn,68,2,0.029411765,1,0.5,31,0,0,0,,37,2,0.054054054,1,0.5,43,1,0.023255814,1,1,25,1,0.04,0,0,23,1,0.043478261,1,1,22,1,0.045454545,1,1,1,0,0,0,,20,0,0,0,,9,0,0,0,,11,0,0,0,,25,1,0.04,0,0,12,0,0,0,,13,1,0.076923077,0,0,0,0,,0,,0,0,,0,,0,0,,0,,43,0,0,0,,20,2,0.1,1,0.5,5,0,0,0,
676439,Feduccia,Hunter,140,4,0.028571429,2,0.5,64,2,0.03125,1,0.5,76,2,0.026315789,1,0.5,103,3,0.029126214,2,0.666666667,37,1,0.027027027,0,0,48,0,0,0,,43,0,0,0,,5,0,0,0,,62,4,0.064516129,2,0.5,44,3,0.068181818,2,0.666666667,18,1,0.055555556,0,0,28,0,0,0,,16,0,0,0,,12,0,0,0,,2,0,0,0,,0,0,,0,,2,0,0,0,,72,3,0.041666667,1,0.333333333,53,1,0.018867925,1,1,15,0,0,0,
677592,Pereira,Everson,41,4,0.097560976,1,0.25,15,2,0.133333333,1,0.5,26,2,0.076923077,0,0,27,3,0.111111111,0,0,14,1,0.071428571,1,1,16,1,0.0625,0,0,14,1,0.071428571,0,0,2,0,0,0,,16,3,0.1875,1,0.333333333,8,2,0.25,0,0,8,1,0.125,1,1,8,0,0,0,,4,0,0,0,,4,0,0,0,,1,0,0,0,,1,0,0,0,,0,0,,0,,26,2,0.076923077,0,0,10,2,0.2,1,0.5,5,0,0,0,
678489,Barrosa,Jorge,119,6,0.050420168,2,0.333333333,59,3,0.050847458,0,0,60,3,0.05,2,0.666666667,94,4,0.042553191,2,0.5,25,2,0.08,0,0,35,1,0.028571429,0,0,31,1,0.032258065,0,0,4,0,0,0,,39,0,0,0,,31,0,0,0,,8,0,0,0,,43,4,0.093023256,2,0.5,32,3,0.09375,2,0.666666667,11,1,0.090909091,0,0,2,1,0.5,0,0,0,0,,0,0,2,1,0.5,0,0,77,3,0.038961039,0,0,33,3,0.090909091,2,0.666666667,9,0,0,0,
680474,Schuemann,Maxwell,61,9,0.147540984,7,0.777777778,18,3,0.166666667,3,1,43,6,0.139534884,4,0.666666667,36,8,0.222222222,6,0.75,25,1,0.04,1,1,20,3,0.15,1,0.333333333,16,3,0.1875,1,0.333333333,4,0,0,0,,19,4,0.210526316,4,1,15,4,0.266666667,4,1,4,0,0,0,,18,1,0.055555556,1,1,5,1,0.2,1,1,13,0,0,0,,4,1,0.25,1,1,0,0,,0,0,4,1,0.25,1,1,38,8,0.210526316,6,0.75,20,1,0.05,1,1,3,0,0,0,
681508,Gasper,Michael,109,4,0.036697248,2,0.5,58,0,0,0,,51,4,0.078431373,2,0.5,76,3,0.039473684,1,0.333333333,33,1,0.03030303,1,1,36,2,0.055555556,1,0.5,34,2,0.058823529,1,0.5,2,0,0,0,,34,0,0,0,,22,0,0,0,,12,0,0,0,,39,2,0.051282051,1,0.5,20,1,0.05,0,0,19,1,0.052631579,1,1,0,0,,0,,0,0,,0,,0,0,,0,,56,1,0.017857143,0,0,37,3,0.081081081,2,0.666666667,16,0,0,0,
681624,Pages,Andy,334,25,0.074850299,11,0.44,157,8,0.050955414,2,0.25,177,17,0.096045198,9,0.529411765,261,23,0.088122605,9,0.391304348,73,2,0.02739726,2,1,116,12,0.103448276,5,0.416666667,107,11,0.102803738,4,0.363636364,9,1,0.111111111,1,1,107,4,0.037383178,3,0.75,82,4,0.048780488,3,0.75,25,0,0,0,,109,9,0.082568807,3,0.333333333,72,8,0.111111111,2,0.25,37,1,0.027027027,1,1,2,0,0,0,,0,0,,0,,2,0,0,0,,228,20,0.087719298,11,0.55,80,3,0.0375,0,0,26,2,0.076923077,0,0
683083,Nuñez,Nasim,287,12,0.041811847,3,0.25,122,5,0.040983607,2,0.4,165,7,0.042424242,1,0.142857143,186,9,0.048387097,2,0.222222222,101,3,0.02970297,1,0.333333333,82,4,0.048780488,1,0.25,68,4,0.058823529,1,0.25,14,0,0,0,,96,3,0.03125,0,0,65,2,0.030769231,0,0,31,1,0.032258065,0,0,102,4,0.039215686,2,0.5,52,2,0.038461538,1,0.5,50,2,0.04,1,0.5,7,1,0.142857143,0,0,1,1,1,0,0,6,0,0,0,0,183,9,0.049180328,2,0.222222222,77,3,0.038961039,1,0.333333333,27,0,0,0,
683766,Koss,Christian,61,2,0.032786885,2,1,41,0,0,0,,20,2,0.1,2,1,34,2,0.058823529,2,1,27,0,0,0,,25,1,0.04,1,1,20,1,0.05,1,1,5,0,0,0,,19,1,0.052631579,1,1,11,1,0.090909091,1,1,8,0,0,0,,15,0,0,0,,3,0,0,0,,12,0,0,0,,2,0,0,0,,0,0,,0,,2,0,0,0,,43,2,0.046511628,2,1,16,0,0,0,,2,0,0,0,
686797,Lee,Brooks,218,6,0.027522936,3,0.5,108,4,0.037037037,2,0.5,110,2,0.018181818,1,0.5,133,4,0.030075188,2,0.5,85,2,0.023529412,1,0.5,73,1,0.01369863,1,1,64,1,0.015625,1,1,9,0,0,0,,81,2,0.024691358,1,0.5,49,1,0.020408163,0,0,32,1,0.03125,1,1,63,3,0.047619048,1,0.333333333,20,2,0.1,1,0.5,43,1,0.023255814,0,0,1,0,0,0,,0,0,,0,,1,0,0,0,,120,2,0.016666667,1,0.5,69,4,0.057971014,2,0.5,29,0,0,0,
687093,Grissom,Vaughn,229,11,0.048034934,7,0.636363636,103,4,0.038834951,3,0.75,126,7,0.055555556,4,0.571428571,155,8,0.051612903,5,0.625,74,3,0.040540541,2,0.666666667,81,0,0,0,,66,0,0,0,,15,0,0,0,,73,6,0.082191781,3,0.5,54,6,0.111111111,3,0.5,19,0,0,0,,72,5,0.069444444,4,0.8,35,2,0.057142857,2,1,37,3,0.081081081,2,0.666666667,3,0,0,0,,0,0,,0,,3,0,0,0,,163,9,0.055214724,6,0.666666667,46,1,0.02173913,0,0,20,1,0.05,1,1
691023,Walker,Jordan,277,18,0.064981949,7,0.388888889,147,9,0.06122449,4,0.444444444,130,9,0.069230769,3,0.333333333,225,17,0.075555556,6,0.352941176,52,1,0.019230769,1,1,117,5,0.042735043,2,0.4,113,5,0.044247788,2,0.4,4,0,0,0,,81,8,0.098765432,1,0.125,65,8,0.123076923,1,0.125,16,0,0,0,,77,5,0.064935065,4,0.8,46,4,0.086956522,3,0.75,31,1,0.032258065,1,1,2,0,0,0,,1,0,0,0,,1,0,0,0,,195,12,0.061538462,3,0.25,69,6,0.086956522,4,0.666666667,13,0,0,0,
702332,Durbin,Caleb,304,23,0.075657895,14,0.608695652,138,10,0.072463768,6,0.6,166,13,0.078313253,8,0.615384615,217,10,0.046082949,7,0.7,87,13,0.149425287,7,0.538461538,96,2,0.020833333,2,1,85,2,0.023529412,2,1,11,0,0,0,,101,6,0.059405941,2,0.333333333,77,3,0.038961039,1,0.333333333,24,3,0.125,1,0.333333333,101,13,0.128712871,9,0.692307692,53,5,0.094339623,4,0.8,48,8,0.166666667,5,0.625,6,2,0.333333333,1,0.5,2,0,0,0,0,4,2,0.5,1,0.5,191,13,0.068062827,7,0.538461538,97,8,0.082474227,5,0.625,16,2,0.125,2,1
680777,Jeffers,Ryan,246,11,0.044715447,7,0.636363636,120,4,0.033333333,1,0.25,126,7,0.055555556,6,0.857142857,159,5,0.031446541,3,0.6,87,6,0.068965517,4,0.666666667,89,1,0.011235955,1,1,80,1,0.0125,1,1,9,0,0,0,,77,3,0.038961039,1,0.333333333,45,2,0.044444444,0,0,32,1,0.03125,1,1,79,7,0.088607595,5,0.714285714,34,2,0.058823529,2,1,45,5,0.111111111,3,0.6,1,0,0,0,,0,0,,0,,1,0,0,0,,162,9,0.055555556,5,0.555555556,72,1,0.013888889,1,1,12,1,0.083333333,1,1
681715,Hernandez,Heriberto,223,11,0.049327354,3,0.272727273,106,4,0.037735849,2,0.5,117,7,0.05982906,1,0.142857143,150,9,0.06,2,0.222222222,73,2,0.02739726,1,0.5,79,2,0.025316456,0,0,63,2,0.031746032,0,0,16,0,0,0,,76,4,0.052631579,1,0.25,52,3,0.057692308,1,0.333333333,24,1,0.041666667,0,0,68,5,0.073529412,2,0.4,35,4,0.114285714,1,0.25,33,1,0.03030303,1,1,0,0,,0,,0,0,,0,,0,0,,0,,139,4,0.028776978,0,0,57,5,0.087719298,2,0.4,27,2,0.074074074,1,0.5
686611,Crews,Dylan,160,5,0.03125,3,0.6,78,1,0.012820513,1,1,82,4,0.048780488,2,0.5,100,3,0.03,2,0.666666667,60,2,0.033333333,1,0.5,49,0,0,0,,43,0,0,0,,6,0,0,0,,56,1,0.017857143,1,1,35,1,0.028571429,1,1,21,0,0,0,,54,4,0.074074074,2,0.5,22,2,0.090909091,1,0.5,32,2,0.0625,1,0.5,1,0,0,0,,0,0,,0,,1,0,0,0,,87,3,0.034482759,2,0.666666667,61,2,0.032786885,1,0.5,12,0,0,0,
687282,Rincones,Gabriel,48,9,0.1875,6,0.666666667,22,4,0.181818182,3,0.75,26,5,0.192307692,3,0.6,29,5,0.172413793,2,0.4,19,4,0.210526316,4,1,22,1,0.045454545,0,0,16,1,0.0625,0,0,6,0,0,0,,13,4,0.307692308,2,0.5,9,3,0.333333333,1,0.333333333,4,1,0.25,1,1,13,4,0.307692308,4,1,4,1,0.25,1,1,9,3,0.333333333,3,1,0,0,,0,,0,0,,0,,0,0,,0,,33,8,0.242424242,5,0.625,11,0,0,0,,4,1,0.25,1,1
690976,Freeland,Alexander,178,4,0.02247191,2,0.5,73,2,0.02739726,0,0,105,2,0.019047619,2,1,123,3,0.024390244,2,0.666666667,55,1,0.018181818,0,0,58,0,0,0,,54,0,0,0,,4,0,0,0,,61,1,0.016393443,1,1,41,1,0.024390244,1,1,20,0,0,0,,59,3,0.050847458,1,0.333333333,28,2,0.071428571,1,0.5,31,1,0.032258065,0,0,0,0,,0,,0,0,,0,,0,0,,0,,102,2,0.019607843,1,0.5,55,1,0.018181818,0,0,21,1,0.047619048,1,1
691011,Romo,Drew,80,5,0.0625,3,0.6,46,0,0,0,,34,5,0.147058824,3,0.6,52,3,0.057692308,2,0.666666667,28,2,0.071428571,1,0.5,35,2,0.057142857,2,1,26,2,0.076923077,2,1,9,0,0,0,,23,0,0,0,,16,0,0,0,,7,0,0,0,,21,3,0.142857143,1,0.333333333,10,1,0.1,0,0,11,2,0.181818182,1,0.5,1,0,0,0,,0,0,,0,,1,0,0,0,,35,1,0.028571429,1,1,31,3,0.096774194,1,0.333333333,14,1,0.071428571,1,1
691019,Teel,Kyle,34,2,0.058823529,0,0,18,2,0.111111111,0,0,16,0,0,0,,17,1,0.058823529,0,0,17,1,0.058823529,0,0,13,2,0.153846154,0,0,9,1,0.111111111,0,0,4,1,0.25,0,0,14,0,0,0,,6,0,0,0,,8,0,0,0,,6,0,0,0,,2,0,0,0,,4,0,0,0,,1,0,0,0,,0,0,,0,,1,0,0,0,,14,2,0.142857143,0,0,19,0,0,0,,1,0,0,0,
691781,House,Brady,144,8,0.055555556,5,0.625,67,5,0.074626866,3,0.6,77,3,0.038961039,2,0.666666667,97,6,0.06185567,3,0.5,47,2,0.042553191,2,1,43,2,0.046511628,2,1,42,2,0.047619048,2,1,1,0,0,0,,49,3,0.06122449,1,0.333333333,32,2,0.0625,0,0,17,1,0.058823529,1,1,49,3,0.06122449,2,0.666666667,23,2,0.086956522,1,0.5,26,1,0.038461538,1,1,3,0,0,0,,0,0,,0,,3,0,0,0,,101,5,0.04950495,2,0.4,40,3,0.075,3,1,3,0,0,0,
694673,Ortiz,Abimelec,53,3,0.056603774,1,0.333333333,25,1,0.04,0,0,28,2,0.071428571,1,0.5,40,2,0.05,0,0,13,1,0.076923077,1,1,24,1,0.041666667,1,1,18,0,0,0,,6,1,0.166666667,1,1,17,1,0.058823529,0,0,14,1,0.071428571,0,0,3,0,0,0,,12,1,0.083333333,0,0,8,1,0.125,0,0,4,0,0,0,,0,0,,0,,0,0,,0,,0,0,,0,,30,3,0.1,1,0.333333333,18,0,0,0,,5,0,0,0,
694728,Matthews,Brice,145,2,0.013793103,0,0,59,0,0,0,,86,2,0.023255814,0,0,91,1,0.010989011,0,0,54,1,0.018518519,0,0,47,0,0,0,,38,0,0,0,,9,0,0,0,,48,2,0.041666667,0,0,33,1,0.03030303,0,0,15,1,0.066666667,0,0,50,0,0,0,,20,0,0,0,,30,0,0,0,,0,0,,0,,0,0,,0,,0,0,,0,,80,1,0.0125,0,0,53,0,0,0,,12,1,0.083333333,0,0
695670,Ford,Harrison,53,2,0.037735849,1,0.5,22,1,0.045454545,0,0,31,1,0.032258065,1,1,34,1,0.029411765,1,1,19,1,0.052631579,0,0,12,0,0,0,,10,0,0,0,,2,0,0,0,,24,1,0.041666667,1,1,16,1,0.0625,1,1,8,0,0,0,,17,1,0.058823529,0,0,8,0,0,0,,9,1,0.111111111,0,0,0,0,,0,,0,0,,0,,0,0,,0,,35,0,0,0,,15,2,0.133333333,1,0.5,3,0,0,0,
701852,Cavanaugh,Drew,55,2,0.036363636,1,0.5,30,1,0.033333333,1,1,25,1,0.04,0,0,37,2,0.054054054,1,0.5,18,0,0,0,,17,1,0.058823529,0,0,15,1,0.066666667,0,0,2,0,0,0,,20,1,0.05,1,1,12,1,0.083333333,1,1,8,0,0,0,,18,0,0,0,,10,0,0,0,,8,0,0,0,,0,0,,0,,0,0,,0,,0,0,,0,,31,2,0.064516129,1,0.5,20,0,0,0,,4,0,0,0,
702222,Crawford,Justin,214,11,0.051401869,3,0.272727273,106,8,0.075471698,3,0.375,108,3,0.027777778,0,0,135,8,0.059259259,2,0.25,79,3,0.037974684,1,0.333333333,50,2,0.04,2,1,41,1,0.024390244,1,1,9,1,0.111111111,1,1,66,1,0.015151515,0,0,44,1,0.022727273,0,0,22,0,0,0,,95,8,0.084210526,1,0.125,48,6,0.125,1,0.166666667,47,2,0.042553191,0,0,3,0,0,0,,2,0,0,0,,1,0,0,0,,154,5,0.032467532,2,0.4,53,6,0.113207547,1,0.166666667,7,0,0,0,
805999,Ewing,Andrew,226,19,0.084070796,9,0.473684211,109,8,0.073394495,4,0.5,117,11,0.094017094,5,0.454545455,151,10,0.066225166,5,0.5,75,9,0.12,4,0.444444444,78,3,0.038461538,2,0.666666667,69,3,0.043478261,2,0.666666667,9,0,0,0,,75,5,0.066666667,2,0.4,50,3,0.06,0,0,25,2,0.08,2,1,71,11,0.154929577,5,0.454545455,32,4,0.125,3,0.75,39,7,0.179487179,2,0.285714286,2,0,0,0,,0,0,,0,,2,0,0,0,,139,10,0.071942446,4,0.4,69,7,0.101449275,5,0.714285714,18,2,0.111111111,0,0
807799,Yoshida,Masataka,216,4,0.018518519,2,0.5,98,3,0.030612245,2,0.666666667,118,1,0.008474576,0,0,150,4,0.026666667,2,0.5,66,0,0,0,,87,3,0.034482759,1,0.333333333,83,3,0.036144578,1,0.333333333,4,0,0,0,,62,0,0,0,,40,0,0,0,,22,0,0,0,,65,1,0.015384615,1,1,26,1,0.038461538,1,1,39,0,0,0,,2,0,0,0,,1,0,0,0,,1,0,0,0,,142,2,0.014084507,0,0,56,1,0.017857143,1,1,18,1,0.055555556,1,1
665052,Conine,Griffin,125,6,0.048,3,0.5,51,2,0.039215686,2,1,74,4,0.054054054,1,0.25,73,4,0.054794521,2,0.5,52,2,0.038461538,1,0.5,43,1,0.023255814,1,1,30,0,0,0,,13,1,0.076923077,1,1,37,0,0,0,,23,0,0,0,,14,0,0,0,,43,5,0.11627907,2,0.4,20,4,0.2,2,0.5,23,1,0.043478261,0,0,2,0,0,0,,0,0,,0,,2,0,0,0,,69,2,0.028985507,0,0,42,2,0.047619048,1,0.5,14,2,0.142857143,2,1
666152,Hamilton,David,224,3,0.013392857,1,0.333333333,109,2,0.018348624,0,0,115,1,0.008695652,1,1,151,2,0.013245033,1,0.5,73,1,0.01369863,0,0,73,2,0.02739726,1,0.5,62,2,0.032258065,1,0.5,11,0,0,0,,93,1,0.010752688,0,0,57,0,0,0,,36,1,0.027777778,0,0,55,0,0,0,,31,0,0,0,,24,0,0,0,,3,0,0,0,,1,0,0,0,,2,0,0,0,,140,2,0.014285714,1,0.5,69,1,0.014492754,0,0,15,0,0,0,
666176,Adell,Jordon,246,6,0.024390244,2,0.333333333,125,3,0.024,1,0.333333333,121,3,0.024793388,1,0.333333333,163,5,0.030674847,1,0.2,83,1,0.012048193,1,1,84,2,0.023809524,0,0,66,2,0.03030303,0,0,18,0,0,0,,92,1,0.010869565,0,0,59,1,0.016949153,0,0,33,0,0,0,,66,3,0.045454545,2,0.666666667,36,2,0.055555556,1,0.5,30,1,0.033333333,1,1,4,0,0,0,,2,0,0,0,,2,0,0,0,,154,2,0.012987013,1,0.5,76,2,0.026315789,1,0.5,16,2,0.125,0,0
668709,Bleday,Jeffrey,249,25,0.100401606,15,0.6,117,12,0.102564103,8,0.666666667,132,13,0.098484848,7,0.538461538,176,18,0.102272727,11,0.611111111,73,7,0.095890411,4,0.571428571,86,8,0.093023256,5,0.625,79,8,0.101265823,5,0.625,7,0,0,0,,87,5,0.057471264,4,0.8,60,2,0.033333333,1,0.5,27,3,0.111111111,3,1,74,11,0.148648649,6,0.545454545,37,8,0.216216216,5,0.625,37,3,0.081081081,1,0.333333333,2,1,0.5,0,0,0,0,,0,0,2,1,0.5,0,0,116,12,0.103448276,8,0.666666667,97,9,0.092783505,5,0.555555556,36,4,0.111111111,2,0.5
668901,Vientos,Mark,120,23,0.191666667,13,0.565217391,53,12,0.226415094,7,0.583333333,67,11,0.164179104,6,0.545454545,83,14,0.168674699,9,0.642857143,37,9,0.243243243,4,0.444444444,28,6,0.214285714,5,0.833333333,27,6,0.222222222,5,0.833333333,1,0,0,0,,47,10,0.212765957,4,0.4,33,6,0.181818182,2,0.333333333,14,4,0.285714286,2,0.5,43,6,0.139534884,3,0.5,21,1,0.047619048,1,1,22,5,0.227272727,2,0.4,2,1,0.5,1,1,2,1,0.5,1,1,0,0,,0,0,61,12,0.196721311,6,0.5,50,9,0.18,6,0.666666667,9,2,0.222222222,1,0.5
669236,Jackson,Jeremiah,83,2,0.024096386,1,0.5,41,0,0,0,,42,2,0.047619048,1,0.5,70,1,0.014285714,1,1,13,1,0.076923077,0,0,28,0,0,0,,26,0,0,0,,2,0,0,0,,25,0,0,0,,24,0,0,0,,1,0,0,0,,30,2,0.066666667,1,0.5,20,1,0.05,1,1,10,1,0.1,0,0,0,0,,0,,0,0,,0,,0,0,,0,,49,2,0.040816327,1,0.5,31,0,0,0,,3,0,0,0,
669477,Schmitt,Casey,201,12,0.059701493,4,0.333333333,86,6,0.069767442,2,0.333333333,115,6,0.052173913,2,0.333333333,155,9,0.058064516,3,0.333333333,46,3,0.065217391,1,0.333333333,91,1,0.010989011,0,0,88,1,0.011363636,0,0,3,0,0,0,,60,6,0.1,2,0.333333333,43,6,0.139534884,2,0.333333333,17,0,0,0,,46,4,0.086956522,2,0.5,24,2,0.083333333,1,0.5,22,2,0.090909091,1,0.5,4,1,0.25,0,0,0,0,,0,0,4,1,0.25,0,0,121,8,0.066115702,2,0.25,62,4,0.064516129,2,0.5,18,0,0,0,
669701,Smith,Josh,119,4,0.033613445,1,0.25,64,1,0.015625,1,1,55,3,0.054545455,0,0,81,3,0.037037037,0,0,38,1,0.026315789,1,1,38,0,0,0,,32,0,0,0,,6,0,0,0,,42,2,0.047619048,1,0.5,29,1,0.034482759,0,0,13,1,0.076923077,1,1,39,2,0.051282051,0,0,20,2,0.1,0,0,19,0,0,0,,0,0,,0,,0,0,,0,,0,0,,0,,67,3,0.044776119,0,0,41,1,0.024390244,1,1,11,0,0,0,
671289,Freeman,Tyler,136,8,0.058823529,4,0.5,56,5,0.089285714,3,0.6,80,3,0.0375,1,0.333333333,95,4,0.042105263,2,0.5,41,4,0.097560976,2,0.5,50,1,0.02,0,0,47,1,0.021276596,0,0,3,0,0,0,,47,3,0.063829787,2,0.666666667,30,3,0.1,2,0.666666667,17,0,0,0,,38,4,0.105263158,2,0.5,18,0,0,0,,20,4,0.2,2,0.5,1,0,0,0,,0,0,,0,,1,0,0,0,,95,7,0.073684211,3,0.428571429,36,1,0.027777778,1,1,5,0,0,0,
672640,Lopez,Otto,399,16,0.040100251,7,0.4375,177,8,0.04519774,3,0.375,222,8,0.036036036,4,0.5,286,9,0.031468531,3,0.333333333,113,7,0.061946903,4,0.571428571,174,5,0.028735632,0,0,155,5,0.032258065,0,0,19,0,0,0,,121,4,0.033057851,4,1,82,2,0.024390244,2,1,39,2,0.051282051,2,1,101,7,0.069306931,3,0.428571429,48,2,0.041666667,1,0.5,53,5,0.094339623,2,0.4,3,0,0,0,,1,0,0,0,,2,0,0,0,,268,14,0.052238806,6,0.428571429,114,1,0.00877193,1,1,17,1,0.058823529,0,0
677942,Alexander,Blaze,89,10,0.112359551,5,0.5,47,5,0.106382979,3,0.6,42,5,0.119047619,2,0.4,60,7,0.116666667,4,0.571428571,29,3,0.103448276,1,0.333333333,28,2,0.071428571,1,0.5,26,2,0.076923077,1,0.5,2,0,0,0,,36,4,0.111111111,2,0.5,24,4,0.166666667,2,0.5,12,0,0,0,,24,4,0.166666667,2,0.5,10,1,0.1,1,1,14,3,0.214285714,1,0.333333333,1,0,0,0,,0,0,,0,,1,0,0,0,,51,7,0.137254902,3,0.428571429,29,1,0.034482759,1,1,9,2,0.222222222,1,0.5
677951,Witt,Robert,311,12,0.038585209,6,0.5,152,6,0.039473684,2,0.333333333,159,6,0.037735849,4,0.666666667,251,10,0.039840637,4,0.4,60,2,0.033333333,2,1,147,3,0.020408163,0,0,139,3,0.021582734,0,0,8,0,0,0,,84,5,0.05952381,3,0.6,68,5,0.073529412,3,0.6,16,0,0,0,,79,4,0.050632911,3,0.75,44,2,0.045454545,1,0.5,35,2,0.057142857,2,1,1,0,0,0,,0,0,,0,,1,0,0,0,,209,9,0.043062201,5,0.555555556,93,3,0.032258065,1,0.333333333,9,0,0,0,
679822,Foscue,Justin,155,13,0.083870968,7,0.538461538,70,8,0.114285714,2,0.25,85,5,0.058823529,5,1,129,11,0.085271318,6,0.545454545,26,2,0.076923077,1,0.5,47,2,0.042553191,2,1,46,2,0.043478261,2,1,1,0,0,0,,44,3,0.068181818,1,0.333333333,38,3,0.078947368,1,0.333333333,6,0,0,0,,61,8,0.131147541,4,0.5,43,6,0.139534884,3,0.5,18,2,0.111111111,1,0.5,3,0,0,0,,2,0,0,0,,1,0,0,0,,91,9,0.098901099,5,0.555555556,51,3,0.058823529,1,0.333333333,13,1,0.076923077,1,1
666397,Julien,Edouard,183,20,0.109289617,9,0.45,96,11,0.114583333,6,0.545454545,87,9,0.103448276,3,0.333333333,113,11,0.097345133,6,0.545454545,70,9,0.128571429,3,0.333333333,71,4,0.056338028,4,1,61,4,0.06557377,4,1,10,0,0,0,,52,4,0.076923077,1,0.25,26,3,0.115384615,1,0.333333333,26,1,0.038461538,0,0,60,12,0.2,4,0.333333333,26,4,0.153846154,1,0.25,34,8,0.235294118,3,0.375,0,0,,0,,0,0,,0,,0,0,,0,,114,15,0.131578947,8,0.533333333,50,4,0.08,1,0.25,19,1,0.052631579,0,0
668942,Rojas,Joshua,53,2,0.037735849,1,0.5,14,0,0,0,,39,2,0.051282051,1,0.5,38,1,0.026315789,0,0,15,1,0.066666667,1,1,12,0,0,0,,12,0,0,0,,0,0,,0,,20,2,0.1,1,0.5,11,1,0.090909091,0,0,9,1,0.111111111,1,1,21,0,0,0,,15,0,0,0,,6,0,0,0,,0,0,,0,,0,0,,0,,0,0,,0,,33,0,0,0,,13,1,0.076923077,1,1,7,1,0.142857143,0,0
669065,Stowers,Kyle,166,10,0.060240964,4,0.4,75,6,0.08,3,0.5,91,4,0.043956044,1,0.25,119,8,0.067226891,2,0.25,47,2,0.042553191,2,1,69,3,0.043478261,1,0.333333333,58,2,0.034482759,0,0,11,1,0.090909091,1,1,61,5,0.081967213,2,0.4,41,4,0.097560976,1,0.25,20,1,0.05,1,1,36,2,0.055555556,1,0.5,20,2,0.1,1,0.5,16,0,0,0,,0,0,,0,,0,0,,0,,0,0,,0,,96,6,0.0625,1,0.166666667,55,3,0.054545455,2,0.666666667,15,1,0.066666667,1,1
669224,Wells,Austin,172,8,0.046511628,4,0.5,89,5,0.056179775,2,0.4,83,3,0.036144578,2,0.666666667,123,5,0.040650407,3,0.6,49,3,0.06122449,1,0.333333333,62,1,0.016129032,1,1,55,1,0.018181818,1,1,7,0,0,0,,59,3,0.050847458,2,0.666666667,40,2,0.05,1,0.5,19,1,0.052631579,1,1,51,4,0.078431373,1,0.25,28,2,0.071428571,1,0.5,23,2,0.086956522,0,0,0,0,,0,,0,0,,0,,0,0,,0,,106,5,0.047169811,2,0.4,48,3,0.0625,2,0.666666667,18,0,0,0,
670042,Raley,Lucas,120,5,0.041666667,3,0.6,48,1,0.020833333,1,1,72,4,0.055555556,2,0.5,88,5,0.056818182,3,0.6,32,0,0,0,,48,0,0,0,,44,0,0,0,,4,0,0,0,,45,4,0.088888889,3,0.75,35,4,0.114285714,3,0.75,10,0,0,0,,27,1,0.037037037,0,0,9,1,0.111111111,0,0,18,0,0,0,,0,0,,0,,0,0,,0,,0,0,,0,,63,4,0.063492063,2,0.5,45,1,0.022222222,1,1,12,0,0,0,
677594,Rodríguez,Julio,277,4,0.014440433,2,0.5,131,2,0.015267176,0,0,146,2,0.01369863,2,1,208,2,0.009615385,1,0.5,69,2,0.028985507,1,0.5,121,0,0,0,,115,0,0,0,,6,0,0,0,,78,1,0.012820513,1,1,55,1,0.018181818,1,1,23,0,0,0,,77,3,0.038961039,1,0.333333333,38,1,0.026315789,0,0,39,2,0.051282051,1,0.5,1,0,0,0,,0,0,,0,,1,0,0,0,,155,3,0.019354839,1,0.333333333,110,1,0.009090909,1,1,12,0,0,0,
677800,Abreu,Wilyer,341,10,0.029325513,6,0.6,164,3,0.018292683,1,0.333333333,177,7,0.039548023,5,0.714285714,251,6,0.023904382,3,0.5,90,4,0.044444444,3,0.75,143,5,0.034965035,3,0.6,130,5,0.038461538,3,0.6,13,0,0,0,,103,3,0.029126214,2,0.666666667,79,1,0.012658228,0,0,24,2,0.083333333,2,1,92,2,0.02173913,1,0.5,42,0,0,0,,50,2,0.04,1,0.5,3,0,0,0,,0,0,,0,,3,0,0,0,,233,7,0.030042918,6,0.857142857,86,1,0.011627907,0,0,22,2,0.090909091,0,0
678882,Rafaela,Ceddanne,280,24,0.085714286,6,0.25,141,13,0.092198582,3,0.230769231,139,11,0.079136691,3,0.272727273,203,21,0.103448276,6,0.285714286,77,3,0.038961039,0,0,113,7,0.061946903,3,0.428571429,97,7,0.072164948,3,0.428571429,16,0,0,0,,84,12,0.142857143,3,0.25,65,11,0.169230769,3,0.272727273,19,1,0.052631579,0,0,80,5,0.0625,0,0,41,3,0.073170732,0,0,39,2,0.051282051,0,0,3,0,0,0,,0,0,,0,,3,0,0,0,,185,17,0.091891892,5,0.294117647,68,2,0.029411765,0,0,27,5,0.185185185,1,0.2
682848,Rodríguez,Endy,89,6,0.06741573,1,0.166666667,29,1,0.034482759,0,0,60,5,0.083333333,1,0.2,51,3,0.058823529,0,0,38,3,0.078947368,1,0.333333333,28,2,0.071428571,0,0,24,2,0.083333333,0,0,4,0,0,0,,23,2,0.086956522,1,0.5,13,0,0,0,,10,2,0.2,1,0.5,35,2,0.057142857,0,0,14,1,0.071428571,0,0,21,1,0.047619048,0,0,3,0,0,0,,0,0,,0,,3,0,0,0,,51,5,0.098039216,1,0.2,31,0,0,0,,7,1,0.142857143,0,0
682985,Greene,Riley,284,12,0.042253521,8,0.666666667,147,7,0.047619048,6,0.857142857,137,5,0.03649635,2,0.4,224,10,0.044642857,6,0.6,60,2,0.033333333,2,1,99,4,0.04040404,2,0.5,91,4,0.043956044,2,0.5,8,0,0,0,,83,3,0.036144578,2,0.666666667,67,3,0.044776119,2,0.666666667,16,0,0,0,,100,4,0.04,3,0.75,66,3,0.045454545,2,0.666666667,34,1,0.029411765,1,1,2,1,0.5,1,1,0,0,,0,0,2,1,0.5,1,1,182,7,0.038461538,6,0.857142857,74,4,0.054054054,2,0.5,28,1,0.035714286,0,0
683011,Volpe,Anthony,126,8,0.063492063,5,0.625,50,5,0.1,4,0.8,76,3,0.039473684,1,0.333333333,92,3,0.032608696,2,0.666666667,34,5,0.147058824,3,0.6,39,1,0.025641026,1,1,35,0,0,0,,4,1,0.25,1,1,43,4,0.093023256,2,0.5,32,2,0.0625,1,0.5,11,2,0.181818182,1,0.5,43,3,0.069767442,2,0.666666667,25,1,0.04,1,1,18,2,0.111111111,1,0.5,1,0,0,0,,0,0,,0,,1,0,0,0,,82,3,0.036585366,3,1,34,5,0.147058824,2,0.4,10,0,0,0,
686780,Pagés,Pedro,127,2,0.015748031,0,0,59,2,0.033898305,0,0,68,0,0,0,,97,1,0.010309278,0,0,30,1,0.033333333,0,0,39,0,0,0,,34,0,0,0,,5,0,0,0,,48,0,0,0,,40,0,0,0,,8,0,0,0,,38,2,0.052631579,0,0,23,1,0.043478261,0,0,15,1,0.066666667,0,0,2,0,0,0,,0,0,,0,,2,0,0,0,,77,1,0.012987013,0,0,37,1,0.027027027,0,0,13,0,0,0,
687462,Horwitz,Spencer,266,15,0.056390977,4,0.266666667,126,7,0.055555556,3,0.428571429,140,8,0.057142857,1,0.125,174,8,0.045977011,1,0.125,92,7,0.076086957,3,0.428571429,98,2,0.020408163,0,0,80,1,0.0125,0,0,18,1,0.055555556,0,0,93,4,0.043010753,1,0.25,60,2,0.033333333,0,0,33,2,0.060606061,1,0.5,71,9,0.126760563,3,0.333333333,34,5,0.147058824,1,0.2,37,4,0.108108108,2,0.5,4,0,0,0,,0,0,,0,,4,0,0,0,,164,8,0.048780488,3,0.375,73,5,0.068493151,1,0.2,29,2,0.068965517,0,0
656537,Hill,Derek,98,7,0.071428571,2,0.285714286,41,3,0.073170732,2,0.666666667,57,4,0.070175439,0,0,59,4,0.06779661,1,0.25,39,3,0.076923077,1,0.333333333,27,0,0,0,,20,0,0,0,,7,0,0,0,,35,4,0.114285714,0,0,23,3,0.130434783,0,0,12,1,0.083333333,0,0,36,3,0.083333333,2,0.666666667,16,1,0.0625,1,1,20,2,0.1,1,0.5,0,0,,0,,0,0,,0,,0,0,,0,,70,6,0.085714286,2,0.333333333,25,1,0.04,0,0,3,0,0,0,
657656,Laureano,Ramón,104,5,0.048076923,2,0.4,50,1,0.02,0,0,54,4,0.074074074,2,0.5,77,4,0.051948052,2,0.5,27,1,0.037037037,0,0,40,2,0.05,1,0.5,37,2,0.054054054,1,0.5,3,0,0,0,,35,1,0.028571429,0,0,26,0,0,0,,9,1,0.111111111,0,0,28,2,0.071428571,1,0.5,14,2,0.142857143,1,0.5,14,0,0,0,,1,0,0,0,,0,0,,0,,1,0,0,0,,72,1,0.013888889,1,1,30,3,0.1,1,0.333333333,2,1,0.5,0,0
660271,Ohtani,Shohei,306,12,0.039215686,5,0.416666667,118,2,0.016949153,2,1,188,10,0.053191489,3,0.3,249,10,0.040160643,4,0.4,57,2,0.035087719,1,0.5,158,3,0.018987342,2,0.666666667,146,3,0.020547945,2,0.666666667,12,0,0,0,,77,2,0.025974026,0,0,59,2,0.033898305,0,0,18,0,0,0,,70,7,0.1,3,0.428571429,44,5,0.113636364,2,0.4,26,2,0.076923077,1,0.5,1,0,0,0,,0,0,,0,,1,0,0,0,,216,9,0.041666667,4,0.444444444,56,3,0.053571429,1,0.333333333,34,0,0,0,
663616,Larnach,Trevor,275,13,0.047272727,7,0.538461538,138,8,0.057971014,5,0.625,137,5,0.03649635,2,0.4,190,7,0.036842105,4,0.571428571,85,6,0.070588235,3,0.5,121,3,0.024793388,1,0.333333333,109,3,0.027522936,1,0.333333333,12,0,0,0,,97,6,0.06185567,5,0.833333333,62,4,0.064516129,3,0.75,35,2,0.057142857,2,1,53,4,0.075471698,1,0.25,17,0,0,0,,36,4,0.111111111,1,0.25,4,0,0,0,,2,0,0,0,,2,0,0,0,,149,6,0.040268456,4,0.666666667,96,6,0.0625,2,0.333333333,30,1,0.033333333,1,1
663656,Tucker,Kyle,238,13,0.054621849,6,0.461538462,102,6,0.058823529,3,0.5,136,7,0.051470588,3,0.428571429,182,8,0.043956044,6,0.75,56,5,0.089285714,0,0,89,3,0.033707865,2,0.666666667,81,2,0.024691358,2,1,8,1,0.125,0,0,84,1,0.011904762,0,0,64,1,0.015625,0,0,20,0,0,0,,63,9,0.142857143,4,0.444444444,37,5,0.135135135,4,0.8,26,4,0.153846154,0,0,2,0,0,0,,0,0,,0,,2,0,0,0,,138,8,0.057971014,4,0.5,79,3,0.037974684,1,0.333333333,21,2,0.095238095,1,0.5
663757,Grisham,Trenton,338,17,0.050295858,8,0.470588235,159,8,0.050314465,4,0.5,179,9,0.05027933,4,0.444444444,226,12,0.053097345,7,0.583333333,112,5,0.044642857,1,0.2,144,6,0.041666667,3,0.5,128,5,0.0390625,3,0.6,16,1,0.0625,0,0,98,6,0.06122449,3,0.5,53,5,0.094339623,3,0.6,45,1,0.022222222,0,0,95,5,0.052631579,2,0.4,45,2,0.044444444,1,0.5,50,3,0.06,1,0.333333333,1,0,0,0,,0,0,,0,,1,0,0,0,,198,10,0.050505051,5,0.5,117,5,0.042735043,2,0.4,23,2,0.086956522,1,0.5
664023,Happ,Ian,384,10,0.026041667,4,0.4,194,5,0.025773196,3,0.6,190,5,0.026315789,1,0.2,312,8,0.025641026,4,0.5,72,2,0.027777778,0,0,149,2,0.013422819,0,0,144,2,0.013888889,0,0,5,0,0,0,,134,3,0.02238806,2,0.666666667,110,3,0.027272727,2,0.666666667,24,0,0,0,,98,5,0.051020408,2,0.4,56,3,0.053571429,2,0.666666667,42,2,0.047619048,0,0,3,0,0,0,,2,0,0,0,,1,0,0,0,,211,4,0.018957346,1,0.25,85,4,0.047058824,2,0.5,88,2,0.022727273,1,0.5
664040,Lowe,Brandon,264,2,0.007575758,1,0.5,137,2,0.01459854,1,0.5,127,0,0,0,,179,2,0.011173184,1,0.5,85,0,0,0,,105,2,0.019047619,1,0.5,93,2,0.021505376,1,0.5,12,0,0,0,,87,0,0,0,,56,0,0,0,,31,0,0,0,,69,0,0,0,,30,0,0,0,,39,0,0,0,,3,0,0,0,,0,0,,0,,3,0,0,0,,172,0,0,0,,83,2,0.024096386,1,0.5,9,0,0,0,
665804,Amaya,Miguel,131,6,0.045801527,3,0.5,81,5,0.061728395,2,0.4,50,1,0.02,1,1,104,5,0.048076923,3,0.6,27,1,0.037037037,0,0,46,1,0.02173913,1,1,44,1,0.022727273,1,1,2,0,0,0,,45,2,0.044444444,0,0,34,2,0.058823529,0,0,11,0,0,0,,39,2,0.051282051,2,1,26,2,0.076923077,2,1,13,0,0,0,,1,1,1,0,0,0,0,,0,0,1,1,1,0,0,83,4,0.048192771,2,0.5,43,2,0.046511628,1,0.5,5,0,0,0,
666181,Benson,William,70,4,0.057142857,3,0.75,36,4,0.111111111,3,0.75,34,0,0,0,,50,2,0.04,2,1,20,2,0.1,1,0.5,28,0,0,0,,27,0,0,0,,1,0,0,0,,21,1,0.047619048,1,1,12,0,0,0,,9,1,0.111111111,1,1,20,3,0.15,2,0.666666667,11,2,0.181818182,2,1,9,1,0.111111111,0,0,1,0,0,0,,0,0,,0,,1,0,0,0,,45,3,0.066666667,2,0.666666667,17,1,0.058823529,1,1,8,0,0,0,
668227,Arozarena,Randy,381,22,0.057742782,8,0.363636364,170,9,0.052941176,3,0.333333333,211,13,0.061611374,5,0.384615385,286,15,0.052447552,7,0.466666667,95,7,0.073684211,1,0.142857143,148,8,0.054054054,3,0.375,135,6,0.044444444,2,0.333333333,13,2,0.153846154,1,0.5,129,8,0.062015504,4,0.5,99,6,0.060606061,4,0.666666667,30,2,0.066666667,0,0,102,6,0.058823529,1,0.166666667,51,3,0.058823529,1,0.333333333,51,3,0.058823529,0,0,2,0,0,0,,1,0,0,0,,1,0,0,0,,245,10,0.040816327,1,0.1,105,9,0.085714286,6,0.666666667,31,3,0.096774194,1,0.333333333
669003,Mitchell,Garrett,282,8,0.028368794,2,0.25,121,4,0.033057851,1,0.25,161,4,0.02484472,1,0.25,179,4,0.022346369,1,0.25,103,4,0.038834951,1,0.25,98,3,0.030612245,1,0.333333333,87,2,0.022988506,1,0.5,11,1,0.090909091,0,0,96,1,0.010416667,0,0,62,1,0.016129032,0,0,34,0,0,0,,84,4,0.047619048,1,0.25,29,1,0.034482759,0,0,55,3,0.054545455,1,0.333333333,4,0,0,0,,1,0,0,0,,3,0,0,0,,183,7,0.038251366,2,0.285714286,71,1,0.014084507,0,0,28,0,0,0,
677588,Tena,José,156,8,0.051282051,2,0.25,82,2,0.024390244,0,0,74,6,0.081081081,2,0.333333333,92,5,0.054347826,1,0.2,64,3,0.046875,1,0.333333333,45,1,0.022222222,0,0,40,1,0.025,0,0,5,0,0,0,,44,1,0.022727273,1,1,26,0,0,0,,18,1,0.055555556,1,1,67,6,0.089552239,1,0.166666667,26,4,0.153846154,1,0.25,41,2,0.048780488,0,0,0,0,,0,,0,0,,0,,0,0,,0,,71,2,0.028169014,0,0,68,3,0.044117647,1,0.333333333,17,3,0.176470588,1,0.333333333
457705,McCutchen,Andrew,50,3,0.06,3,1,14,1,0.071428571,1,1,36,2,0.055555556,2,1,39,2,0.051282051,2,1,11,1,0.090909091,1,1,15,1,0.066666667,1,1,14,1,0.071428571,1,1,1,0,0,0,,12,1,0.083333333,1,1,10,0,0,0,,2,1,0.5,1,1,23,1,0.043478261,1,1,15,1,0.066666667,1,1,8,0,0,0,,0,0,,0,,0,0,,0,,0,0,,0,,36,2,0.055555556,2,1,11,1,0.090909091,1,1,3,0,0,0,
521692,Perez,Salvador,223,6,0.02690583,5,0.833333333,95,3,0.031578947,3,1,128,3,0.0234375,2,0.666666667,176,5,0.028409091,4,0.8,47,1,0.021276596,1,1,84,3,0.035714286,3,1,75,3,0.04,3,1,9,0,0,0,,65,1,0.015384615,1,1,52,0,0,0,,13,1,0.076923077,1,1,74,2,0.027027027,1,0.5,49,2,0.040816327,1,0.5,25,0,0,0,,0,0,,0,,0,0,,0,,0,0,,0,,116,3,0.025862069,3,1,95,3,0.031578947,2,0.666666667,12,0,0,0,
571970,Muncy,Maxwell,292,7,0.023972603,3,0.428571429,119,4,0.033613445,1,0.25,173,3,0.01734104,2,0.666666667,224,5,0.022321429,1,0.2,68,2,0.029411765,2,1,91,1,0.010989011,0,0,86,1,0.011627907,0,0,5,0,0,0,,124,1,0.008064516,0,0,95,1,0.010526316,0,0,29,0,0,0,,77,5,0.064935065,3,0.6,43,3,0.069767442,1,0.333333333,34,2,0.058823529,2,1,0,0,,0,,0,0,,0,,0,0,,0,,131,4,0.030534351,2,0.5,130,2,0.015384615,1,0.5,31,1,0.032258065,0,0
592626,Pederson,Joc,263,6,0.022813688,3,0.5,133,2,0.015037594,0,0,130,4,0.030769231,3,0.75,203,6,0.02955665,3,0.5,60,0,0,0,,116,1,0.00862069,0,0,104,1,0.009615385,0,0,12,0,0,0,,82,2,0.024390244,1,0.5,67,2,0.029850746,1,0.5,15,0,0,0,,65,3,0.046153846,2,0.666666667,32,3,0.09375,2,0.666666667,33,0,0,0,,0,0,,0,,0,0,,0,,0,0,,0,,151,3,0.01986755,1,0.333333333,80,2,0.025,1,0.5,32,1,0.03125,1,1
621438,Taylor,Tyrone,122,3,0.024590164,2,0.666666667,56,2,0.035714286,2,1,66,1,0.015151515,0,0,80,2,0.025,2,1,42,1,0.023809524,0,0,38,0,0,0,,36,0,0,0,,2,0,0,0,,38,0,0,0,,21,0,0,0,,17,0,0,0,,45,3,0.066666667,2,0.666666667,23,2,0.086956522,2,1,22,1,0.045454545,0,0,1,0,0,0,,0,0,,0,,1,0,0,0,,68,1,0.014705882,1,1,49,1,0.020408163,1,1,5,1,0.2,0,0
621439,Buxton,Byron,173,11,0.063583815,6,0.545454545,73,3,0.04109589,1,0.333333333,100,8,0.08,5,0.625,110,6,0.054545455,3,0.5,63,5,0.079365079,3,0.6,70,5,0.071428571,3,0.6,61,5,0.081967213,3,0.6,9,0,0,0,,59,1,0.016949153,0,0,33,1,0.03030303,0,0,26,0,0,0,,43,4,0.093023256,2,0.5,16,0,0,0,,27,4,0.148148148,2,0.5,1,1,1,1,1,0,0,,0,0,1,1,1,1,1,101,6,0.059405941,2,0.333333333,53,3,0.056603774,2,0.666666667,19,2,0.105263158,2,1
642350,Siri,Jose,102,3,0.029411765,0,0,56,1,0.017857143,0,0,46,2,0.043478261,0,0,58,3,0.051724138,0,0,44,0,0,0,,32,0,0,0,,24,0,0,0,,8,0,0,0,,26,1,0.038461538,0,0,16,1,0.0625,0,0,10,0,0,0,,44,2,0.045454545,0,0,18,2,0.111111111,0,0,26,0,0,0,,0,0,,0,,0,0,,0,,0,0,,0,,61,3,0.049180328,0,0,27,0,0,0,,14,0,0,0,
643446,McNeil,Jeffrey,125,14,0.112,6,0.428571429,60,9,0.15,3,0.333333333,65,5,0.076923077,3,0.6,86,8,0.093023256,4,0.5,39,6,0.153846154,2,0.333333333,32,1,0.03125,0,0,28,0,0,0,,4,1,0.25,0,0,50,4,0.08,3,0.75,35,3,0.085714286,2,0.666666667,15,1,0.066666667,1,1,42,8,0.19047619,3,0.375,23,5,0.217391304,2,0.4,19,3,0.157894737,1,0.333333333,1,1,1,0,0,0,0,,0,0,1,1,1,0,0,77,11,0.142857143,4,0.363636364,34,3,0.088235294,2,0.666666667,14,0,0,0,
650968,Pozo,Yohel,23,2,0.086956522,2,1,6,0,0,0,,17,2,0.117647059,2,1,15,1,0.066666667,1,1,8,1,0.125,1,1,8,0,0,0,,8,0,0,0,,0,0,,0,,6,2,0.333333333,2,1,3,1,0.333333333,1,1,3,1,0.333333333,1,1,8,0,0,0,,4,0,0,0,,4,0,0,0,,1,0,0,0,,0,0,,0,,1,0,0,0,,13,1,0.076923077,1,1,8,1,0.125,1,1,2,0,0,0,
656413,Fairchild,Stuart,17,5,0.294117647,4,0.8,4,2,0.5,1,0.5,13,3,0.230769231,3,1,13,3,0.230769231,2,0.666666667,4,2,0.5,2,1,3,0,0,0,,3,0,0,0,,0,0,,0,,7,2,0.285714286,1,0.5,6,2,0.333333333,1,0.5,1,0,0,0,,7,3,0.428571429,3,1,4,1,0.25,1,1,3,2,0.666666667,2,1,0,0,,0,,0,0,,0,,0,0,,0,,9,3,0.333333333,3,1,8,2,0.25,1,0.5,0,0,,0,
656775,Mullins,Boyce,225,10,0.044444444,8,0.8,116,4,0.034482759,3,0.75,109,6,0.055045872,5,0.833333333,166,7,0.042168675,6,0.857142857,59,3,0.050847458,2,0.666666667,76,3,0.039473684,3,1,67,3,0.044776119,3,1,9,0,0,0,,91,5,0.054945055,4,0.8,66,3,0.045454545,3,1,25,2,0.08,1,0.5,53,1,0.018867925,0,0,33,1,0.03030303,0,0,20,0,0,0,,5,1,0.2,1,1,0,0,,0,0,5,1,0.2,1,1,146,8,0.054794521,6,0.75,55,1,0.018181818,1,1,24,1,0.041666667,1,1
657041,Thomas,Lane,278,8,0.028776978,4,0.5,108,5,0.046296296,3,0.6,170,3,0.017647059,1,0.333333333,206,6,0.029126214,3,0.5,72,2,0.027777778,1,0.5,85,2,0.023529412,2,1,78,2,0.025641026,2,1,7,0,0,0,,86,2,0.023255814,1,0.5,64,2,0.03125,1,0.5,22,0,0,0,,106,4,0.037735849,1,0.25,63,2,0.031746032,0,0,43,2,0.046511628,1,0.5,1,0,0,0,,1,0,0,0,,0,0,,0,,169,7,0.041420118,3,0.428571429,99,1,0.01010101,1,1,10,0,0,0,
660844,Rivas,Leonardo,123,7,0.056910569,2,0.285714286,93,5,0.053763441,1,0.2,30,2,0.066666667,1,0.5,86,5,0.058139535,2,0.4,37,2,0.054054054,0,0,35,1,0.028571429,0,0,33,1,0.03030303,0,0,2,0,0,0,,43,4,0.093023256,2,0.5,30,3,0.1,2,0.666666667,13,1,0.076923077,0,0,42,2,0.047619048,0,0,23,1,0.043478261,0,0,19,1,0.052631579,0,0,3,0,0,0,,0,0,,0,,3,0,0,0,,87,6,0.068965517,1,0.166666667,28,1,0.035714286,1,1,8,0,0,0,
502671,Goldschmidt,Paul,237,6,0.025316456,1,0.166666667,109,3,0.027522936,1,0.333333333,128,3,0.0234375,0,0,175,5,0.028571429,1,0.2,62,1,0.016129032,0,0,98,2,0.020408163,1,0.5,91,2,0.021978022,1,0.5,7,0,0,0,,90,2,0.022222222,0,0,58,1,0.017241379,0,0,32,1,0.03125,0,0,48,2,0.041666667,0,0,26,2,0.076923077,0,0,22,0,0,0,,1,0,0,0,,0,0,,0,,1,0,0,0,,116,1,0.00862069,1,1,90,4,0.044444444,0,0,31,1,0.032258065,0,0
518595,d'Arnaud,Travis,37,2,0.054054054,0,0,13,2,0.153846154,0,0,24,0,0,0,,21,1,0.047619048,0,0,16,1,0.0625,0,0,15,0,0,0,,10,0,0,0,,5,0,0,0,,15,1,0.066666667,0,0,9,1,0.111111111,0,0,6,0,0,0,,7,1,0.142857143,0,0,2,0,0,0,,5,1,0.2,0,0,0,0,,0,,0,0,,0,,0,0,,0,,27,1,0.037037037,0,0,8,1,0.125,0,0,2,0,0,0,
596142,Sánchez,Gary,207,35,0.169082126,14,0.4,88,15,0.170454545,9,0.6,119,20,0.168067227,5,0.25,142,23,0.161971831,10,0.434782609,65,12,0.184615385,4,0.333333333,63,6,0.095238095,5,0.833333333,58,6,0.103448276,5,0.833333333,5,0,0,0,,81,16,0.197530864,7,0.4375,58,12,0.206896552,5,0.416666667,23,4,0.173913043,2,0.5,59,13,0.220338983,2,0.153846154,24,5,0.208333333,0,0,35,8,0.228571429,2,0.25,4,0,0,0,,2,0,0,0,,2,0,0,0,,116,19,0.163793103,7,0.368421053,73,12,0.164383562,4,0.333333333,18,4,0.222222222,3,0.75
624424,Conforto,Michael,168,8,0.047619048,5,0.625,72,4,0.055555556,4,1,96,4,0.041666667,1,0.25,122,5,0.040983607,3,0.6,46,3,0.065217391,2,0.666666667,50,0,0,0,,46,0,0,0,,4,0,0,0,,46,2,0.043478261,2,1,38,1,0.026315789,1,1,8,1,0.125,1,1,70,5,0.071428571,2,0.4,38,4,0.105263158,2,0.5,32,1,0.03125,0,0,2,1,0.5,1,1,0,0,,0,0,2,1,0.5,1,1,65,1,0.015384615,1,1,76,5,0.065789474,2,0.4,27,2,0.074074074,2,1
643396,Kiner-Falefa,Isiah,75,4,0.053333333,2,0.5,42,2,0.047619048,1,0.5,33,2,0.060606061,1,0.5,51,3,0.058823529,1,0.333333333,24,1,0.041666667,1,1,23,1,0.043478261,1,1,20,1,0.05,1,1,3,0,0,0,,27,0,0,0,,18,0,0,0,,9,0,0,0,,25,3,0.12,1,0.333333333,13,2,0.153846154,0,0,12,1,0.083333333,1,1,0,0,,0,,0,0,,0,,0,0,,0,,47,1,0.021276596,0,0,24,3,0.125,2,0.666666667,4,0,0,0,
664034,France,Tyler,167,3,0.017964072,1,0.333333333,84,3,0.035714286,1,0.333333333,83,0,0,0,,115,2,0.017391304,0,0,52,1,0.019230769,1,1,61,0,0,0,,55,0,0,0,,6,0,0,0,,48,0,0,0,,36,0,0,0,,12,0,0,0,,56,2,0.035714286,0,0,24,2,0.083333333,0,0,32,0,0,0,,2,1,0.5,1,1,0,0,,0,0,2,1,0.5,1,1,121,2,0.016528926,1,0.5,38,0,0,0,,8,1,0.125,0,0
664702,Straw,Myles,210,11,0.052380952,8,0.727272727,115,6,0.052173913,5,0.833333333,95,5,0.052631579,3,0.6,126,6,0.047619048,4,0.666666667,84,5,0.05952381,4,0.8,50,3,0.06,1,0.333333333,43,2,0.046511628,1,0.5,7,1,0.142857143,0,0,68,3,0.044117647,3,1,44,0,0,0,,24,3,0.125,3,1,86,4,0.046511628,3,0.75,39,4,0.102564103,3,0.75,47,0,0,0,,6,1,0.166666667,1,1,0,0,,0,0,6,1,0.166666667,1,1,130,4,0.030769231,3,0.75,63,3,0.047619048,2,0.666666667,17,4,0.235294118,3,0.75
664728,Isbel,Kyle,167,2,0.011976048,0,0,81,1,0.012345679,0,0,86,1,0.011627907,0,0,127,1,0.007874016,0,0,40,1,0.025,0,0,42,0,0,0,,35,0,0,0,,7,0,0,0,,55,1,0.018181818,0,0,46,1,0.02173913,0,0,9,0,0,0,,67,1,0.014925373,0,0,46,0,0,0,,21,1,0.047619048,0,0,3,0,0,0,,0,0,,0,,3,0,0,0,,119,1,0.008403361,0,0,39,1,0.025641026,0,0,9,0,0,0,
665489,Guerrero,Vladimir,259,17,0.065637066,7,0.411764706,147,12,0.081632653,5,0.416666667,112,5,0.044642857,2,0.4,191,12,0.062827225,6,0.5,68,5,0.073529412,1,0.2,109,7,0.064220183,3,0.428571429,101,7,0.069306931,3,0.428571429,8,0,0,0,,80,4,0.05,2,0.5,55,3,0.054545455,1,0.333333333,25,1,0.04,1,1,70,6,0.085714286,2,0.333333333,35,2,0.057142857,2,1,35,4,0.114285714,0,0,0,0,,0,,0,0,,0,,0,0,,0,,193,13,0.067357513,4,0.307692308,52,4,0.076923077,3,0.75,14,0,0,0,
665862,Chisholm,Jasrado,290,22,0.075862069,8,0.363636364,148,7,0.047297297,2,0.285714286,142,15,0.105633803,6,0.4,192,15,0.078125,4,0.266666667,98,7,0.071428571,4,0.571428571,98,6,0.06122449,3,0.5,87,5,0.057471264,2,0.4,11,1,0.090909091,1,1,115,10,0.086956522,4,0.4,74,8,0.108108108,2,0.25,41,2,0.048780488,2,1,75,6,0.08,1,0.166666667,31,2,0.064516129,0,0,44,4,0.090909091,1,0.25,2,0,0,0,,0,0,,0,,2,0,0,0,,176,12,0.068181818,4,0.333333333,87,8,0.091954023,4,0.5,27,2,0.074074074,0,0
666464,Encarnacion,Jerar,26,4,0.153846154,1,0.25,15,2,0.133333333,1,0.5,11,2,0.181818182,0,0,15,3,0.2,1,0.333333333,11,1,0.090909091,0,0,9,0,0,0,,7,0,0,0,,2,0,0,0,,8,2,0.25,1,0.5,5,2,0.4,1,0.5,3,0,0,0,,9,2,0.222222222,0,0,3,1,0.333333333,0,0,6,1,0.166666667,0,0,0,0,,0,,0,0,,0,,0,0,,0,,19,4,0.210526316,1,0.25,7,0,0,0,,0,0,,0,
667670,Rooker,Terry,99,10,0.101010101,7,0.7,49,4,0.081632653,3,0.75,50,6,0.12,4,0.666666667,65,6,0.092307692,5,0.833333333,34,4,0.117647059,2,0.5,31,2,0.064516129,2,1,27,2,0.074074074,2,1,4,0,0,0,,37,2,0.054054054,1,0.5,24,1,0.041666667,0,0,13,1,0.076923077,1,1,29,5,0.172413793,4,0.8,14,3,0.214285714,3,1,15,2,0.133333333,1,0.5,2,1,0.5,0,0,0,0,,0,0,2,1,0.5,0,0,53,7,0.132075472,5,0.714285714,37,2,0.054054054,1,0.5,9,1,0.111111111,1,1
668715,Steer,Spencer,262,6,0.022900763,4,0.666666667,127,3,0.023622047,2,0.666666667,135,3,0.022222222,2,0.666666667,209,6,0.028708134,4,0.666666667,53,0,0,0,,99,1,0.01010101,1,1,86,1,0.011627907,1,1,13,0,0,0,,91,3,0.032967033,2,0.666666667,76,3,0.039473684,2,0.666666667,15,0,0,0,,71,2,0.028169014,1,0.5,47,2,0.042553191,1,0.5,24,0,0,0,,1,0,0,0,,0,0,,0,,1,0,0,0,,189,6,0.031746032,4,0.666666667,58,0,0,0,,15,0,0,0,
500743,Rojas,Miguel,112,12,0.107142857,6,0.5,46,4,0.086956522,0,0,66,8,0.121212121,6,0.75,79,7,0.088607595,3,0.428571429,33,5,0.151515152,3,0.6,28,0,0,0,,23,0,0,0,,5,0,0,0,,47,6,0.127659574,2,0.333333333,34,5,0.147058824,2,0.4,13,1,0.076923077,0,0,37,6,0.162162162,4,0.666666667,22,2,0.090909091,1,0.5,15,4,0.266666667,3,0.75,0,0,,0,,0,0,,0,,0,0,,0,,65,9,0.138461538,5,0.555555556,39,3,0.076923077,1,0.333333333,8,0,0,0,
543309,Higashioka,Kyle,146,3,0.020547945,2,0.666666667,67,0,0,0,,79,3,0.037974684,2,0.666666667,107,0,0,0,,39,3,0.076923077,2,0.666666667,43,2,0.046511628,1,0.5,36,0,0,0,,7,2,0.285714286,1,0.5,45,0,0,0,,37,0,0,0,,8,0,0,0,,58,1,0.017241379,1,1,34,0,0,0,,24,1,0.041666667,1,1,0,0,,0,,0,0,,0,,0,0,,0,,97,1,0.010309278,0,0,45,1,0.022222222,1,1,4,1,0.25,1,1
545341,Grichuk,Randal,100,6,0.06,5,0.833333333,47,1,0.021276596,1,1,53,5,0.094339623,4,0.8,63,1,0.015873016,1,1,37,5,0.135135135,4,0.8,37,0,0,0,,28,0,0,0,,9,0,0,0,,29,0,0,0,,21,0,0,0,,8,0,0,0,,33,5,0.151515152,5,1,14,1,0.071428571,1,1,19,4,0.210526316,4,1,1,1,1,0,0,0,0,,0,0,1,1,1,0,0,70,3,0.042857143,2,0.666666667,25,3,0.12,3,1,5,0,0,0,
602104,Urías,Ramón,48,4,0.083333333,2,0.5,27,2,0.074074074,1,0.5,21,2,0.095238095,1,0.5,36,3,0.083333333,2,0.666666667,12,1,0.083333333,0,0,14,1,0.071428571,1,1,14,1,0.071428571,1,1,0,0,,0,,16,1,0.0625,1,1,13,1,0.076923077,1,1,3,0,0,0,,17,2,0.117647059,0,0,9,1,0.111111111,0,0,8,1,0.125,0,0,1,0,0,0,,0,0,,0,,1,0,0,0,,31,3,0.096774194,2,0.666666667,14,1,0.071428571,0,0,3,0,0,0,
607208,Turner,Trea,316,22,0.069620253,10,0.454545455,163,10,0.061349693,6,0.6,153,12,0.078431373,4,0.333333333,243,15,0.061728395,7,0.466666667,73,7,0.095890411,3,0.428571429,164,8,0.048780488,6,0.75,160,7,0.04375,5,0.714285714,4,1,0.25,1,1,71,6,0.084507042,1,0.166666667,50,5,0.1,1,0.2,21,1,0.047619048,0,0,79,7,0.088607595,3,0.428571429,32,2,0.0625,1,0.5,47,5,0.106382979,2,0.4,2,1,0.5,0,0,1,1,1,0,0,1,0,0,0,0,190,7,0.036842105,3,0.428571429,104,10,0.096153846,6,0.6,22,5,0.227272727,1,0.2
624413,Alonso,Peter,397,15,0.037783375,8,0.533333333,195,8,0.041025641,5,0.625,202,7,0.034653465,3,0.428571429,287,10,0.034843206,5,0.5,110,5,0.045454545,3,0.6,155,4,0.025806452,1,0.25,138,4,0.028985507,1,0.25,17,0,0,0,,127,3,0.023622047,2,0.666666667,88,3,0.034090909,2,0.666666667,39,0,0,0,,111,8,0.072072072,5,0.625,60,3,0.05,2,0.666666667,51,5,0.098039216,3,0.6,4,0,0,0,,1,0,0,0,,3,0,0,0,,213,8,0.037558685,4,0.5,158,7,0.044303797,4,0.571428571,26,0,0,0,
641355,Bellinger,Cody,258,8,0.031007752,1,0.125,125,5,0.04,1,0.2,133,3,0.022556391,0,0,180,4,0.022222222,1,0.25,78,4,0.051282051,0,0,105,2,0.019047619,0,0,98,2,0.020408163,0,0,7,0,0,0,,88,4,0.045454545,1,0.25,59,2,0.033898305,1,0.5,29,2,0.068965517,0,0,62,1,0.016129032,0,0,23,0,0,0,,39,1,0.025641026,0,0,3,1,0.333333333,0,0,0,0,,0,0,3,1,0.333333333,0,0,172,3,0.01744186,1,0.333333333,64,2,0.03125,0,0,22,3,0.136363636,0,0
643217,Benintendi,Andrew,162,2,0.012345679,0,0,68,0,0,0,,94,2,0.021276596,0,0,114,1,0.00877193,0,0,48,1,0.020833333,0,0,65,0,0,0,,57,0,0,0,,8,0,0,0,,59,1,0.016949153,0,0,42,1,0.023809524,0,0,17,0,0,0,,37,1,0.027027027,0,0,15,0,0,0,,22,1,0.045454545,0,0,1,0,0,0,,0,0,,0,,1,0,0,0,,101,0,0,0,,44,1,0.022727273,0,0,17,1,0.058823529,0,0
655316,Monasterio,Andruw,226,6,0.026548673,1,0.166666667,97,2,0.020618557,1,0.5,129,4,0.031007752,0,0,156,6,0.038461538,1,0.166666667,70,0,0,0,,77,2,0.025974026,1,0.5,63,2,0.031746032,1,0.5,14,0,0,0,,75,3,0.04,0,0,59,3,0.050847458,0,0,16,0,0,0,,73,1,0.01369863,0,0,34,1,0.029411765,0,0,39,0,0,0,,1,0,0,0,,0,0,,0,,1,0,0,0,,144,3,0.020833333,0,0,74,2,0.027027027,0,0,8,1,0.125,1,1
656976,Smith,Pavin,64,2,0.03125,1,0.5,30,1,0.033333333,0,0,34,1,0.029411765,1,1,55,2,0.036363636,1,0.5,9,0,0,0,,23,1,0.043478261,0,0,23,1,0.043478261,0,0,0,0,,0,,24,1,0.041666667,1,1,20,1,0.05,1,1,4,0,0,0,,17,0,0,0,,12,0,0,0,,5,0,0,0,,0,0,,0,,0,0,,0,,0,0,,0,,37,1,0.027027027,1,1,24,1,0.041666667,0,0,3,0,0,0,
660821,Sánchez,Jesús,137,12,0.087591241,5,0.416666667,78,9,0.115384615,2,0.222222222,59,3,0.050847458,3,1,104,9,0.086538462,3,0.333333333,33,3,0.090909091,2,0.666666667,48,2,0.041666667,2,1,42,2,0.047619048,2,1,6,0,0,0,,57,3,0.052631579,0,0,40,3,0.075,0,0,17,0,0,0,,31,7,0.225806452,3,0.428571429,22,4,0.181818182,1,0.25,9,3,0.333333333,2,0.666666667,1,0,0,0,,0,0,,0,,1,0,0,0,,98,10,0.102040816,3,0.3,27,1,0.037037037,1,1,12,1,0.083333333,1,1
663538,Hoerner,Nicholas,396,18,0.045454545,10,0.555555556,198,12,0.060606061,8,0.666666667,198,6,0.03030303,2,0.333333333,322,14,0.043478261,9,0.642857143,74,4,0.054054054,1,0.25,151,7,0.046357616,5,0.714285714,143,7,0.048951049,5,0.714285714,8,0,0,0,,131,5,0.038167939,4,0.8,111,3,0.027027027,3,1,20,2,0.1,1,0.5,110,6,0.054545455,1,0.166666667,67,4,0.059701493,1,0.25,43,2,0.046511628,0,0,4,0,0,0,,1,0,0,0,,3,0,0,0,,233,14,0.060085837,9,0.642857143,145,4,0.027586207,1,0.25,18,0,0,0,
663586,Riley,Michael,306,5,0.016339869,1,0.2,148,4,0.027027027,1,0.25,158,1,0.006329114,0,0,232,3,0.012931034,1,0.333333333,74,2,0.027027027,0,0,116,0,0,0,,108,0,0,0,,8,0,0,0,,97,3,0.030927835,1,0.333333333,68,2,0.029411765,1,0.5,29,1,0.034482759,0,0,92,2,0.02173913,0,0,55,1,0.018181818,0,0,37,1,0.027027027,0,0,1,0,0,0,,1,0,0,0,,0,0,,0,,194,4,0.020618557,1,0.25,87,0,0,0,,25,1,0.04,0,0
543510,McCann,James,75,2,0.026666667,1,0.5,34,2,0.058823529,1,0.5,41,0,0,0,,47,0,0,0,,28,2,0.071428571,1,0.5,22,0,0,0,,20,0,0,0,,2,0,0,0,,31,1,0.032258065,0,0,17,0,0,0,,14,1,0.071428571,0,0,21,1,0.047619048,1,1,10,0,0,0,,11,1,0.090909091,1,1,1,0,0,0,,0,0,,0,,1,0,0,0,,54,1,0.018518519,0,0,16,1,0.0625,1,1,5,0,0,0,
543877,Vázquez,Christian,165,11,0.066666667,5,0.454545455,79,7,0.088607595,3,0.428571429,86,4,0.046511628,2,0.5,99,6,0.060606061,3,0.5,66,5,0.075757576,2,0.4,58,1,0.017241379,1,1,49,0,0,0,,9,1,0.111111111,1,1,55,5,0.090909091,3,0.6,30,3,0.1,2,0.666666667,25,2,0.08,1,0.5,52,5,0.096153846,1,0.2,20,3,0.15,1,0.333333333,32,2,0.0625,0,0,0,0,,0,,0,0,,0,,0,0,,0,,122,7,0.057377049,2,0.285714286,37,3,0.081081081,2,0.666666667,6,1,0.166666667,1,1
605137,Bell,Joshua,239,17,0.071129707,10,0.588235294,106,8,0.075471698,6,0.75,133,9,0.067669173,4,0.444444444,172,14,0.081395349,8,0.571428571,67,3,0.044776119,2,0.666666667,112,7,0.0625,2,0.285714286,97,6,0.06185567,2,0.333333333,15,1,0.066666667,0,0,89,6,0.06741573,4,0.666666667,58,5,0.086206897,3,0.6,31,1,0.032258065,1,1,36,4,0.111111111,4,1,17,3,0.176470588,3,1,19,1,0.052631579,1,1,2,0,0,0,,0,0,,0,,2,0,0,0,,162,16,0.098765432,9,0.5625,48,0,0,0,,29,1,0.034482759,1,1
607043,Nimmo,Brandon,297,9,0.03030303,3,0.333333333,139,3,0.021582734,0,0,158,6,0.037974684,3,0.5,238,8,0.033613445,3,0.375,59,1,0.016949153,0,0,141,1,0.007092199,1,1,126,1,0.007936508,1,1,15,0,0,0,,87,4,0.045977011,2,0.5,67,4,0.059701493,2,0.5,20,0,0,0,,68,3,0.044117647,0,0,45,3,0.066666667,0,0,23,0,0,0,,1,1,1,0,0,0,0,,0,0,1,1,1,0,0,207,7,0.033816425,3,0.428571429,73,2,0.02739726,0,0,17,0,0,0,
608348,Kelly,Carson,237,4,0.016877637,3,0.75,120,1,0.008333333,1,1,117,3,0.025641026,2,0.666666667,187,3,0.016042781,2,0.666666667,50,1,0.02,1,1,75,1,0.013333333,1,1,69,1,0.014492754,1,1,6,0,0,0,,84,1,0.011904762,1,1,71,1,0.014084507,1,1,13,0,0,0,,76,2,0.026315789,1,0.5,46,1,0.02173913,0,0,30,1,0.033333333,1,1,2,0,0,0,,1,0,0,0,,1,0,0,0,,164,3,0.018292683,2,0.666666667,60,1,0.016666667,1,1,13,0,0,0,
623168,Heineman,Tyler,83,2,0.024096386,1,0.5,46,0,0,0,,37,2,0.054054054,1,0.5,52,1,0.019230769,1,1,31,1,0.032258065,0,0,23,0,0,0,,18,0,0,0,,5,0,0,0,,31,0,0,0,,19,0,0,0,,12,0,0,0,,28,2,0.071428571,1,0.5,15,1,0.066666667,1,1,13,1,0.076923077,0,0,1,0,0,0,,0,0,,0,,1,0,0,0,,56,1,0.017857143,1,1,23,1,0.043478261,0,0,4,0,0,0,
641343,Bauers,Jakob,331,13,0.039274924,8,0.615384615,167,3,0.017964072,3,1,164,10,0.06097561,5,0.5,237,10,0.042194093,6,0.6,94,3,0.031914894,2,0.666666667,125,4,0.032,3,0.75,107,4,0.037383178,3,0.75,18,0,0,0,,119,4,0.033613445,2,0.5,85,4,0.047058824,2,0.5,34,0,0,0,,81,5,0.061728395,3,0.6,43,2,0.046511628,1,0.5,38,3,0.078947368,2,0.666666667,6,0,0,0,,2,0,0,0,,4,0,0,0,,212,10,0.047169811,6,0.6,91,3,0.032967033,2,0.666666667,28,0,0,0,
641598,Garver,Mitchell,111,4,0.036036036,1,0.25,46,3,0.065217391,1,0.333333333,65,1,0.015384615,0,0,84,4,0.047619048,1,0.25,27,0,0,0,,36,1,0.027777778,0,0,35,1,0.028571429,0,0,1,0,0,0,,31,0,0,0,,26,0,0,0,,5,0,0,0,,41,3,0.073170732,1,0.333333333,23,3,0.130434783,1,0.333333333,18,0,0,0,,3,0,0,0,,0,0,,0,,3,0,0,0,,65,4,0.061538462,1,0.25,36,0,0,0,,10,0,0,0,
642086,Smith,Dominic,158,10,0.063291139,5,0.5,84,7,0.083333333,4,0.571428571,74,3,0.040540541,1,0.333333333,135,8,0.059259259,4,0.5,23,2,0.086956522,1,0.5,65,3,0.046153846,2,0.666666667,64,3,0.046875,2,0.666666667,1,0,0,0,,49,6,0.12244898,2,0.333333333,44,5,0.113636364,2,0.4,5,1,0.2,0,0,43,1,0.023255814,1,1,26,0,0,0,,17,1,0.058823529,1,1,1,0,0,0,,1,0,0,0,,0,0,,0,,123,10,0.081300813,5,0.5,26,0,0,0,,9,0,0,0,
646240,Devers,Rafael,335,10,0.029850746,3,0.3,164,3,0.018292683,1,0.333333333,171,7,0.040935673,2,0.285714286,247,10,0.04048583,3,0.3,88,0,0,0,,136,5,0.036764706,2,0.4,127,5,0.039370079,2,0.4,9,0,0,0,,118,4,0.033898305,1,0.25,81,4,0.049382716,1,0.25,37,0,0,0,,77,1,0.012987013,0,0,39,1,0.025641026,0,0,38,0,0,0,,4,0,0,0,,0,0,,0,,4,0,0,0,,232,9,0.038793103,2,0.222222222,82,1,0.012195122,1,1,21,0,0,0,
656305,Chapman,Matt,256,12,0.046875,4,0.333333333,121,9,0.074380165,3,0.333333333,135,3,0.022222222,1,0.333333333,184,8,0.043478261,3,0.375,72,4,0.055555556,1,0.25,97,4,0.041237113,2,0.5,93,3,0.032258065,2,0.666666667,4,1,0.25,0,0,78,3,0.038461538,0,0,56,3,0.053571429,0,0,22,0,0,0,,77,5,0.064935065,2,0.4,35,2,0.057142857,1,0.5,42,3,0.071428571,1,0.333333333,4,0,0,0,,0,0,,0,,4,0,0,0,,172,9,0.052325581,2,0.222222222,74,3,0.040540541,2,0.666666667,10,0,0,0,
663330,Jones,Jahmai,65,6,0.092307692,4,0.666666667,25,3,0.12,1,0.333333333,40,3,0.075,3,1,44,2,0.045454545,1,0.5,21,4,0.19047619,3,0.75,18,0,0,0,,18,0,0,0,,0,0,,0,,17,1,0.058823529,1,1,13,0,0,0,,4,1,0.25,1,1,28,4,0.142857143,2,0.5,11,1,0.090909091,0,0,17,3,0.176470588,2,0.666666667,2,1,0.5,1,1,2,1,0.5,1,1,0,0,,0,0,28,1,0.035714286,0,0,28,4,0.142857143,3,0.75,9,1,0.111111111,1,1
663698,Bart,Joseph,77,3,0.038961039,0,0,42,0,0,0,,35,3,0.085714286,0,0,61,2,0.032786885,0,0,16,1,0.0625,0,0,22,0,0,0,,21,0,0,0,,1,0,0,0,,24,0,0,0,,20,0,0,0,,4,0,0,0,,28,3,0.107142857,0,0,20,2,0.1,0,0,8,1,0.125,0,0,3,0,0,0,,0,0,,0,,3,0,0,0,,43,3,0.069767442,0,0,28,0,0,0,,6,0,0,0,
687551,Gilbert,Andrew,240,9,0.0375,6,0.666666667,121,4,0.033057851,3,0.75,119,5,0.042016807,3,0.6,157,6,0.038216561,5,0.833333333,83,3,0.036144578,1,0.333333333,80,3,0.0375,2,0.666666667,67,3,0.044776119,2,0.666666667,13,0,0,0,,86,3,0.034883721,3,1,50,2,0.04,2,1,36,1,0.027777778,1,1,73,3,0.04109589,1,0.333333333,40,1,0.025,1,1,33,2,0.060606061,0,0,1,0,0,0,,0,0,,0,,1,0,0,0,,160,7,0.04375,4,0.571428571,62,0,0,0,,18,2,0.111111111,2,1
691785,Mayer,Marcelo,106,3,0.028301887,1,0.333333333,43,1,0.023255814,0,0,63,2,0.031746032,1,0.5,71,2,0.028169014,1,0.5,35,1,0.028571429,0,0,37,0,0,0,,31,0,0,0,,6,0,0,0,,32,1,0.03125,0,0,25,1,0.04,0,0,7,0,0,0,,36,2,0.055555556,1,0.5,15,1,0.066666667,1,1,21,1,0.047619048,0,0,1,0,0,0,,0,0,,0,,1,0,0,0,,62,2,0.032258065,0,0,28,1,0.035714286,1,1,16,0,0,0,
694410,Groover,LuJames,45,2,0.044444444,0,0,19,0,0,0,,26,2,0.076923077,0,0,30,2,0.066666667,0,0,15,0,0,0,,14,0,0,0,,11,0,0,0,,3,0,0,0,,18,1,0.055555556,0,0,12,1,0.083333333,0,0,6,0,0,0,,13,1,0.076923077,0,0,7,1,0.142857143,0,0,6,0,0,0,,0,0,,0,,0,0,,0,,0,0,,0,,28,1,0.035714286,0,0,16,1,0.0625,0,0,1,0,0,0,
696285,Young,Jacob,314,5,0.015923567,4,0.8,147,3,0.020408163,3,1,167,2,0.011976048,1,0.5,213,4,0.018779343,3,0.75,101,1,0.00990099,1,1,113,1,0.008849558,0,0,97,1,0.010309278,0,0,16,0,0,0,,110,3,0.027272727,3,1,73,2,0.02739726,2,1,37,1,0.027027027,1,1,84,1,0.011904762,1,1,41,1,0.024390244,1,1,43,0,0,0,,7,0,0,0,,2,0,0,0,,5,0,0,0,,214,3,0.014018692,2,0.666666667,76,1,0.013157895,1,1,24,1,0.041666667,1,1
701785,Culpepper,Kaelen,46,3,0.065217391,1,0.333333333,26,2,0.076923077,0,0,20,1,0.05,1,1,25,1,0.04,0,0,21,2,0.095238095,1,0.5,12,0,0,0,,12,0,0,0,,0,0,,0,,21,0,0,0,,10,0,0,0,,11,0,0,0,,13,3,0.230769231,1,0.333333333,3,1,0.333333333,0,0,10,2,0.2,1,0.5,0,0,,0,,0,0,,0,,0,0,,0,,16,1,0.0625,1,1,26,1,0.038461538,0,0,4,1,0.25,0,0
702284,Young,Cole,321,11,0.034267913,5,0.454545455,138,2,0.014492754,0,0,183,9,0.049180328,5,0.555555556,217,8,0.036866359,4,0.5,104,3,0.028846154,1,0.333333333,102,5,0.049019608,3,0.6,91,5,0.054945055,3,0.6,11,0,0,0,,113,1,0.008849558,0,0,71,0,0,0,,42,1,0.023809524,0,0,105,5,0.047619048,2,0.4,55,3,0.054545455,1,0.333333333,50,2,0.04,1,0.5,1,0,0,0,,0,0,,0,,1,0,0,0,,195,7,0.035897436,3,0.428571429,102,2,0.019607843,1,0.5,24,2,0.083333333,1,0.5
800050,DeLauter,Chase,279,17,0.0609319,6,0.352941176,139,7,0.050359712,1,0.142857143,140,10,0.071428571,5,0.5,194,12,0.06185567,4,0.333333333,85,5,0.058823529,2,0.4,111,5,0.045045045,3,0.6,101,4,0.03960396,2,0.5,10,1,0.1,1,1,92,8,0.086956522,2,0.25,60,6,0.1,1,0.166666667,32,2,0.0625,1,0.5,71,2,0.028169014,1,0.5,29,1,0.034482759,1,1,42,1,0.023809524,0,0,5,2,0.4,0,0,4,1,0.25,0,0,1,1,1,0,0,157,14,0.089171975,3,0.214285714,81,0,0,0,,41,3,0.073170732,3,1
806146,Lombard,George,66,5,0.075757576,5,1,47,4,0.085106383,4,1,19,1,0.052631579,1,1,44,4,0.090909091,4,1,22,1,0.045454545,1,1,22,2,0.090909091,2,1,17,1,0.058823529,1,1,5,1,0.2,1,1,24,2,0.083333333,2,1,20,2,0.1,2,1,4,0,0,0,,19,1,0.052631579,1,1,7,1,0.142857143,1,1,12,0,0,0,,1,0,0,0,,0,0,,0,,1,0,0,0,,38,3,0.078947368,3,1,23,1,0.043478261,1,1,5,1,0.2,1,1
805811,Eldridge,Bryson,243,17,0.069958848,12,0.705882353,122,9,0.073770492,6,0.666666667,121,8,0.066115702,6,0.75,179,12,0.067039106,9,0.75,64,5,0.078125,3,0.6,100,7,0.07,6,0.857142857,94,7,0.074468085,6,0.857142857,6,0,0,0,,86,3,0.034883721,2,0.666666667,59,1,0.016949153,1,1,27,2,0.074074074,1,0.5,50,7,0.14,4,0.571428571,26,4,0.153846154,2,0.5,24,3,0.125,2,0.666666667,7,0,0,0,,0,0,,0,,7,0,0,0,,136,10,0.073529412,7,0.7,91,5,0.054945055,3,0.6,16,2,0.125,2,1
661388,Contreras,William,274,7,0.025547445,5,0.714285714,134,3,0.02238806,1,0.333333333,140,4,0.028571429,4,1,190,5,0.026315789,3,0.6,84,2,0.023809524,2,1,122,2,0.016393443,1,0.5,105,2,0.019047619,1,0.5,17,0,0,0,,80,2,0.025,1,0.5,55,2,0.036363636,1,0.5,25,0,0,0,,68,3,0.044117647,3,1,29,1,0.034482759,1,1,39,2,0.051282051,2,1,4,0,0,0,,1,0,0,0,,3,0,0,0,,158,4,0.025316456,4,1,100,3,0.03,1,0.333333333,16,0,0,0,
663647,Hayes,Ke'Bryan,148,4,0.027027027,3,0.75,79,2,0.025316456,1,0.5,69,2,0.028985507,2,1,117,4,0.034188034,3,0.75,31,0,0,0,,48,1,0.020833333,1,1,45,1,0.022222222,1,1,3,0,0,0,,47,2,0.042553191,1,0.5,35,2,0.057142857,1,0.5,12,0,0,0,,51,1,0.019607843,1,1,35,1,0.028571429,1,1,16,0,0,0,,2,0,0,0,,2,0,0,0,,0,0,,0,,89,4,0.04494382,3,0.75,50,0,0,0,,9,0,0,0,
663967,Salazar,César,17,2,0.117647059,2,1,11,2,0.181818182,2,1,6,0,0,0,,10,2,0.2,2,1,7,0,0,0,,6,0,0,0,,3,0,0,0,,3,0,0,0,,5,0,0,0,,3,0,0,0,,2,0,0,0,,6,2,0.333333333,2,1,4,2,0.5,2,1,2,0,0,0,,0,0,,0,,0,0,,0,,0,0,,0,,9,0,0,0,,6,2,0.333333333,2,1,2,0,0,0,
665966,Narváez,Carlos,150,3,0.02,2,0.666666667,66,1,0.015151515,1,1,84,2,0.023809524,1,0.5,102,2,0.019607843,1,0.5,48,1,0.020833333,1,1,47,1,0.021276596,1,1,40,1,0.025,1,1,7,0,0,0,,64,1,0.015625,1,1,42,0,0,0,,22,1,0.045454545,1,1,37,1,0.027027027,0,0,19,1,0.052631579,0,0,18,0,0,0,,2,0,0,0,,1,0,0,0,,1,0,0,0,,108,3,0.027777778,2,0.666666667,37,0,0,0,,5,0,0,0,
667472,Myers,Dane,203,9,0.044334975,4,0.444444444,98,5,0.051020408,1,0.2,105,4,0.038095238,3,0.75,143,3,0.020979021,2,0.666666667,60,6,0.1,2,0.333333333,60,1,0.016666667,1,1,55,1,0.018181818,1,1,5,0,0,0,,59,2,0.033898305,1,0.5,42,1,0.023809524,1,1,17,1,0.058823529,0,0,80,6,0.075,2,0.333333333,44,1,0.022727273,0,0,36,5,0.138888889,2,0.4,4,0,0,0,,2,0,0,0,,2,0,0,0,,150,6,0.04,2,0.333333333,46,2,0.043478261,1,0.5,7,1,0.142857143,1,1
668885,Martin,Christopher,213,19,0.089201878,10,0.526315789,112,9,0.080357143,3,0.333333333,101,10,0.099009901,7,0.7,131,11,0.083969466,5,0.454545455,82,8,0.097560976,5,0.625,90,6,0.066666667,3,0.5,78,5,0.064102564,2,0.4,12,1,0.083333333,1,1,59,5,0.084745763,2,0.4,30,4,0.133333333,2,0.5,29,1,0.034482759,0,0,62,8,0.129032258,5,0.625,23,2,0.086956522,1,0.5,39,6,0.153846154,4,0.666666667,2,0,0,0,,0,0,,0,,2,0,0,0,,140,13,0.092857143,8,0.615384615,59,5,0.084745763,2,0.4,14,1,0.071428571,0,0
668952,Kreidler,Ryan,79,3,0.037974684,1,0.333333333,39,1,0.025641026,0,0,40,2,0.05,1,0.5,55,2,0.036363636,0,0,24,1,0.041666667,1,1,25,0,0,0,,23,0,0,0,,2,0,0,0,,35,2,0.057142857,0,0,27,2,0.074074074,0,0,8,0,0,0,,19,1,0.052631579,1,1,5,0,0,0,,14,1,0.071428571,1,1,0,0,,0,,0,0,,0,,0,0,,0,,58,2,0.034482759,0,0,19,1,0.052631579,1,1,2,0,0,0,
669016,Marsh,Brandon,261,3,0.011494253,2,0.666666667,133,1,0.007518797,1,1,128,2,0.015625,1,0.5,168,2,0.011904762,1,0.5,93,1,0.010752688,1,1,73,1,0.01369863,1,1,67,1,0.014925373,1,1,6,0,0,0,,99,0,0,0,,65,0,0,0,,34,0,0,0,,88,2,0.022727273,1,0.5,36,1,0.027777778,0,0,52,1,0.019230769,1,1,1,0,0,0,,0,0,,0,,1,0,0,0,,144,2,0.013888889,2,1,97,1,0.010309278,0,0,20,0,0,0,
669242,Edman,Thomas,131,7,0.053435115,3,0.428571429,53,3,0.056603774,2,0.666666667,78,4,0.051282051,1,0.25,95,4,0.042105263,2,0.5,36,3,0.083333333,1,0.333333333,44,3,0.068181818,2,0.666666667,43,3,0.069767442,2,0.666666667,1,0,0,0,,45,1,0.022222222,0,0,31,1,0.032258065,0,0,14,0,0,0,,41,3,0.073170732,1,0.333333333,21,0,0,0,,20,3,0.15,1,0.333333333,1,0,0,0,,0,0,,0,,1,0,0,0,,79,4,0.050632911,2,0.5,38,1,0.026315789,1,1,14,2,0.142857143,0,0
669397,Allen,Nicholas,85,5,0.058823529,2,0.4,49,4,0.081632653,2,0.5,36,1,0.027777778,0,0,55,4,0.072727273,2,0.5,30,1,0.033333333,0,0,25,1,0.04,1,1,24,1,0.041666667,1,1,1,0,0,0,,24,1,0.041666667,0,0,13,1,0.076923077,0,0,11,0,0,0,,35,3,0.085714286,1,0.333333333,18,2,0.111111111,1,0.5,17,1,0.058823529,0,0,1,0,0,0,,0,0,,0,,1,0,0,0,,67,5,0.074626866,2,0.4,13,0,0,0,,5,0,0,0,
669743,Call,Alex,117,10,0.085470085,4,0.4,51,6,0.117647059,2,0.333333333,66,4,0.060606061,2,0.5,77,6,0.077922078,3,0.5,40,4,0.1,1,0.25,28,4,0.142857143,1,0.25,25,3,0.12,1,0.333333333,3,1,0.333333333,0,0,40,2,0.05,1,0.5,21,1,0.047619048,1,1,19,1,0.052631579,0,0,49,4,0.081632653,2,0.5,31,2,0.064516129,1,0.5,18,2,0.111111111,1,0.5,0,0,,0,,0,0,,0,,0,0,,0,,81,7,0.086419753,3,0.428571429,33,3,0.090909091,1,0.333333333,3,0,0,0,
675961,Williams,Alexander,95,2,0.021052632,1,0.5,60,2,0.033333333,1,0.5,35,0,0,0,,60,2,0.033333333,1,0.5,35,0,0,0,,29,0,0,0,,25,0,0,0,,4,0,0,0,,31,1,0.032258065,1,1,21,1,0.047619048,1,1,10,0,0,0,,33,1,0.03030303,0,0,14,1,0.071428571,0,0,19,0,0,0,,2,0,0,0,,0,0,,0,,2,0,0,0,,47,0,0,0,,39,2,0.051282051,1,0.5,9,0,0,0,
676694,Meyers,Jacob,71,2,0.028169014,0,0,35,2,0.057142857,0,0,36,0,0,0,,46,1,0.02173913,0,0,25,1,0.04,0,0,23,0,0,0,,20,0,0,0,,3,0,0,0,,27,2,0.074074074,0,0,17,1,0.058823529,0,0,10,1,0.1,0,0,21,0,0,0,,9,0,0,0,,12,0,0,0,,0,0,,0,,0,0,,0,,0,0,,0,,32,1,0.03125,0,0,36,1,0.027777778,0,0,3,0,0,0,
678662,Tovar,Ezequiel,140,6,0.042857143,3,0.5,53,4,0.075471698,1,0.25,87,2,0.022988506,2,1,87,3,0.034482759,1,0.333333333,53,3,0.056603774,2,0.666666667,42,3,0.071428571,2,0.666666667,38,2,0.052631579,1,0.5,4,1,0.25,1,1,62,1,0.016129032,0,0,34,1,0.029411765,0,0,28,0,0,0,,33,2,0.060606061,1,0.5,14,0,0,0,,19,2,0.105263158,1,0.5,3,0,0,0,,1,0,0,0,,2,0,0,0,,97,6,0.06185567,3,0.5,37,0,0,0,,6,0,0,0,
679529,Torkelson,Spencer,377,18,0.047745358,8,0.444444444,181,10,0.055248619,3,0.3,196,8,0.040816327,5,0.625,286,11,0.038461538,5,0.454545455,91,7,0.076923077,3,0.428571429,126,2,0.015873016,0,0,122,2,0.016393443,0,0,4,0,0,0,,130,7,0.053846154,4,0.571428571,100,5,0.05,3,0.6,30,2,0.066666667,1,0.5,119,9,0.075630252,4,0.444444444,64,4,0.0625,2,0.5,55,5,0.090909091,2,0.4,2,0,0,0,,0,0,,0,,2,0,0,0,,206,9,0.04368932,4,0.444444444,140,8,0.057142857,4,0.5,31,1,0.032258065,0,0
680700,Palacios,Richard,202,6,0.02970297,2,0.333333333,109,3,0.027522936,2,0.666666667,93,3,0.032258065,0,0,150,6,0.04,2,0.333333333,52,0,0,0,,64,0,0,0,,58,0,0,0,,6,0,0,0,,77,2,0.025974026,1,0.5,61,2,0.032786885,1,0.5,16,0,0,0,,59,3,0.050847458,1,0.333333333,30,3,0.1,1,0.333333333,29,0,0,0,,2,1,0.5,0,0,1,1,1,0,0,1,0,0,0,0,122,3,0.024590164,1,0.333333333,60,2,0.033333333,1,0.5,20,1,0.05,0,0
682829,De La Cruz,Elly,419,14,0.033412888,7,0.5,222,9,0.040540541,3,0.333333333,197,5,0.025380711,4,0.8,311,8,0.025723473,3,0.375,108,6,0.055555556,4,0.666666667,161,1,0.00621118,1,1,154,1,0.006493506,1,1,7,0,0,0,,124,4,0.032258065,1,0.25,85,4,0.047058824,1,0.25,39,0,0,0,,130,9,0.069230769,5,0.555555556,70,3,0.042857143,1,0.333333333,60,6,0.1,4,0.666666667,4,0,0,0,,2,0,0,0,,2,0,0,0,,218,7,0.032110092,3,0.428571429,152,6,0.039473684,3,0.5,49,1,0.020408163,1,1
683748,Mesa,Victor,68,6,0.088235294,2,0.333333333,28,3,0.107142857,1,0.333333333,40,3,0.075,1,0.333333333,54,5,0.092592593,2,0.4,14,1,0.071428571,0,0,26,2,0.076923077,1,0.5,25,2,0.08,1,0.5,1,0,0,0,,23,3,0.130434783,1,0.333333333,18,3,0.166666667,1,0.333333333,5,0,0,0,,19,1,0.052631579,0,0,11,0,0,0,,8,1,0.125,0,0,0,0,,0,,0,0,,0,,0,0,,0,,43,6,0.139534884,2,0.333333333,20,0,0,0,,5,0,0,0,
687515,Thomas,Colby,37,3,0.081081081,2,0.666666667,22,2,0.090909091,1,0.5,15,1,0.066666667,1,1,25,2,0.08,1,0.5,12,1,0.083333333,1,1,13,0,0,0,,13,0,0,0,,0,0,,0,,15,1,0.066666667,1,1,9,1,0.111111111,1,1,6,0,0,0,,9,2,0.222222222,1,0.5,3,1,0.333333333,0,0,6,1,0.166666667,1,1,0,0,,0,,0,0,,0,,0,0,,0,,24,2,0.083333333,1,0.5,9,1,0.111111111,1,1,4,0,0,0,
687597,Beck,Jordan,83,8,0.096385542,4,0.5,25,3,0.12,1,0.333333333,58,5,0.086206897,3,0.6,54,7,0.12962963,4,0.571428571,29,1,0.034482759,0,0,30,1,0.033333333,0,0,26,1,0.038461538,0,0,4,0,0,0,,30,3,0.1,1,0.333333333,15,2,0.133333333,1,0.5,15,1,0.066666667,0,0,23,4,0.173913043,3,0.75,13,4,0.307692308,3,0.75,10,0,0,0,,0,0,,0,,0,0,,0,,0,0,,0,,60,6,0.1,4,0.666666667,23,2,0.086956522,0,0,0,0,,0,
691176,Domínguez,Jasson,103,5,0.048543689,2,0.4,43,2,0.046511628,1,0.5,60,3,0.05,1,0.333333333,70,4,0.057142857,1,0.25,33,1,0.03030303,1,1,37,0,0,0,,30,0,0,0,,7,0,0,0,,32,3,0.09375,1,0.333333333,24,3,0.125,1,0.333333333,8,0,0,0,,33,2,0.060606061,1,0.5,16,1,0.0625,0,0,17,1,0.058823529,1,1,1,0,0,0,,0,0,,0,,1,0,0,0,,72,5,0.069444444,2,0.4,21,0,0,0,,10,0,0,0,
691720,Karros,Kyle,248,15,0.060483871,9,0.6,110,10,0.090909091,5,0.5,138,5,0.036231884,4,0.8,161,12,0.074534161,6,0.5,87,3,0.034482759,3,1,91,6,0.065934066,3,0.5,81,6,0.074074074,3,0.5,10,0,0,0,,89,7,0.078651685,5,0.714285714,49,5,0.102040816,3,0.6,40,2,0.05,2,1,67,2,0.029850746,1,0.5,31,1,0.032258065,0,0,36,1,0.027777778,1,1,1,0,0,0,,0,0,,0,,1,0,0,0,,162,11,0.067901235,6,0.545454545,75,2,0.026666667,2,1,11,2,0.181818182,1,0.5
691723,Mayo,Coby,264,17,0.064393939,10,0.588235294,117,8,0.068376068,4,0.5,147,9,0.06122449,6,0.666666667,194,10,0.051546392,7,0.7,70,7,0.1,3,0.428571429,104,3,0.028846154,1,0.333333333,91,3,0.032967033,1,0.333333333,13,0,0,0,,87,4,0.045977011,2,0.5,66,2,0.03030303,2,1,21,2,0.095238095,0,0,68,8,0.117647059,6,0.75,35,4,0.114285714,3,0.75,33,4,0.121212121,3,0.75,5,2,0.4,1,0.5,2,1,0.5,1,0.5,3,1,0.333333333,0,0,135,13,0.096296296,7,0.538461538,112,3,0.026785714,2,0.666666667,17,1,0.058823529,1,1
691788,Mack,Joseph,172,4,0.023255814,2,0.5,88,1,0.011363636,1,1,84,3,0.035714286,1,0.333333333,106,3,0.028301887,2,0.666666667,66,1,0.015151515,0,0,59,0,0,0,,43,0,0,0,,16,0,0,0,,49,1,0.020408163,1,1,29,1,0.034482759,1,1,20,0,0,0,,63,3,0.047619048,1,0.333333333,34,2,0.058823529,1,0.5,29,1,0.034482759,0,0,1,0,0,0,,0,0,,0,,1,0,0,0,,88,2,0.022727273,1,0.5,62,1,0.016129032,0,0,22,1,0.045454545,1,1
694203,Guzman,Denzer,111,8,0.072072072,2,0.25,68,6,0.088235294,2,0.333333333,43,2,0.046511628,0,0,71,5,0.070422535,1,0.2,40,3,0.075,1,0.333333333,37,1,0.027027027,0,0,32,1,0.03125,0,0,5,0,0,0,,40,5,0.125,2,0.4,24,3,0.125,1,0.333333333,16,2,0.125,1,0.5,33,2,0.060606061,0,0,15,1,0.066666667,0,0,18,1,0.055555556,0,0,1,0,0,0,,0,0,,0,,1,0,0,0,,89,6,0.06741573,1,0.166666667,19,1,0.052631579,0,0,3,1,0.333333333,1,1
694384,Schanuel,Nolan,296,36,0.121621622,20,0.555555556,149,21,0.140939597,13,0.619047619,147,15,0.102040816,7,0.466666667,220,26,0.118181818,11,0.423076923,76,10,0.131578947,9,0.9,122,10,0.081967213,4,0.4,113,10,0.088495575,4,0.4,9,0,0,0,,87,6,0.068965517,4,0.666666667,65,5,0.076923077,3,0.6,22,1,0.045454545,1,1,83,18,0.21686747,12,0.666666667,40,9,0.225,4,0.444444444,43,9,0.209302326,8,0.888888889,4,2,0.5,0,0,2,2,1,0,0,2,0,0,0,0,200,23,0.115,14,0.608695652,72,11,0.152777778,5,0.454545455,24,2,0.083333333,1,0.5
694388,Loperfido,Mario,68,3,0.044117647,1,0.333333333,26,0,0,0,,42,3,0.071428571,1,0.333333333,45,1,0.022222222,1,1,23,2,0.086956522,0,0,19,2,0.105263158,1,0.5,14,1,0.071428571,1,1,5,1,0.2,0,0,28,1,0.035714286,0,0,18,0,0,0,,10,1,0.1,0,0,20,0,0,0,,13,0,0,0,,7,0,0,0,,1,0,0,0,,0,0,,0,,1,0,0,0,,36,2,0.055555556,1,0.5,24,1,0.041666667,0,0,8,0,0,0,
695731,Montgomery,Braden,108,7,0.064814815,5,0.714285714,56,3,0.053571429,2,0.666666667,52,4,0.076923077,3,0.75,68,1,0.014705882,1,1,40,6,0.15,4,0.666666667,42,1,0.023809524,1,1,39,1,0.025641026,1,1,3,0,0,0,,29,2,0.068965517,2,1,16,0,0,0,,13,2,0.153846154,2,1,32,2,0.0625,0,0,13,0,0,0,,19,2,0.105263158,0,0,5,2,0.4,2,1,0,0,,0,0,5,2,0.4,2,1,52,2,0.038461538,0,0,36,2,0.055555556,2,1,20,3,0.15,3,1
701358,Smith,Cameron,254,25,0.098425197,10,0.4,128,10,0.078125,4,0.4,126,15,0.119047619,6,0.4,159,15,0.094339623,4,0.266666667,95,10,0.105263158,6,0.6,74,4,0.054054054,0,0,63,4,0.063492063,0,0,11,0,0,0,,102,13,0.12745098,6,0.461538462,68,8,0.117647059,4,0.5,34,5,0.147058824,2,0.4,74,7,0.094594595,3,0.428571429,28,3,0.107142857,0,0,46,4,0.086956522,3,0.75,4,1,0.25,1,1,0,0,,0,0,4,1,0.25,1,1,123,11,0.089430894,4,0.363636364,113,11,0.097345133,5,0.454545455,18,3,0.166666667,1,0.333333333
800325,Lara,Luis,100,5,0.05,2,0.4,48,3,0.0625,1,0.333333333,52,2,0.038461538,1,0.5,56,2,0.035714286,0,0,44,3,0.068181818,2,0.666666667,28,1,0.035714286,0,0,25,1,0.04,0,0,3,0,0,0,,41,2,0.048780488,1,0.5,20,1,0.05,0,0,21,1,0.047619048,1,1,30,2,0.066666667,1,0.5,11,0,0,0,,19,2,0.105263158,1,0.5,1,0,0,0,,0,0,,0,,1,0,0,0,,60,3,0.05,1,0.333333333,31,1,0.032258065,1,1,9,1,0.111111111,0,0
663604,Lockridge,Brandon,82,2,0.024390244,0,0,43,1,0.023255814,0,0,39,1,0.025641026,0,0,64,2,0.03125,0,0,18,0,0,0,,30,0,0,0,,30,0,0,0,,0,0,,0,,25,1,0.04,0,0,20,1,0.05,0,0,5,0,0,0,,27,1,0.037037037,0,0,14,1,0.071428571,0,0,13,0,0,0,,0,0,,0,,0,0,,0,,0,0,,0,,52,2,0.038461538,0,0,23,0,0,0,,7,0,0,0,
664056,Bader,Harrison,61,2,0.032786885,1,0.5,29,1,0.034482759,0,0,32,1,0.03125,1,1,37,1,0.027027027,1,1,24,1,0.041666667,0,0,21,1,0.047619048,1,1,19,1,0.052631579,1,1,2,0,0,0,,13,0,0,0,,7,0,0,0,,6,0,0,0,,27,1,0.037037037,0,0,11,0,0,0,,16,1,0.0625,0,0,0,0,,0,,0,0,,0,,0,0,,0,,39,1,0.025641026,1,1,18,0,0,0,,4,1,0.25,0,0
664774,Wade,LaMonte,98,3,0.030612245,1,0.333333333,54,2,0.037037037,1,0.5,44,1,0.022727273,0,0,74,2,0.027027027,0,0,24,1,0.041666667,1,1,38,1,0.026315789,0,0,37,1,0.027027027,0,0,1,0,0,0,,37,2,0.054054054,1,0.5,28,1,0.035714286,0,0,9,1,0.111111111,1,1,22,0,0,0,,9,0,0,0,,13,0,0,0,,1,0,0,0,,0,0,,0,,1,0,0,0,,63,3,0.047619048,1,0.333333333,23,0,0,0,,12,0,0,0,
666211,Trammell,Taylor,127,11,0.086614173,6,0.545454545,62,4,0.064516129,2,0.5,65,7,0.107692308,4,0.571428571,81,5,0.061728395,3,0.6,46,6,0.130434783,3,0.5,44,2,0.045454545,2,1,36,1,0.027777778,1,1,8,1,0.125,1,1,40,6,0.15,3,0.5,25,3,0.12,2,0.666666667,15,3,0.2,1,0.333333333,42,3,0.071428571,1,0.333333333,20,1,0.05,0,0,22,2,0.090909091,1,0.5,1,0,0,0,,0,0,,0,,1,0,0,0,,77,7,0.090909091,3,0.428571429,40,4,0.1,3,0.75,10,0,0,0,
666624,Morel,Christopher,56,3,0.053571429,2,0.666666667,37,2,0.054054054,1,0.5,19,1,0.052631579,1,1,32,3,0.09375,2,0.666666667,24,0,0,0,,12,1,0.083333333,1,1,11,1,0.090909091,1,1,1,0,0,0,,23,2,0.086956522,1,0.5,14,2,0.142857143,1,0.5,9,0,0,0,,21,0,0,0,,7,0,0,0,,14,0,0,0,,0,0,,0,,0,0,,0,,0,0,,0,,33,1,0.03030303,1,1,21,2,0.095238095,1,0.5,2,0,0,0,
666971,Gurriel,Lourdes,96,3,0.03125,1,0.333333333,45,2,0.044444444,1,0.5,51,1,0.019607843,0,0,76,3,0.039473684,1,0.333333333,20,0,0,0,,23,2,0.086956522,1,0.5,21,2,0.095238095,1,0.5,2,0,0,0,,40,1,0.025,0,0,32,1,0.03125,0,0,8,0,0,0,,32,0,0,0,,23,0,0,0,,9,0,0,0,,1,0,0,0,,0,0,,0,,1,0,0,0,,64,1,0.015625,0,0,20,2,0.1,1,0.5,12,0,0,0,
668670,Rogers,Jacob,109,5,0.04587156,1,0.2,47,1,0.021276596,0,0,62,4,0.064516129,1,0.25,79,2,0.025316456,1,0.5,30,3,0.1,0,0,33,0,0,0,,29,0,0,0,,4,0,0,0,,39,2,0.051282051,1,0.5,33,2,0.060606061,1,0.5,6,0,0,0,,35,3,0.085714286,0,0,15,0,0,0,,20,3,0.15,0,0,2,0,0,0,,2,0,0,0,,0,0,,0,,61,1,0.016393443,0,0,39,2,0.051282051,1,0.5,9,2,0.222222222,0,0
668804,Reynolds,Bryan,300,20,0.066666667,11,0.55,143,13,0.090909091,7,0.538461538,157,7,0.044585987,4,0.571428571,202,13,0.064356436,8,0.615384615,98,7,0.071428571,3,0.428571429,110,6,0.054545455,2,0.333333333,100,5,0.05,2,0.4,10,1,0.1,0,0,108,6,0.055555556,5,0.833333333,69,6,0.086956522,5,0.833333333,39,0,0,0,,78,8,0.102564103,4,0.5,33,2,0.060606061,1,0.5,45,6,0.133333333,3,0.5,4,0,0,0,,0,0,,0,,4,0,0,0,,180,11,0.061111111,4,0.363636364,78,8,0.102564103,6,0.75,42,1,0.023809524,1,1
676572,Wagaman,Eric,43,3,0.069767442,3,1,26,2,0.076923077,2,1,17,1,0.058823529,1,1,28,1,0.035714286,1,1,15,2,0.133333333,2,1,17,1,0.058823529,1,1,14,1,0.071428571,1,1,3,0,0,0,,10,0,0,0,,8,0,0,0,,2,0,0,0,,16,2,0.125,2,1,6,0,0,0,,10,2,0.2,2,1,0,0,,0,,0,0,,0,,0,0,,0,,23,1,0.043478261,1,1,12,0,0,0,,8,2,0.25,2,1
676609,Caballero,José,236,29,0.122881356,17,0.586206897,109,11,0.100917431,6,0.545454545,127,18,0.141732283,11,0.611111111,139,18,0.129496403,10,0.555555556,97,11,0.113402062,7,0.636363636,76,9,0.118421053,7,0.777777778,63,7,0.111111111,5,0.714285714,13,2,0.153846154,2,1,75,9,0.12,3,0.333333333,42,7,0.166666667,3,0.428571429,33,2,0.060606061,0,0,82,10,0.12195122,7,0.7,33,4,0.121212121,2,0.5,49,6,0.12244898,5,0.833333333,3,1,0.333333333,0,0,1,0,0,0,0,2,1,0.5,0,0,152,22,0.144736842,12,0.545454545,72,7,0.097222222,5,0.714285714,12,0,0,0,
680776,Duran,Jarren,261,6,0.022988506,3,0.5,116,5,0.043103448,2,0.4,145,1,0.006896552,1,1,187,3,0.016042781,2,0.666666667,74,3,0.040540541,1,0.333333333,105,0,0,0,,98,0,0,0,,7,0,0,0,,66,1,0.015151515,1,1,49,1,0.020408163,1,1,17,0,0,0,,89,5,0.056179775,2,0.4,39,2,0.051282051,1,0.5,50,3,0.06,1,0.333333333,1,0,0,0,,1,0,0,0,,0,0,,0,,166,1,0.006024096,1,1,72,5,0.069444444,2,0.4,23,0,0,0,
681297,Cowser,Colton,241,12,0.049792531,6,0.5,114,4,0.035087719,3,0.75,127,8,0.062992126,3,0.375,158,12,0.075949367,6,0.5,83,0,0,0,,82,4,0.048780488,2,0.5,62,4,0.064516129,2,0.5,20,0,0,0,,87,3,0.034482759,2,0.666666667,54,3,0.055555556,2,0.666666667,33,0,0,0,,68,4,0.058823529,2,0.5,40,4,0.1,2,0.5,28,0,0,0,,4,1,0.25,0,0,2,1,0.5,0,0,2,0,0,0,0,123,9,0.073170732,4,0.444444444,81,2,0.024691358,1,0.5,37,1,0.027027027,1,1
683357,Caissie,Owen,202,8,0.03960396,6,0.75,101,1,0.00990099,1,1,101,7,0.069306931,5,0.714285714,132,7,0.053030303,5,0.714285714,70,1,0.014285714,1,1,79,3,0.037974684,1,0.333333333,63,3,0.047619048,1,0.333333333,16,0,0,0,,75,2,0.026666667,2,1,45,2,0.044444444,2,1,30,0,0,0,,48,3,0.0625,3,1,24,2,0.083333333,2,1,24,1,0.041666667,1,1,0,0,,0,,0,0,,0,,0,0,,0,,124,5,0.040322581,3,0.6,63,1,0.015873016,1,1,15,2,0.133333333,2,1
686217,Frelick,Salvatore,239,7,0.029288703,2,0.285714286,113,4,0.03539823,1,0.25,126,3,0.023809524,1,0.333333333,151,4,0.026490066,1,0.25,88,3,0.034090909,1,0.333333333,65,3,0.046153846,0,0,54,2,0.037037037,0,0,11,1,0.090909091,0,0,99,0,0,0,,62,0,0,0,,37,0,0,0,,75,4,0.053333333,2,0.5,35,2,0.057142857,1,0.5,40,2,0.05,1,0.5,0,0,,0,,0,0,,0,,0,0,,0,,182,6,0.032967033,2,0.333333333,46,1,0.02173913,0,0,11,0,0,0,
686469,Pasquantino,Vincent,227,4,0.017621145,3,0.75,110,2,0.018181818,2,1,117,2,0.017094017,1,0.5,175,4,0.022857143,3,0.75,52,0,0,0,,98,2,0.020408163,2,1,91,2,0.021978022,2,1,7,0,0,0,,71,1,0.014084507,1,1,52,1,0.019230769,1,1,19,0,0,0,,57,1,0.01754386,0,0,31,1,0.032258065,0,0,26,0,0,0,,1,0,0,0,,1,0,0,0,,0,0,,0,,143,4,0.027972028,3,0.75,71,0,0,0,,13,0,0,0,
686681,Massey,Michael,199,7,0.035175879,6,0.857142857,94,4,0.042553191,3,0.75,105,3,0.028571429,3,1,160,4,0.025,3,0.75,39,3,0.076923077,3,1,61,2,0.032786885,1,0.5,57,1,0.01754386,0,0,4,1,0.25,1,1,83,2,0.024096386,2,1,72,2,0.027777778,2,1,11,0,0,0,,54,3,0.055555556,3,1,31,1,0.032258065,1,1,23,2,0.086956522,2,1,1,0,0,0,,0,0,,0,,1,0,0,0,,135,6,0.044444444,5,0.833333333,54,1,0.018518519,1,1,10,0,0,0,
686765,Sogard,Nicholas,152,10,0.065789474,6,0.6,67,3,0.044776119,2,0.666666667,85,7,0.082352941,4,0.571428571,110,7,0.063636364,4,0.571428571,42,3,0.071428571,2,0.666666667,64,2,0.03125,2,1,59,2,0.033898305,2,1,5,0,0,0,,45,2,0.044444444,1,0.5,32,1,0.03125,1,1,13,1,0.076923077,0,0,43,6,0.139534884,3,0.5,19,4,0.210526316,1,0.25,24,2,0.083333333,2,1,0,0,,0,,0,0,,0,,0,0,,0,,88,5,0.056818182,2,0.4,45,3,0.066666667,3,1,19,2,0.105263158,1,0.5
691026,Winn,Masyn,397,9,0.022670025,6,0.666666667,206,4,0.019417476,1,0.25,191,5,0.02617801,5,1,305,7,0.02295082,5,0.714285714,92,2,0.02173913,1,0.5,128,1,0.0078125,0,0,117,1,0.008547009,0,0,11,0,0,0,,143,2,0.013986014,2,1,111,2,0.018018018,2,1,32,0,0,0,,121,6,0.049586777,4,0.666666667,74,4,0.054054054,3,0.75,47,2,0.042553191,1,0.5,5,0,0,0,,3,0,0,0,,2,0,0,0,,264,6,0.022727273,5,0.833333333,107,3,0.028037383,1,0.333333333,26,0,0,0,
694249,Carrigg,Cole,126,18,0.142857143,9,0.5,58,10,0.172413793,4,0.4,68,8,0.117647059,5,0.625,89,12,0.134831461,7,0.583333333,37,6,0.162162162,2,0.333333333,57,6,0.105263158,4,0.666666667,53,6,0.113207547,4,0.666666667,4,0,0,0,,38,5,0.131578947,3,0.6,23,3,0.130434783,2,0.666666667,15,2,0.133333333,1,0.5,31,7,0.225806452,2,0.285714286,13,3,0.230769231,1,0.333333333,18,4,0.222222222,1,0.25,0,0,,0,,0,0,,0,,0,0,,0,,64,8,0.125,4,0.5,44,7,0.159090909,4,0.571428571,18,3,0.166666667,1,0.333333333
694514,Thompson,Sterlin,32,6,0.1875,1,0.166666667,12,1,0.083333333,0,0,20,5,0.25,1,0.2,23,5,0.217391304,1,0.2,9,1,0.111111111,0,0,7,0,0,0,,6,0,0,0,,1,0,0,0,,14,2,0.142857143,0,0,11,2,0.181818182,0,0,3,0,0,0,,9,4,0.444444444,1,0.25,6,3,0.5,1,0.333333333,3,1,0.333333333,0,0,2,0,0,0,,0,0,,0,,2,0,0,0,,18,4,0.222222222,0,0,10,1,0.1,0,0,4,1,0.25,1,1
695336,Saggese,Thomas,43,4,0.093023256,2,0.5,24,2,0.083333333,0,0,19,2,0.105263158,2,1,31,3,0.096774194,2,0.666666667,12,1,0.083333333,0,0,18,0,0,0,,17,0,0,0,,1,0,0,0,,13,2,0.153846154,2,1,10,2,0.2,2,1,3,0,0,0,,12,2,0.166666667,0,0,4,1,0.25,0,0,8,1,0.125,0,0,0,0,,0,,0,0,,0,,0,0,,0,,33,4,0.121212121,2,0.5,9,0,0,0,,1,0,0,0,
695600,Jensen,Carter,318,11,0.034591195,7,0.636363636,141,3,0.021276596,3,1,177,8,0.04519774,4,0.5,254,11,0.043307087,7,0.636363636,64,0,0,0,,123,2,0.016260163,2,1,119,2,0.016806723,2,1,4,0,0,0,,91,4,0.043956044,3,0.75,74,4,0.054054054,3,0.75,17,0,0,0,,103,5,0.048543689,2,0.4,61,5,0.081967213,2,0.4,42,0,0,0,,1,0,0,0,,0,0,,0,,1,0,0,0,,206,8,0.038834951,5,0.625,84,1,0.011904762,0,0,28,2,0.071428571,2,1
701675,Church,Nathan,180,4,0.022222222,0,0,81,1,0.012345679,0,0,99,3,0.03030303,0,0,145,4,0.027586207,0,0,35,0,0,0,,57,1,0.01754386,0,0,53,1,0.018867925,0,0,4,0,0,0,,68,2,0.029411765,0,0,61,2,0.032786885,0,0,7,0,0,0,,54,1,0.018518519,0,0,31,1,0.032258065,0,0,23,0,0,0,,1,0,0,0,,0,0,,0,,1,0,0,0,,121,2,0.016528926,0,0,43,2,0.046511628,0,0,16,0,0,0,
663837,Vierling,Matthew,199,2,0.010050251,1,0.5,103,0,0,0,,96,2,0.020833333,1,0.5,164,2,0.012195122,1,0.5,35,0,0,0,,67,1,0.014925373,0,0,64,1,0.015625,0,0,3,0,0,0,,73,1,0.01369863,1,1,61,1,0.016393443,1,1,12,0,0,0,,56,0,0,0,,36,0,0,0,,20,0,0,0,,3,0,0,0,,3,0,0,0,,0,0,,0,,138,2,0.014492754,1,0.5,48,0,0,0,,13,0,0,0,
663886,Stephenson,Tyler,265,7,0.026415094,6,0.857142857,125,6,0.048,5,0.833333333,140,1,0.007142857,1,1,186,4,0.021505376,4,1,79,3,0.037974684,2,0.666666667,76,0,0,0,,68,0,0,0,,8,0,0,0,,93,2,0.021505376,2,1,73,2,0.02739726,2,1,20,0,0,0,,94,5,0.053191489,4,0.8,45,2,0.044444444,2,1,49,3,0.06122449,2,0.666666667,2,0,0,0,,0,0,,0,,2,0,0,0,,161,6,0.037267081,5,0.833333333,81,1,0.012345679,1,1,23,0,0,0,
664983,McCarthy,Jacob,156,4,0.025641026,3,0.75,75,1,0.013333333,1,1,81,3,0.037037037,2,0.666666667,107,2,0.018691589,1,0.5,49,2,0.040816327,2,1,70,1,0.014285714,1,1,64,1,0.015625,1,1,6,0,0,0,,56,2,0.035714286,1,0.5,32,1,0.03125,0,0,24,1,0.041666667,1,1,28,0,0,0,,11,0,0,0,,17,0,0,0,,2,1,0.5,1,1,0,0,,0,0,2,1,0.5,1,1,89,3,0.033707865,2,0.666666667,51,0,0,0,,16,1,0.0625,1,1
665487,Tatis,Fernando,296,6,0.02027027,4,0.666666667,150,3,0.02,2,0.666666667,146,3,0.020547945,2,0.666666667,226,6,0.026548673,4,0.666666667,70,0,0,0,,154,4,0.025974026,3,0.75,140,4,0.028571429,3,0.75,14,0,0,0,,75,1,0.013333333,1,1,56,1,0.017857143,1,1,19,0,0,0,,65,1,0.015384615,0,0,30,1,0.033333333,0,0,35,0,0,0,,2,0,0,0,,0,0,,0,,2,0,0,0,,192,5,0.026041667,3,0.6,81,1,0.012345679,1,1,23,0,0,0,
665833,Cruz,Oneil,213,6,0.028169014,1,0.166666667,104,3,0.028846154,1,0.333333333,109,3,0.027522936,0,0,149,4,0.026845638,1,0.25,64,2,0.03125,0,0,94,2,0.021276596,0,0,84,2,0.023809524,0,0,10,0,0,0,,62,3,0.048387097,1,0.333333333,42,2,0.047619048,1,0.5,20,1,0.05,0,0,55,1,0.018181818,0,0,23,0,0,0,,32,1,0.03125,0,0,2,0,0,0,,0,0,,0,,2,0,0,0,,144,3,0.020833333,1,0.333333333,51,2,0.039215686,0,0,18,1,0.055555556,0,0
666126,Cortes,Carlos,210,12,0.057142857,5,0.416666667,111,7,0.063063063,3,0.428571429,99,5,0.050505051,2,0.4,155,10,0.064516129,4,0.4,55,2,0.036363636,1,0.5,77,1,0.012987013,0,0,69,1,0.014492754,0,0,8,0,0,0,,65,3,0.046153846,2,0.666666667,47,2,0.042553191,1,0.5,18,1,0.055555556,1,1,66,8,0.121212121,3,0.375,39,7,0.179487179,3,0.428571429,27,1,0.037037037,0,0,2,0,0,0,,0,0,,0,,2,0,0,0,,141,4,0.028368794,2,0.5,39,4,0.102564103,2,0.5,30,4,0.133333333,1,0.25
668939,Rutschman,Adley,286,6,0.020979021,2,0.333333333,133,2,0.015037594,0,0,153,4,0.026143791,2,0.5,202,4,0.01980198,1,0.25,84,2,0.023809524,1,0.5,111,1,0.009009009,0,0,102,1,0.009803922,0,0,9,0,0,0,,88,0,0,0,,58,0,0,0,,30,0,0,0,,85,5,0.058823529,2,0.4,42,3,0.071428571,1,0.333333333,43,2,0.046511628,1,0.5,2,0,0,0,,0,0,,0,,2,0,0,0,,174,4,0.022988506,1,0.25,88,2,0.022727273,1,0.5,24,0,0,0,
669004,Melendez,Mervyl,78,3,0.038461538,1,0.333333333,35,3,0.085714286,1,0.333333333,43,0,0,0,,54,3,0.055555556,1,0.333333333,24,0,0,0,,28,1,0.035714286,0,0,25,1,0.04,0,0,3,0,0,0,,30,2,0.066666667,1,0.5,23,2,0.086956522,1,0.5,7,0,0,0,,20,0,0,0,,6,0,0,0,,14,0,0,0,,0,0,,0,,0,0,,0,,0,0,,0,,39,3,0.076923077,1,0.333333333,35,0,0,0,,4,0,0,0,
669392,Taylor,Samad,79,3,0.037974684,1,0.333333333,37,2,0.054054054,1,0.5,42,1,0.023809524,0,0,60,1,0.016666667,0,0,19,2,0.105263158,1,0.5,28,0,0,0,,26,0,0,0,,2,0,0,0,,29,2,0.068965517,1,0.5,25,0,0,0,,4,2,0.5,1,0.5,21,1,0.047619048,0,0,8,1,0.125,0,0,13,0,0,0,,1,0,0,0,,1,0,0,0,,0,0,,0,,49,3,0.06122449,1,0.333333333,27,0,0,0,,3,0,0,0,
672016,Clarke,Denzel,37,2,0.054054054,1,0.5,14,0,0,0,,23,2,0.086956522,1,0.5,24,2,0.083333333,1,0.5,13,0,0,0,,13,1,0.076923077,1,1,11,1,0.090909091,1,1,2,0,0,0,,12,1,0.083333333,0,0,9,1,0.111111111,0,0,3,0,0,0,,11,0,0,0,,4,0,0,0,,7,0,0,0,,1,0,0,0,,0,0,,0,,1,0,0,0,,25,2,0.08,1,0.5,9,0,0,0,,3,0,0,0,
672275,Bailey,Patrick,158,5,0.03164557,2,0.4,82,3,0.036585366,1,0.333333333,76,2,0.026315789,1,0.5,100,5,0.05,2,0.4,58,0,0,0,,38,1,0.026315789,1,1,33,1,0.03030303,1,1,5,0,0,0,,65,0,0,0,,44,0,0,0,,21,0,0,0,,51,4,0.078431373,1,0.25,22,4,0.181818182,1,0.25,29,0,0,0,,4,0,0,0,,1,0,0,0,,3,0,0,0,,102,4,0.039215686,1,0.25,41,0,0,0,,15,1,0.066666667,1,1
672356,Arias,Gabriel,71,4,0.056338028,0,0,29,2,0.068965517,0,0,42,2,0.047619048,0,0,48,2,0.041666667,0,0,23,2,0.086956522,0,0,24,1,0.041666667,0,0,21,1,0.047619048,0,0,3,0,0,0,,24,2,0.083333333,0,0,12,0,0,0,,12,2,0.166666667,0,0,23,1,0.043478261,0,0,15,1,0.066666667,0,0,8,0,0,0,,0,0,,0,,0,0,,0,,0,0,,0,,47,1,0.021276596,0,0,21,3,0.142857143,0,0,3,0,0,0,
672960,Okamoto,Kazuma,334,5,0.01497006,1,0.2,195,3,0.015384615,1,0.333333333,139,2,0.014388489,0,0,238,3,0.012605042,1,0.333333333,96,2,0.020833333,0,0,126,2,0.015873016,0,0,104,1,0.009615385,0,0,22,1,0.045454545,0,0,116,2,0.017241379,0,0,87,1,0.011494253,0,0,29,1,0.034482759,0,0,89,1,0.011235955,1,1,47,1,0.021276596,1,1,42,0,0,0,,3,0,0,0,,0,0,,0,,3,0,0,0,,191,3,0.015706806,0,0,116,2,0.017241379,1,0.5,27,0,0,0,
676356,DeLuca,Jonathan,147,7,0.047619048,4,0.571428571,77,4,0.051948052,1,0.25,70,3,0.042857143,3,1,92,4,0.043478261,1,0.25,55,3,0.054545455,3,1,41,0,0,0,,36,0,0,0,,5,0,0,0,,51,6,0.117647059,3,0.5,31,3,0.096774194,0,0,20,3,0.15,3,1,52,1,0.019230769,1,1,25,1,0.04,1,1,27,0,0,0,,3,0,0,0,,0,0,,0,,3,0,0,0,,83,4,0.048192771,2,0.5,56,3,0.053571429,2,0.666666667,8,0,0,0,
676724,Young,Jared,159,8,0.050314465,3,0.375,87,5,0.057471264,2,0.4,72,3,0.041666667,1,0.333333333,106,5,0.047169811,1,0.2,53,3,0.056603774,2,0.666666667,49,1,0.020408163,0,0,45,1,0.022222222,0,0,4,0,0,0,,62,4,0.064516129,1,0.25,44,4,0.090909091,1,0.25,18,0,0,0,,46,3,0.065217391,2,0.666666667,17,0,0,0,,29,3,0.103448276,2,0.666666667,2,0,0,0,,0,0,,0,,2,0,0,0,,98,4,0.040816327,2,0.5,54,3,0.055555556,1,0.333333333,7,1,0.142857143,0,0
677649,Duran,Ezequiel,277,5,0.018050542,2,0.4,122,3,0.024590164,1,0.333333333,155,2,0.012903226,1,0.5,208,4,0.019230769,2,0.5,69,1,0.014492754,0,0,103,3,0.029126214,1,0.333333333,93,3,0.032258065,1,0.333333333,10,0,0,0,,89,1,0.011235955,1,1,69,1,0.014492754,1,1,20,0,0,0,,85,1,0.011764706,0,0,46,0,0,0,,39,1,0.025641026,0,0,0,0,,0,,0,0,,0,,0,0,,0,,162,2,0.012345679,1,0.5,100,2,0.02,1,0.5,15,1,0.066666667,0,0
680869,Gelof,Zachary,210,7,0.033333333,4,0.571428571,119,2,0.016806723,1,0.5,91,5,0.054945055,3,0.6,149,3,0.020134228,1,0.333333333,61,4,0.06557377,3,0.75,69,2,0.028985507,1,0.5,64,1,0.015625,0,0,5,1,0.2,1,1,67,2,0.029850746,2,1,40,1,0.025,1,1,27,1,0.037037037,1,1,69,3,0.043478261,1,0.333333333,45,1,0.022222222,0,0,24,2,0.083333333,1,0.5,5,0,0,0,,0,0,,0,,5,0,0,0,,137,4,0.02919708,3,0.75,61,3,0.049180328,1,0.333333333,12,0,0,0,
680977,Donovan,Brendan,102,7,0.068627451,4,0.571428571,43,4,0.093023256,2,0.5,59,3,0.050847458,2,0.666666667,69,1,0.014492754,0,0,33,6,0.181818182,4,0.666666667,47,1,0.021276596,0,0,44,1,0.022727273,0,0,3,0,0,0,,28,2,0.071428571,2,1,17,0,0,0,,11,2,0.181818182,2,1,26,4,0.153846154,2,0.5,8,0,0,0,,18,4,0.222222222,2,0.5,1,0,0,0,,0,0,,0,,1,0,0,0,,75,5,0.066666667,3,0.6,20,2,0.1,1,0.5,7,0,0,0,
681807,Fry,David,124,5,0.040322581,2,0.4,61,4,0.06557377,1,0.25,63,1,0.015873016,1,1,84,1,0.011904762,0,0,40,4,0.1,2,0.5,62,1,0.016129032,0,0,57,1,0.01754386,0,0,5,0,0,0,,27,1,0.037037037,1,1,14,0,0,0,,13,1,0.076923077,1,1,34,3,0.088235294,1,0.333333333,13,0,0,0,,21,3,0.142857143,1,0.333333333,1,0,0,0,,0,0,,0,,1,0,0,0,,63,4,0.063492063,2,0.5,48,1,0.020833333,0,0,13,0,0,0,
683002,Henderson,Gunnar,351,15,0.042735043,6,0.4,170,3,0.017647059,1,0.333333333,181,12,0.066298343,5,0.416666667,247,12,0.048582996,5,0.416666667,104,3,0.028846154,1,0.333333333,146,1,0.006849315,0,0,125,1,0.008,0,0,21,0,0,0,,100,6,0.06,2,0.333333333,67,6,0.089552239,2,0.333333333,33,0,0,0,,98,7,0.071428571,4,0.571428571,52,5,0.096153846,3,0.6,46,2,0.043478261,1,0.5,7,1,0.142857143,0,0,3,0,0,0,0,4,1,0.25,0,0,238,9,0.037815126,4,0.444444444,86,2,0.023255814,0,0,27,4,0.148148148,2,0.5
685133,Meckler,Wade,144,10,0.069444444,4,0.4,75,5,0.066666667,1,0.2,69,5,0.072463768,3,0.6,106,9,0.08490566,4,0.444444444,38,1,0.026315789,0,0,53,2,0.037735849,0,0,47,2,0.042553191,0,0,6,0,0,0,,52,3,0.057692308,2,0.666666667,38,3,0.078947368,2,0.666666667,14,0,0,0,,37,4,0.108108108,2,0.5,21,4,0.19047619,2,0.5,16,0,0,0,,2,1,0.5,0,0,0,0,,0,0,2,1,0.5,0,0,87,6,0.068965517,3,0.5,39,2,0.051282051,1,0.5,18,2,0.111111111,0,0
687529,McCray,Grant,40,2,0.05,1,0.5,19,1,0.052631579,0,0,21,1,0.047619048,1,1,25,2,0.08,1,0.5,15,0,0,0,,11,1,0.090909091,1,1,9,1,0.111111111,1,1,2,0,0,0,,18,1,0.055555556,0,0,11,1,0.090909091,0,0,7,0,0,0,,11,0,0,0,,5,0,0,0,,6,0,0,0,,0,0,,0,,0,0,,0,,0,0,,0,,30,2,0.066666667,1,0.5,8,0,0,0,,2,0,0,0,
689414,Hicks,Liam,325,10,0.030769231,6,0.6,134,5,0.037313433,3,0.6,191,5,0.02617801,3,0.6,235,8,0.034042553,5,0.625,90,2,0.022222222,1,0.5,112,1,0.008928571,1,1,103,1,0.009708738,1,1,9,0,0,0,,126,3,0.023809524,3,1,83,2,0.024096386,2,1,43,1,0.023255814,1,1,86,6,0.069767442,2,0.333333333,49,5,0.102040816,2,0.4,37,1,0.027027027,0,0,1,0,0,0,,0,0,,0,,1,0,0,0,,179,5,0.027932961,3,0.6,118,5,0.042372881,3,0.6,28,0,0,0,
691406,Caminero,Junior,364,21,0.057692308,7,0.333333333,182,11,0.06043956,3,0.272727273,182,10,0.054945055,4,0.4,268,18,0.067164179,6,0.333333333,96,3,0.03125,1,0.333333333,143,9,0.062937063,2,0.222222222,133,9,0.067669173,2,0.222222222,10,0,0,0,,121,9,0.074380165,4,0.444444444,90,8,0.088888889,4,0.5,31,1,0.032258065,0,0,96,2,0.020833333,0,0,45,1,0.022222222,0,0,51,1,0.019607843,0,0,4,1,0.25,1,1,0,0,,0,0,4,1,0.25,1,1,229,16,0.069868996,6,0.375,100,3,0.03,0,0,35,2,0.057142857,1,0.5
691594,Sanoja,Javier,207,6,0.028985507,3,0.5,98,2,0.020408163,1,0.5,109,4,0.036697248,2,0.5,133,3,0.022556391,2,0.666666667,74,3,0.040540541,1,0.333333333,78,0,0,0,,63,0,0,0,,15,0,0,0,,62,2,0.032258065,2,1,38,1,0.026315789,1,1,24,1,0.041666667,1,1,65,4,0.061538462,1,0.25,31,2,0.064516129,1,0.5,34,2,0.058823529,0,0,2,0,0,0,,1,0,0,0,,1,0,0,0,,143,5,0.034965035,2,0.4,49,1,0.020408163,1,1,15,0,0,0,
693307,Dingler,Francis,329,14,0.042553191,6,0.428571429,149,8,0.053691275,4,0.5,180,6,0.033333333,2,0.333333333,253,9,0.035573123,3,0.333333333,76,5,0.065789474,3,0.6,119,2,0.016806723,1,0.5,111,2,0.018018018,1,0.5,8,0,0,0,,110,8,0.072727273,4,0.5,83,5,0.060240964,2,0.4,27,3,0.111111111,2,0.666666667,96,4,0.041666667,1,0.25,58,2,0.034482759,0,0,38,2,0.052631579,1,0.5,4,0,0,0,,1,0,0,0,,3,0,0,0,,203,11,0.054187192,4,0.363636364,106,3,0.028301887,2,0.666666667,20,0,0,0,
694208,Ballesteros,Moisés,144,7,0.048611111,3,0.428571429,75,5,0.066666667,1,0.2,69,2,0.028985507,2,1,102,6,0.058823529,3,0.5,42,1,0.023809524,0,0,47,3,0.063829787,2,0.666666667,46,3,0.065217391,2,0.666666667,1,0,0,0,,52,2,0.038461538,0,0,33,1,0.03030303,0,0,19,1,0.052631579,0,0,45,2,0.044444444,1,0.5,23,2,0.086956522,1,0.5,22,0,0,0,,0,0,,0,,0,0,,0,,0,0,,0,,85,4,0.047058824,2,0.5,38,2,0.052631579,1,0.5,21,1,0.047619048,0,0
700250,Rice,Benjamin,346,20,0.057803468,10,0.5,164,11,0.067073171,6,0.545454545,182,9,0.049450549,4,0.444444444,260,12,0.046153846,8,0.666666667,86,8,0.093023256,2,0.25,157,5,0.031847134,3,0.6,150,4,0.026666667,3,0.75,7,1,0.142857143,0,0,94,7,0.074468085,4,0.571428571,65,5,0.076923077,4,0.8,29,2,0.068965517,0,0,92,8,0.086956522,3,0.375,45,3,0.066666667,1,0.333333333,47,5,0.106382979,2,0.4,3,0,0,0,,0,0,,0,,3,0,0,0,,201,10,0.049751244,3,0.3,111,8,0.072072072,6,0.75,34,2,0.058823529,1,0.5
802415,Simpson,Chandler,301,4,0.013289037,0,0,153,1,0.006535948,0,0,148,3,0.02027027,0,0,227,4,0.017621145,0,0,74,0,0,0,,112,2,0.017857143,0,0,99,2,0.02020202,0,0,13,0,0,0,,106,0,0,0,,80,0,0,0,,26,0,0,0,,80,2,0.025,0,0,48,2,0.041666667,0,0,32,0,0,0,,3,0,0,0,,0,0,,0,,3,0,0,0,,202,3,0.014851485,0,0,79,1,0.012658228,0,0,20,0,0,0,
806068,Emerson,Colt,129,6,0.046511628,2,0.333333333,61,1,0.016393443,1,1,68,5,0.073529412,1,0.2,95,5,0.052631579,2,0.4,34,1,0.029411765,0,0,36,2,0.055555556,2,1,31,2,0.064516129,2,1,5,0,0,0,,49,0,0,0,,39,0,0,0,,10,0,0,0,,44,4,0.090909091,0,0,25,3,0.12,0,0,19,1,0.052631579,0,0,0,0,,0,,0,0,,0,,0,0,,0,,75,4,0.053333333,0,0,43,2,0.046511628,2,1,11,0,0,0,
806198,Pratt,Cooper,125,2,0.016,1,0.5,57,1,0.01754386,0,0,68,1,0.014705882,1,1,82,1,0.012195122,1,1,43,1,0.023255814,0,0,40,0,0,0,,34,0,0,0,,6,0,0,0,,46,1,0.02173913,0,0,24,0,0,0,,22,1,0.045454545,0,0,38,1,0.026315789,1,1,24,1,0.041666667,1,1,14,0,0,0,,1,0,0,0,,0,0,,0,,1,0,0,0,,80,0,0,0,,41,2,0.048780488,1,0.5,4,0,0,0,
807712,Keaschall,Luke,313,27,0.086261981,14,0.518518519,166,17,0.102409639,9,0.529411765,147,10,0.068027211,5,0.5,212,21,0.099056604,12,0.571428571,101,6,0.059405941,2,0.333333333,127,10,0.078740157,5,0.5,114,9,0.078947368,5,0.555555556,13,1,0.076923077,0,0,94,10,0.106382979,7,0.7,66,9,0.136363636,6,0.666666667,28,1,0.035714286,1,1,89,7,0.078651685,2,0.285714286,30,3,0.1,1,0.333333333,59,4,0.06779661,1,0.25,3,0,0,0,,2,0,0,0,,1,0,0,0,,214,22,0.102803738,12,0.545454545,82,2,0.024390244,1,0.5,17,3,0.176470588,1,0.333333333
807713,Shaw,Matthew,109,2,0.018348624,1,0.5,51,2,0.039215686,1,0.5,58,0,0,0,,84,2,0.023809524,1,0.5,25,0,0,0,,28,0,0,0,,27,0,0,0,,1,0,0,0,,42,1,0.023809524,1,1,33,1,0.03030303,1,1,9,0,0,0,,39,1,0.025641026,0,0,24,1,0.041666667,0,0,15,0,0,0,,0,0,,0,,0,0,,0,,0,0,,0,,57,0,0,0,,43,2,0.046511628,1,0.5,9,0,0,0,
808959,Murakami,Munetaka,295,29,0.098305085,14,0.482758621,141,13,0.092198582,5,0.384615385,154,16,0.103896104,9,0.5625,194,15,0.077319588,9,0.6,101,14,0.138613861,5,0.357142857,126,11,0.087301587,4,0.363636364,111,9,0.081081081,4,0.444444444,15,2,0.133333333,0,0,86,8,0.093023256,7,0.875,57,5,0.087719298,5,1,29,3,0.103448276,2,0.666666667,81,10,0.12345679,3,0.3,26,1,0.038461538,0,0,55,9,0.163636364,3,0.333333333,2,0,0,0,,0,0,,0,,2,0,0,0,,132,15,0.113636364,6,0.4,129,12,0.093023256,7,0.583333333,34,2,0.058823529,1,0.5
669326,Teodosio,Bryce,27,2,0.074074074,0,0,9,0,0,0,,18,2,0.111111111,0,0,16,1,0.0625,0,0,11,1,0.090909091,0,0,8,0,0,0,,4,0,0,0,,4,0,0,0,,9,0,0,0,,8,0,0,0,,1,0,0,0,,10,2,0.2,0,0,4,1,0.25,0,0,6,1,0.166666667,0,0,0,0,,0,,0,0,,0,,0,0,,0,,17,2,0.117647059,0,0,8,0,0,0,,2,0,0,0,
669357,Gorman,Nolan,136,2,0.014705882,1,0.5,76,1,0.013157895,0,0,60,1,0.016666667,1,1,112,1,0.008928571,1,1,24,1,0.041666667,0,0,42,0,0,0,,42,0,0,0,,0,0,,0,,46,2,0.043478261,1,0.5,36,1,0.027777778,1,1,10,1,0.1,0,0,47,0,0,0,,34,0,0,0,,13,0,0,0,,1,0,0,0,,0,0,,0,,1,0,0,0,,85,1,0.011764706,0,0,33,0,0,0,,18,1,0.055555556,1,1
670242,Wallner,Matthew,57,6,0.105263158,1,0.166666667,29,3,0.103448276,0,0,28,3,0.107142857,1,0.333333333,34,4,0.117647059,1,0.25,23,2,0.086956522,0,0,15,3,0.2,1,0.333333333,13,3,0.230769231,1,0.333333333,2,0,0,0,,28,1,0.035714286,0,0,16,1,0.0625,0,0,12,0,0,0,,12,2,0.166666667,0,0,5,0,0,0,,7,2,0.285714286,0,0,2,0,0,0,,0,0,,0,,2,0,0,0,,34,4,0.117647059,1,0.25,20,2,0.1,0,0,3,0,0,0,
670541,Alvarez,Yordan,343,2,0.005830904,1,0.5,171,0,0,0,,172,2,0.011627907,1,0.5,246,1,0.004065041,0,0,97,1,0.010309278,1,1,186,2,0.010752688,1,0.5,166,1,0.006024096,0,0,20,1,0.05,1,1,83,0,0,0,,58,0,0,0,,25,0,0,0,,69,0,0,0,,21,0,0,0,,48,0,0,0,,5,0,0,0,,1,0,0,0,,4,0,0,0,,226,2,0.008849558,1,0.5,84,0,0,0,,33,0,0,0,
671732,Butler,Lawrence,238,20,0.084033613,11,0.55,118,11,0.093220339,8,0.727272727,120,9,0.075,3,0.333333333,172,14,0.081395349,7,0.5,66,6,0.090909091,4,0.666666667,69,5,0.072463768,2,0.4,63,5,0.079365079,2,0.4,6,0,0,0,,90,5,0.055555556,4,0.8,67,5,0.074626866,4,0.8,23,0,0,0,,77,9,0.116883117,4,0.444444444,42,4,0.095238095,1,0.25,35,5,0.142857143,3,0.6,2,1,0.5,1,1,0,0,,0,0,2,1,0.5,1,1,154,13,0.084415584,5,0.384615385,63,5,0.079365079,5,1,21,2,0.095238095,1,0.5
672580,Garcia,Maikel,272,19,0.069852941,12,0.631578947,150,8,0.053333333,4,0.5,122,11,0.090163934,8,0.727272727,207,12,0.057971014,9,0.75,65,7,0.107692308,3,0.428571429,121,8,0.066115702,5,0.625,106,5,0.047169811,4,0.8,15,3,0.2,1,0.333333333,76,6,0.078947368,4,0.666666667,61,6,0.098360656,4,0.666666667,15,0,0,0,,68,4,0.058823529,2,0.5,39,1,0.025641026,1,1,29,3,0.103448276,1,0.333333333,7,1,0.142857143,1,1,1,0,0,0,0,6,1,0.166666667,1,1,201,11,0.054726368,7,0.636363636,60,6,0.1,4,0.666666667,11,2,0.181818182,1,0.5
672724,Peraza,Oswald,150,12,0.08,4,0.333333333,71,4,0.056338028,1,0.25,79,8,0.101265823,3,0.375,93,7,0.075268817,2,0.285714286,57,5,0.087719298,2,0.4,41,1,0.024390244,0,0,38,1,0.026315789,0,0,3,0,0,0,,46,0,0,0,,30,0,0,0,,16,0,0,0,,61,11,0.180327869,4,0.363636364,25,6,0.24,2,0.333333333,36,5,0.138888889,2,0.4,2,0,0,0,,0,0,,0,,2,0,0,0,,90,7,0.077777778,3,0.428571429,50,4,0.08,0,0,10,1,0.1,1,1
673962,Jung,Joshua,250,10,0.04,4,0.4,98,3,0.030612245,0,0,152,7,0.046052632,4,0.571428571,193,8,0.041450777,2,0.25,57,2,0.035087719,2,1,99,3,0.03030303,1,0.333333333,90,3,0.033333333,1,0.333333333,9,0,0,0,,80,3,0.0375,2,0.666666667,56,2,0.035714286,1,0.5,24,1,0.041666667,1,1,71,4,0.056338028,1,0.25,47,3,0.063829787,0,0,24,1,0.041666667,1,1,0,0,,0,,0,0,,0,,0,0,,0,,175,8,0.045714286,4,0.5,63,2,0.031746032,0,0,12,0,0,0,
678011,Seigler,Anthony,104,9,0.086538462,6,0.666666667,41,2,0.048780488,1,0.5,63,7,0.111111111,5,0.714285714,73,6,0.082191781,4,0.666666667,31,3,0.096774194,2,0.666666667,45,3,0.066666667,3,1,36,3,0.083333333,3,1,9,0,0,0,,33,3,0.090909091,1,0.333333333,26,3,0.115384615,1,0.333333333,7,0,0,0,,25,3,0.12,2,0.666666667,11,0,0,0,,14,3,0.214285714,2,0.666666667,1,0,0,0,,0,0,,0,,1,0,0,0,,71,6,0.084507042,4,0.666666667,21,2,0.095238095,1,0.5,12,1,0.083333333,1,1
678218,Valenzuela,Brandon,128,7,0.0546875,5,0.714285714,72,5,0.069444444,3,0.6,56,2,0.035714286,2,1,88,6,0.068181818,4,0.666666667,40,1,0.025,1,1,46,1,0.02173913,0,0,39,1,0.025641026,0,0,7,0,0,0,,42,2,0.047619048,1,0.5,27,2,0.074074074,1,0.5,15,0,0,0,,39,3,0.076923077,3,1,22,3,0.136363636,3,1,17,0,0,0,,1,1,1,1,1,0,0,,0,0,1,1,1,1,1,87,3,0.034482759,2,0.666666667,28,1,0.035714286,1,1,13,3,0.230769231,2,0.666666667
678391,Vivas,Jorbit,121,10,0.082644628,2,0.2,67,5,0.074626866,1,0.2,54,5,0.092592593,1,0.2,81,7,0.086419753,1,0.142857143,40,3,0.075,1,0.333333333,37,2,0.054054054,0,0,33,2,0.060606061,0,0,4,0,0,0,,55,5,0.090909091,1,0.2,40,4,0.1,1,0.25,15,1,0.066666667,0,0,25,3,0.12,1,0.333333333,7,1,0.142857143,0,0,18,2,0.111111111,1,0.5,4,0,0,0,,1,0,0,0,,3,0,0,0,,80,6,0.075,2,0.333333333,31,3,0.096774194,0,0,10,1,0.1,0,0
681393,Norby,Connor,134,9,0.067164179,4,0.444444444,73,3,0.04109589,0,0,61,6,0.098360656,4,0.666666667,90,7,0.077777778,4,0.571428571,44,2,0.045454545,0,0,47,3,0.063829787,2,0.666666667,39,3,0.076923077,2,0.666666667,8,0,0,0,,56,3,0.053571429,1,0.333333333,39,3,0.076923077,1,0.333333333,17,0,0,0,,30,3,0.1,1,0.333333333,11,1,0.090909091,1,1,19,2,0.105263158,0,0,1,0,0,0,,1,0,0,0,,0,0,,0,,66,4,0.060606061,2,0.5,56,4,0.071428571,1,0.25,12,1,0.083333333,1,1
681546,Outman,James,78,6,0.076923077,3,0.5,37,2,0.054054054,2,1,41,4,0.097560976,1,0.25,48,6,0.125,3,0.5,30,0,0,0,,28,2,0.071428571,0,0,26,2,0.076923077,0,0,2,0,0,0,,34,2,0.058823529,1,0.5,17,2,0.117647059,1,0.5,17,0,0,0,,14,2,0.142857143,2,1,5,2,0.4,2,1,9,0,0,0,,2,0,0,0,,0,0,,0,,2,0,0,0,,38,3,0.078947368,2,0.666666667,25,3,0.12,1,0.333333333,15,0,0,0,
682657,Martínez,Angel,181,6,0.033149171,2,0.333333333,85,3,0.035294118,1,0.333333333,96,3,0.03125,1,0.333333333,125,5,0.04,2,0.4,56,1,0.017857143,0,0,68,1,0.014705882,0,0,67,1,0.014925373,0,0,1,0,0,0,,56,2,0.035714286,1,0.5,32,1,0.03125,1,1,24,1,0.041666667,0,0,54,2,0.037037037,0,0,25,2,0.08,0,0,29,0,0,0,,3,1,0.333333333,1,1,1,1,1,1,1,2,0,0,0,0,106,3,0.028301887,0,0,60,2,0.033333333,1,0.5,15,1,0.066666667,1,1
682987,Jones,Spencer,71,4,0.056338028,1,0.25,30,2,0.066666667,0,0,41,2,0.048780488,1,0.5,53,3,0.056603774,1,0.333333333,18,1,0.055555556,0,0,21,0,0,0,,21,0,0,0,,0,0,,0,,32,3,0.09375,1,0.333333333,24,2,0.083333333,1,0.5,8,1,0.125,0,0,18,1,0.055555556,0,0,8,1,0.125,0,0,10,0,0,0,,0,0,,0,,0,0,,0,,0,0,,0,,47,3,0.063829787,1,0.333333333,18,1,0.055555556,0,0,6,0,0,0,
682997,Callihan,Tyler,43,2,0.046511628,1,0.5,26,1,0.038461538,0,0,17,1,0.058823529,1,1,21,1,0.047619048,1,1,22,1,0.045454545,0,0,13,0,0,0,,8,0,0,0,,5,0,0,0,,13,1,0.076923077,1,1,8,1,0.125,1,1,5,0,0,0,,15,0,0,0,,5,0,0,0,,10,0,0,0,,2,1,0.5,0,0,0,0,,0,0,2,1,0.5,0,0,20,2,0.1,1,0.5,18,0,0,0,,5,0,0,0,
682998,Carroll,Corbin,346,7,0.020231214,5,0.714285714,156,2,0.012820513,1,0.5,190,5,0.026315789,4,0.8,266,6,0.022556391,4,0.666666667,80,1,0.0125,1,1,145,3,0.020689655,3,1,134,2,0.014925373,2,1,11,1,0.090909091,1,1,117,1,0.008547009,0,0,84,1,0.011904762,0,0,33,0,0,0,,83,3,0.036144578,2,0.666666667,47,3,0.063829787,2,0.666666667,36,0,0,0,,1,0,0,0,,1,0,0,0,,0,0,,0,,210,4,0.019047619,3,0.75,107,3,0.028037383,2,0.666666667,29,0,0,0,
683146,Baty,Brett,224,7,0.03125,2,0.285714286,127,4,0.031496063,0,0,97,3,0.030927835,2,0.666666667,154,5,0.032467532,2,0.4,70,2,0.028571429,0,0,63,0,0,0,,57,0,0,0,,6,0,0,0,,99,2,0.02020202,1,0.5,67,1,0.014925373,1,1,32,1,0.03125,0,0,60,5,0.083333333,1,0.2,30,4,0.133333333,1,0.25,30,1,0.033333333,0,0,2,0,0,0,,0,0,,0,,2,0,0,0,,129,7,0.054263566,2,0.285714286,66,0,0,0,,29,0,0,0,
686555,Collins,Isaac,334,28,0.083832335,10,0.357142857,151,16,0.105960265,7,0.4375,183,12,0.06557377,3,0.25,250,20,0.08,8,0.4,84,8,0.095238095,2,0.25,106,5,0.047169811,3,0.6,95,5,0.052631579,3,0.6,11,0,0,0,,120,9,0.075,4,0.444444444,93,9,0.096774194,4,0.444444444,27,0,0,0,,104,13,0.125,3,0.230769231,61,5,0.081967213,1,0.2,43,8,0.186046512,2,0.25,4,1,0.25,0,0,1,1,1,0,0,3,0,0,0,0,219,21,0.095890411,7,0.333333333,79,5,0.063291139,1,0.2,36,2,0.055555556,2,1
687363,Scott,Victor,110,6,0.054545455,3,0.5,54,1,0.018518519,0,0,56,5,0.089285714,3,0.6,81,4,0.049382716,2,0.5,29,2,0.068965517,1,0.5,25,0,0,0,,25,0,0,0,,0,0,,0,,47,3,0.063829787,1,0.333333333,40,3,0.075,1,0.333333333,7,0,0,0,,35,3,0.085714286,2,0.666666667,14,1,0.071428571,1,1,21,2,0.095238095,1,0.5,3,0,0,0,,2,0,0,0,,1,0,0,0,,75,5,0.066666667,3,0.6,29,1,0.034482759,0,0,6,0,0,0,
687637,Beavers,Dylan,207,7,0.033816425,1,0.142857143,98,2,0.020408163,0,0,109,5,0.04587156,1,0.2,140,4,0.028571429,1,0.25,67,3,0.044776119,0,0,79,4,0.050632911,1,0.25,66,4,0.060606061,1,0.25,13,0,0,0,,75,0,0,0,,52,0,0,0,,23,0,0,0,,49,3,0.06122449,0,0,21,0,0,0,,28,3,0.107142857,0,0,4,0,0,0,,1,0,0,0,,3,0,0,0,,113,4,0.03539823,0,0,73,1,0.01369863,1,1,21,2,0.095238095,0,0
693304,Gonzales,Nicholas,209,12,0.057416268,6,0.5,90,3,0.033333333,2,0.666666667,119,9,0.075630252,4,0.444444444,147,9,0.06122449,4,0.444444444,62,3,0.048387097,2,0.666666667,78,3,0.038461538,1,0.333333333,71,3,0.042253521,1,0.333333333,7,0,0,0,,75,1,0.013333333,0,0,49,1,0.020408163,0,0,26,0,0,0,,51,7,0.137254902,5,0.714285714,27,5,0.185185185,3,0.6,24,2,0.083333333,2,1,5,1,0.2,0,0,0,0,,0,0,5,1,0.2,0,0,139,5,0.035971223,2,0.4,62,5,0.080645161,2,0.4,8,2,0.25,2,1
699912,Fernandez,Jose,152,4,0.026315789,2,0.5,69,2,0.028985507,1,0.5,83,2,0.024096386,1,0.5,100,3,0.03,1,0.333333333,52,1,0.019230769,1,1,47,0,0,0,,40,0,0,0,,7,0,0,0,,52,4,0.076923077,2,0.5,32,3,0.09375,1,0.333333333,20,1,0.05,1,1,52,0,0,0,,28,0,0,0,,24,0,0,0,,1,0,0,0,,0,0,,0,,1,0,0,0,,97,3,0.030927835,1,0.333333333,44,0,0,0,,11,1,0.090909091,1,1
701678,Lee,Hao-Yu,161,4,0.02484472,2,0.5,87,1,0.011494253,0,0,74,3,0.040540541,2,0.666666667,121,3,0.024793388,2,0.666666667,40,1,0.025,0,0,56,1,0.017857143,1,1,53,1,0.018867925,1,1,3,0,0,0,,54,1,0.018518519,1,1,45,1,0.022222222,1,1,9,0,0,0,,48,2,0.041666667,0,0,23,1,0.043478261,0,0,25,1,0.04,0,0,3,0,0,0,,0,0,,0,,3,0,0,0,,110,4,0.036363636,2,0.5,42,0,0,0,,9,0,0,0,
804606,Griffin,Konnor,124,5,0.040322581,2,0.4,64,2,0.03125,1,0.5,60,3,0.05,1,0.333333333,72,2,0.027777778,1,0.5,52,3,0.057692308,1,0.333333333,37,0,0,0,,27,0,0,0,,10,0,0,0,,48,1,0.020833333,1,1,25,0,0,0,,23,1,0.043478261,1,1,36,4,0.111111111,1,0.25,20,2,0.1,1,0.5,16,2,0.125,0,0,3,0,0,0,,0,0,,0,,3,0,0,0,,79,3,0.037974684,1,0.333333333,35,1,0.028571429,0,0,10,1,0.1,1,1
804668,Flores,Rafael,73,2,0.02739726,0,0,31,1,0.032258065,0,0,42,1,0.023809524,0,0,49,2,0.040816327,0,0,24,0,0,0,,28,1,0.035714286,0,0,26,1,0.038461538,0,0,2,0,0,0,,28,1,0.035714286,0,0,15,1,0.066666667,0,0,13,0,0,0,,17,0,0,0,,8,0,0,0,,9,0,0,0,,0,0,,0,,0,0,,0,,0,0,,0,,44,2,0.045454545,0,0,26,0,0,0,,3,0,0,0,
805779,Wilson,Jacob,157,7,0.044585987,2,0.285714286,66,3,0.045454545,1,0.333333333,91,4,0.043956044,1,0.25,123,5,0.040650407,2,0.4,34,2,0.058823529,0,0,59,3,0.050847458,1,0.333333333,54,2,0.037037037,1,0.5,5,1,0.2,0,0,57,1,0.01754386,0,0,40,0,0,0,,17,1,0.058823529,0,0,40,3,0.075,1,0.333333333,29,3,0.103448276,1,0.333333333,11,0,0,0,,1,0,0,0,,0,0,,0,,1,0,0,0,,103,5,0.048543689,2,0.4,45,2,0.044444444,0,0,9,0,0,0,
805808,McGonigle,Kevin,362,28,0.077348066,18,0.642857143,164,14,0.085365854,7,0.5,198,14,0.070707071,11,0.785714286,293,24,0.081911263,16,0.666666667,69,4,0.057971014,2,0.5,153,8,0.052287582,8,1,150,8,0.053333333,8,1,3,0,0,0,,111,7,0.063063063,4,0.571428571,87,7,0.08045977,4,0.571428571,24,0,0,0,,92,10,0.108695652,5,0.5,53,8,0.150943396,4,0.5,39,2,0.051282051,1,0.5,6,3,0.5,1,0.333333333,3,1,0.333333333,0,0,3,2,0.666666667,1,0.333333333,189,9,0.047619048,6,0.666666667,134,13,0.097014925,8,0.615384615,39,6,0.153846154,4,0.666666667
805904,Cole,Zachary,44,4,0.090909091,3,0.75,23,1,0.043478261,0,0,21,3,0.142857143,3,1,30,3,0.1,2,0.666666667,14,1,0.071428571,1,1,12,1,0.083333333,1,1,12,1,0.083333333,1,1,0,0,,0,,14,1,0.071428571,1,1,10,1,0.1,1,1,4,0,0,0,,18,2,0.111111111,1,0.5,8,1,0.125,0,0,10,1,0.1,1,1,0,0,,0,,0,0,,0,,0,0,,0,,24,3,0.125,2,0.666666667,12,0,0,0,,8,1,0.125,1,1
808982,Lee,Jung Hoo,323,12,0.037151703,5,0.416666667,151,6,0.039735099,2,0.333333333,172,6,0.034883721,3,0.5,211,8,0.037914692,2,0.25,112,4,0.035714286,3,0.75,111,7,0.063063063,3,0.428571429,95,6,0.063157895,2,0.333333333,16,1,0.0625,1,1,111,5,0.045045045,2,0.4,61,2,0.032786885,0,0,50,3,0.06,2,0.666666667,99,0,0,0,,55,0,0,0,,44,0,0,0,,2,0,0,0,,0,0,,0,,2,0,0,0,,223,10,0.044843049,4,0.4,84,2,0.023809524,1,0.5,16,0,0,0,
823550,Song,Sung-Mun,95,2,0.021052632,2,1,51,1,0.019607843,1,1,44,1,0.022727273,1,1,68,0,0,0,,27,2,0.074074074,2,1,41,1,0.024390244,1,1,34,0,0,0,,7,1,0.142857143,1,1,26,1,0.038461538,1,1,17,0,0,0,,9,1,0.111111111,1,1,26,0,0,0,,17,0,0,0,,9,0,0,0,,2,0,0,0,,0,0,,0,,2,0,0,0,,76,2,0.026315789,2,1,12,0,0,0,,7,0,0,0,
677870,Jimenez,Leonardo,137,4,0.02919708,2,0.5,56,3,0.053571429,1,0.333333333,81,1,0.012345679,1,1,85,2,0.023529412,0,0,52,2,0.038461538,2,1,42,0,0,0,,35,0,0,0,,7,0,0,0,,49,2,0.040816327,1,0.5,31,1,0.032258065,0,0,18,1,0.055555556,1,1,44,2,0.045454545,1,0.5,19,1,0.052631579,0,0,25,1,0.04,1,1,2,0,0,0,,0,0,,0,,2,0,0,0,,86,2,0.023255814,1,0.5,42,2,0.047619048,1,0.5,9,0,0,0,
678554,Mead,Curtis,277,10,0.036101083,3,0.3,131,4,0.030534351,0,0,146,6,0.04109589,3,0.5,191,6,0.031413613,0,0,86,4,0.046511628,3,0.75,92,1,0.010869565,0,0,86,1,0.011627907,0,0,6,0,0,0,,86,5,0.058139535,1,0.2,62,4,0.064516129,0,0,24,1,0.041666667,1,1,94,3,0.031914894,1,0.333333333,43,1,0.023255814,0,0,51,2,0.039215686,1,0.5,5,1,0.2,1,1,0,0,,0,0,5,1,0.2,1,1,184,6,0.032608696,3,0.5,81,2,0.024691358,0,0,12,2,0.166666667,0,0
680574,McLain,Matthew,313,6,0.019169329,6,1,147,1,0.006802721,1,1,166,5,0.030120482,5,1,240,5,0.020833333,5,1,73,1,0.01369863,1,1,95,1,0.010526316,1,1,89,1,0.011235955,1,1,6,0,0,0,,103,2,0.019417476,2,1,81,1,0.012345679,1,1,22,1,0.045454545,1,1,112,3,0.026785714,3,1,70,3,0.042857143,3,1,42,0,0,0,,3,0,0,0,,0,0,,0,,3,0,0,0,,196,2,0.010204082,2,1,100,4,0.04,4,1,17,0,0,0,
681198,Rumfield,Toby,225,14,0.062222222,7,0.5,98,9,0.091836735,5,0.555555556,127,5,0.039370079,2,0.4,158,11,0.069620253,7,0.636363636,67,3,0.044776119,0,0,95,7,0.073684211,4,0.571428571,86,7,0.081395349,4,0.571428571,9,0,0,0,,75,3,0.04,2,0.666666667,50,2,0.04,2,1,25,1,0.04,0,0,55,4,0.072727273,1,0.25,22,2,0.090909091,1,0.5,33,2,0.060606061,0,0,0,0,,0,,0,0,,0,,0,0,,0,,141,3,0.021276596,1,0.333333333,71,10,0.14084507,6,0.6,13,1,0.076923077,0,0
682177,Schneemann,Daniel,157,5,0.031847134,2,0.4,68,0,0,0,,89,5,0.056179775,2,0.4,100,4,0.04,1,0.25,57,1,0.01754386,1,1,63,2,0.031746032,0,0,54,2,0.037037037,0,0,9,0,0,0,,48,2,0.041666667,1,0.5,31,2,0.064516129,1,0.5,17,0,0,0,,44,1,0.022727273,1,1,15,0,0,0,,29,1,0.034482759,1,1,2,0,0,0,,0,0,,0,,2,0,0,0,,101,2,0.01980198,1,0.5,44,3,0.068181818,1,0.333333333,12,0,0,0,
682927,Simon,Ronny,16,2,0.125,1,0.5,9,1,0.111111111,1,1,7,1,0.142857143,0,0,8,0,0,0,,8,2,0.25,1,0.5,6,0,0,0,,6,0,0,0,,0,0,,0,,5,0,0,0,,2,0,0,0,,3,0,0,0,,5,2,0.4,1,0.5,0,0,,0,,5,2,0.4,1,0.5,0,0,,0,,0,0,,0,,0,0,,0,,13,2,0.153846154,1,0.5,0,0,,0,,3,0,0,0,
683953,Bazzana,Travis,272,17,0.0625,8,0.470588235,139,9,0.064748201,4,0.444444444,133,8,0.060150376,4,0.5,180,12,0.066666667,7,0.583333333,92,5,0.054347826,1,0.2,112,8,0.071428571,5,0.625,95,5,0.052631579,4,0.8,17,3,0.176470588,1,0.333333333,89,3,0.033707865,1,0.333333333,60,2,0.033333333,1,0.5,29,1,0.034482759,0,0,69,6,0.086956522,2,0.333333333,25,5,0.2,2,0.4,44,1,0.022727273,0,0,2,0,0,0,,0,0,,0,,2,0,0,0,,123,9,0.073170732,5,0.555555556,119,7,0.058823529,3,0.428571429,30,1,0.033333333,0,0
687859,Johnston,Troy,170,6,0.035294118,0,0,77,1,0.012987013,0,0,93,5,0.053763441,0,0,111,4,0.036036036,0,0,59,2,0.033898305,0,0,58,0,0,0,,53,0,0,0,,5,0,0,0,,60,3,0.05,0,0,35,2,0.057142857,0,0,25,1,0.04,0,0,51,3,0.058823529,0,0,23,2,0.086956522,0,0,28,1,0.035714286,0,0,1,0,0,0,,0,0,,0,,1,0,0,0,,127,5,0.039370079,0,0,32,1,0.03125,0,0,11,0,0,0,
695506,Caglianone,Jeffrey,207,9,0.043478261,5,0.555555556,112,3,0.026785714,2,0.666666667,95,6,0.063157895,3,0.5,160,7,0.04375,4,0.571428571,47,2,0.042553191,1,0.5,65,2,0.030769231,1,0.5,59,2,0.033898305,1,0.5,6,0,0,0,,79,3,0.037974684,2,0.666666667,60,2,0.033333333,1,0.5,19,1,0.052631579,1,1,62,3,0.048387097,2,0.666666667,41,3,0.073170732,2,0.666666667,21,0,0,0,,1,1,1,0,0,0,0,,0,0,1,1,1,0,0,132,8,0.060606061,4,0.5,52,0,0,0,,23,1,0.043478261,1,1
696030,Osuna,Tadeo,149,8,0.053691275,5,0.625,74,3,0.040540541,2,0.666666667,75,5,0.066666667,3,0.6,114,5,0.043859649,5,1,35,3,0.085714286,0,0,47,0,0,0,,42,0,0,0,,5,0,0,0,,60,5,0.083333333,3,0.6,45,3,0.066666667,3,1,15,2,0.133333333,0,0,42,3,0.071428571,2,0.666666667,27,2,0.074074074,2,1,15,1,0.066666667,0,0,0,0,,0,,0,0,,0,,0,0,,0,,113,5,0.044247788,2,0.4,26,2,0.076923077,2,1,10,1,0.1,1,1
699013,Valdez,Esmerlyn,173,16,0.092485549,9,0.5625,71,2,0.028169014,0,0,102,14,0.137254902,9,0.642857143,119,12,0.100840336,6,0.5,54,4,0.074074074,3,0.75,62,6,0.096774194,4,0.666666667,56,6,0.107142857,4,0.666666667,6,0,0,0,,59,3,0.050847458,1,0.333333333,42,2,0.047619048,1,0.5,17,1,0.058823529,0,0,52,7,0.134615385,4,0.571428571,21,4,0.19047619,1,0.25,31,3,0.096774194,3,1,0,0,,0,,0,0,,0,,0,0,,0,,94,11,0.117021277,5,0.454545455,58,5,0.086206897,4,0.8,21,0,0,0,
701350,Anthony,Roman,117,3,0.025641026,2,0.666666667,52,0,0,0,,65,3,0.046153846,2,0.666666667,81,0,0,0,,36,3,0.083333333,2,0.666666667,47,2,0.042553191,1,0.5,40,0,0,0,,7,2,0.285714286,1,0.5,29,0,0,0,,22,0,0,0,,7,0,0,0,,40,1,0.025,1,1,19,0,0,0,,21,1,0.047619048,1,1,1,0,0,0,,0,0,,0,,1,0,0,0,,74,1,0.013513514,0,0,34,2,0.058823529,2,1,9,0,0,0,
703607,Bolte,Henry,165,11,0.066666667,6,0.545454545,86,5,0.058139535,3,0.6,79,6,0.075949367,3,0.5,124,8,0.064516129,5,0.625,41,3,0.073170732,1,0.333333333,53,2,0.037735849,2,1,52,2,0.038461538,2,1,1,0,0,0,,64,5,0.078125,2,0.4,44,3,0.068181818,1,0.333333333,20,2,0.1,1,0.5,45,4,0.088888889,2,0.5,28,3,0.107142857,2,0.666666667,17,1,0.058823529,0,0,3,0,0,0,,0,0,,0,,3,0,0,0,,114,10,0.087719298,5,0.5,39,0,0,0,,12,1,0.083333333,1,1
680664,Valencia,Eduardo,33,2,0.060606061,0,0,21,2,0.095238095,0,0,12,0,0,0,,24,1,0.041666667,0,0,9,1,0.111111111,0,0,13,0,0,0,,13,0,0,0,,0,0,,0,,10,1,0.1,0,0,7,1,0.142857143,0,0,3,0,0,0,,8,0,0,0,,4,0,0,0,,4,0,0,0,,2,1,0.5,0,0,0,0,,0,0,2,1,0.5,0,0,19,0,0,0,,12,2,0.166666667,0,0,2,0,0,0,
680728,Del Castillo,Adrian,110,3,0.027272727,2,0.666666667,44,0,0,0,,66,3,0.045454545,2,0.666666667,93,2,0.021505376,1,0.5,17,1,0.058823529,1,1,34,0,0,0,,33,0,0,0,,1,0,0,0,,48,2,0.041666667,1,0.5,41,2,0.048780488,1,0.5,7,0,0,0,,27,0,0,0,,19,0,0,0,,8,0,0,0,,1,1,1,1,1,0,0,,0,0,1,1,1,1,1,63,2,0.031746032,1,0.5,32,1,0.03125,1,1,15,0,0,0,
682663,Ramírez,Agustín,90,7,0.077777778,0,0,47,4,0.085106383,0,0,43,3,0.069767442,0,0,59,6,0.101694915,0,0,31,1,0.032258065,0,0,32,3,0.09375,0,0,27,3,0.111111111,0,0,5,0,0,0,,30,0,0,0,,16,0,0,0,,14,0,0,0,,28,4,0.142857143,0,0,16,3,0.1875,0,0,12,1,0.083333333,0,0,0,0,,0,,0,0,,0,,0,0,,0,,59,6,0.101694915,0,0,26,1,0.038461538,0,0,5,0,0,0,
687263,Neto,Zachary,295,22,0.074576271,11,0.5,147,11,0.074829932,6,0.545454545,148,11,0.074324324,5,0.454545455,211,16,0.075829384,9,0.5625,84,6,0.071428571,2,0.333333333,128,10,0.078125,4,0.4,118,9,0.076271186,4,0.444444444,10,1,0.1,0,0,80,4,0.05,3,0.75,59,4,0.06779661,3,0.75,21,0,0,0,,85,7,0.082352941,4,0.571428571,34,3,0.088235294,2,0.666666667,51,4,0.078431373,2,0.5,2,1,0.5,0,0,0,0,,0,0,2,1,0.5,0,0,165,13,0.078787879,6,0.461538462,100,7,0.07,4,0.571428571,30,2,0.066666667,1,0.5
688363,Pauley,Graham,77,2,0.025974026,0,0,40,1,0.025,0,0,37,1,0.027027027,0,0,48,1,0.020833333,0,0,29,1,0.034482759,0,0,26,0,0,0,,21,0,0,0,,5,0,0,0,,29,1,0.034482759,0,0,18,1,0.055555556,0,0,11,0,0,0,,22,1,0.045454545,0,0,9,0,0,0,,13,1,0.076923077,0,0,0,0,,0,,0,0,,0,,0,0,,0,,48,1,0.020833333,0,0,20,1,0.05,0,0,9,0,0,0,
691016,Soderstrom,Tyler,252,7,0.027777778,4,0.571428571,129,3,0.023255814,1,0.333333333,123,4,0.032520325,3,0.75,181,5,0.027624309,2,0.4,71,2,0.028169014,2,1,98,0,0,0,,90,0,0,0,,8,0,0,0,,85,4,0.047058824,3,0.75,57,3,0.052631579,2,0.666666667,28,1,0.035714286,1,1,67,3,0.044776119,1,0.333333333,33,2,0.060606061,0,0,34,1,0.029411765,1,1,2,0,0,0,,1,0,0,0,,1,0,0,0,,164,3,0.018292683,1,0.333333333,72,4,0.055555556,3,0.75,16,0,0,0,
694192,Chourio,Jackson,294,3,0.010204082,0,0,149,2,0.013422819,0,0,145,1,0.006896552,0,0,221,2,0.009049774,0,0,73,1,0.01369863,0,0,152,1,0.006578947,0,0,134,1,0.007462687,0,0,18,0,0,0,,72,0,0,0,,52,0,0,0,,20,0,0,0,,67,2,0.029850746,0,0,34,1,0.029411765,0,0,33,1,0.03030303,0,0,3,0,0,0,,1,0,0,0,,2,0,0,0,,200,2,0.01,0,0,79,1,0.012658228,0,0,15,0,0,0,
694497,Carter,Evan,315,11,0.034920635,4,0.363636364,142,7,0.049295775,3,0.428571429,173,4,0.023121387,1,0.25,243,11,0.04526749,4,0.363636364,72,0,0,0,,110,5,0.045454545,1,0.2,102,5,0.049019608,1,0.2,8,0,0,0,,107,4,0.037383178,2,0.5,84,4,0.047619048,2,0.5,23,0,0,0,,96,2,0.020833333,1,0.5,57,2,0.035087719,1,0.5,39,0,0,0,,2,0,0,0,,0,0,,0,,2,0,0,0,,194,7,0.036082474,3,0.428571429,83,3,0.036144578,1,0.333333333,38,1,0.026315789,0,0
695734,Lile,Daylen,223,3,0.013452915,2,0.666666667,122,3,0.024590164,2,0.666666667,101,0,0,0,,138,2,0.014492754,1,0.5,85,1,0.011764706,1,1,65,1,0.015384615,0,0,56,1,0.017857143,0,0,9,0,0,0,,86,1,0.011627907,1,1,53,1,0.018867925,1,1,33,0,0,0,,64,1,0.015625,1,1,25,0,0,0,,39,1,0.025641026,1,1,8,0,0,0,,4,0,0,0,,4,0,0,0,,116,1,0.00862069,1,1,90,2,0.022222222,1,0.5,17,0,0,0,
696100,Goodman,Hunter,198,11,0.055555556,4,0.363636364,82,5,0.06097561,1,0.2,116,6,0.051724138,3,0.5,142,7,0.049295775,3,0.428571429,56,4,0.071428571,1,0.25,87,0,0,0,,79,0,0,0,,8,0,0,0,,60,2,0.033333333,0,0,39,2,0.051282051,0,0,21,0,0,0,,50,9,0.18,4,0.444444444,23,5,0.217391304,3,0.6,27,4,0.148148148,1,0.25,1,0,0,0,,1,0,0,0,,0,0,,0,,121,6,0.049586777,0,0,62,5,0.080645161,4,0.8,15,0,0,0,
699393,Ramírez,Pedro,99,4,0.04040404,3,0.75,57,4,0.070175439,3,0.75,42,0,0,0,,80,3,0.0375,3,1,19,1,0.052631579,0,0,23,1,0.043478261,1,1,22,1,0.045454545,1,1,1,0,0,0,,37,1,0.027027027,1,1,30,1,0.033333333,1,1,7,0,0,0,,39,2,0.051282051,1,0.5,28,1,0.035714286,1,1,11,1,0.090909091,0,0,0,0,,0,,0,0,,0,,0,0,,0,,56,2,0.035714286,2,1,34,2,0.058823529,1,0.5,9,0,0,0,
701538,Merrill,Jackson,211,4,0.018957346,3,0.75,99,1,0.01010101,1,1,112,3,0.026785714,2,0.666666667,153,3,0.019607843,2,0.666666667,58,1,0.017241379,1,1,79,0,0,0,,73,0,0,0,,6,0,0,0,,75,2,0.026666667,2,1,53,2,0.037735849,2,1,22,0,0,0,,55,2,0.036363636,1,0.5,27,1,0.037037037,0,0,28,1,0.035714286,1,1,2,0,0,0,,0,0,,0,,2,0,0,0,,147,3,0.020408163,2,0.666666667,44,1,0.022727273,1,1,20,0,0,0,
802139,Wetherholt,Jonathan,408,9,0.022058824,5,0.555555556,201,3,0.014925373,0,0,207,6,0.028985507,5,0.833333333,333,6,0.018018018,4,0.666666667,75,3,0.04,1,0.333333333,190,0,0,0,,182,0,0,0,,8,0,0,0,,99,2,0.02020202,2,1,80,2,0.025,2,1,19,0,0,0,,116,7,0.060344828,3,0.428571429,70,4,0.057142857,2,0.5,46,3,0.065217391,1,0.333333333,3,0,0,0,,1,0,0,0,,2,0,0,0,,266,3,0.011278195,2,0.666666667,113,6,0.053097345,3,0.5,29,0,0,0,
803011,Antonacci,Samuel,305,26,0.085245902,12,0.461538462,152,11,0.072368421,5,0.454545455,153,15,0.098039216,7,0.466666667,208,20,0.096153846,8,0.4,97,6,0.06185567,4,0.666666667,131,9,0.06870229,3,0.333333333,116,9,0.077586207,3,0.333333333,15,0,0,0,,91,11,0.120879121,6,0.545454545,58,8,0.137931034,5,0.625,33,3,0.090909091,1,0.333333333,78,6,0.076923077,3,0.5,34,3,0.088235294,0,0,44,3,0.068181818,3,1,5,0,0,0,,0,0,,0,,5,0,0,0,,200,19,0.095,10,0.526315789,76,6,0.078947368,2,0.333333333,29,1,0.034482759,0,0
805300,Marsee,Jakob,364,11,0.03021978,6,0.545454545,165,4,0.024242424,3,0.75,199,7,0.035175879,3,0.428571429,255,7,0.02745098,5,0.714285714,109,4,0.036697248,1,0.25,144,3,0.020833333,3,1,129,3,0.023255814,3,1,15,0,0,0,,122,4,0.032786885,1,0.25,75,2,0.026666667,1,0.5,47,2,0.042553191,0,0,97,4,0.041237113,2,0.5,51,2,0.039215686,1,0.5,46,2,0.043478261,1,0.5,1,0,0,0,,0,0,,0,,1,0,0,0,,254,7,0.027559055,4,0.571428571,89,4,0.04494382,2,0.5,21,0,0,0,
805367,Meidroth,Chase,441,11,0.024943311,4,0.363636364,197,7,0.035532995,2,0.285714286,244,4,0.016393443,2,0.5,269,6,0.022304833,3,0.5,172,5,0.029069767,1,0.2,163,3,0.018404908,1,0.333333333,131,2,0.015267176,1,0.5,32,1,0.03125,0,0,155,2,0.012903226,2,1,97,2,0.020618557,2,1,58,0,0,0,,114,4,0.035087719,1,0.25,41,2,0.048780488,0,0,73,2,0.02739726,1,0.5,9,2,0.222222222,0,0,0,0,,0,0,9,2,0.222222222,0,0,321,6,0.018691589,2,0.333333333,101,5,0.04950495,2,0.4,19,0,0,0,
810938,Williamson,Benjamin,222,5,0.022522523,3,0.6,124,2,0.016129032,2,1,98,3,0.030612245,1,0.333333333,142,5,0.035211268,3,0.6,80,0,0,0,,70,1,0.014285714,1,1,57,1,0.01754386,1,1,13,0,0,0,,80,3,0.0375,2,0.666666667,50,3,0.06,2,0.666666667,30,0,0,0,,67,1,0.014925373,0,0,35,1,0.028571429,0,0,32,0,0,0,,5,0,0,0,,0,0,,0,,5,0,0,0,,135,1,0.007407407,1,1,73,3,0.04109589,2,0.666666667,14,1,0.071428571,0,0
