batterId,lastName,firstName,Total_Opp_Ovr,Total_ChallengesMade,Total_ChallengeRate,Total_ChallengesOverturned,Total_OverturnedRate,Home_Opp,Home_Made,Home_Rate,Home_Over,Home_OvrRate,Away_Opp,Away_Made,Away_Rate,Away_Over,Away_OvrRate,Team2Left_Opp,Team2Left_Made,Team2Left_Rate,Team2Left_Over,Team2Left_OvrRate,Team1Left_Opp,Team1Left_Made,Team1Left_Rate,Team1Left_Over,Team1Left_OvrRate,Inn1_3_Ovr_Opp,Inn1_3_Ovr_Made,Inn1_3_Ovr_Rate,Inn1_3_Ovr_Over,Inn1_3_Ovr_OvrRate,Inn1_3_Chg2_Opp,Inn1_3_Chg2_Made,Inn1_3_Chg2_Rate,Inn1_3_Chg2_Over,Inn1_3_Chg2_OvrRate,Inn1_3_Chg1_Opp,Inn1_3_Chg1_Made,Inn1_3_Chg1_Rate,Inn1_3_Chg1_Over,Inn1_3_Chg1_OvrRate,Inn4_6_Ovr_Opp,Inn4_6_Ovr_Made,Inn4_6_Ovr_Rate,Inn4_6_Ovr_Over,Inn4_6_Ovr_OvrRate,Inn4_6_Chg2_Opp,Inn4_6_Chg2_Made,Inn4_6_Chg2_Rate,Inn4_6_Chg2_Over,Inn4_6_Chg2_OvrRate,Inn4_6_Chg1_Opp,Inn4_6_Chg1_Made,Inn4_6_Chg1_Rate,Inn4_6_Chg1_Over,Inn4_6_Chg1_OvrRate,Inn7_9_Ovr_Opp,Inn7_9_Ovr_Made,Inn7_9_Ovr_Rate,Inn7_9_Ovr_Over,Inn7_9_Ovr_OvrRate,Inn7_9_Chg2_Opp,Inn7_9_Chg2_Made,Inn7_9_Chg2_Rate,Inn7_9_Chg2_Over,Inn7_9_Chg2_OvrRate,Inn7_9_Chg1_Opp,Inn7_9_Chg1_Made,Inn7_9_Chg1_Rate,Inn7_9_Chg1_Over,Inn7_9_Chg1_OvrRate,Inn10_Ovr_Opp,Inn10_Ovr_Made,Inn10_Ovr_Rate,Inn10_Ovr_Over,Inn10_Ovr_OvrRate,Inn10_Chg2_Opp,Inn10_Chg2_Made,Inn10_Chg2_Rate,Inn10_Chg2_Over,Inn10_Chg2_OvrRate,Inn10_Chg1_Opp,Inn10_Chg1_Made,Inn10_Chg1_Rate,Inn10_Chg1_Over,Inn10_Chg1_OvrRate,FastBall_Opp,FastBall_Made,FastBall_Rate,FastBall_Over,FastBall_OvrRate,BreakBall_Opp,BreakBall_Made,BreakBall_Rate,BreakBall_Over,BreakBall_OvrRate,OtherPitch_Opp,OtherPitch_Made,OtherPitch_Rate,OtherPitch_Over,OtherPitch_OvrRate
592206,Castellanos,Nicholas,45,2,0.044444444,0,0,32,2,0.0625,0,0,13,0,0,0,,34,2,0.058823529,0,0,11,0,0,0,,13,1,0.076923077,0,0,13,1,0.076923077,0,0,0,0,,0,,17,0,0,0,,12,0,0,0,,5,0,0,0,,15,1,0.066666667,0,0,9,1,0.111111111,0,0,6,0,0,0,,0,0,,0,,0,0,,0,,0,0,,0,,27,0,0,0,,11,1,0.090909091,0,0,7,1,0.142857143,0,0
605170,Caratini,Victor,272,7,0.025735294,3,0.428571429,121,4,0.033057851,1,0.25,151,3,0.01986755,2,0.666666667,161,4,0.02484472,1,0.25,111,3,0.027027027,2,0.666666667,93,2,0.021505376,1,0.5,74,2,0.027027027,1,0.5,19,0,0,0,,105,2,0.019047619,0,0,63,2,0.031746032,0,0,42,0,0,0,,71,3,0.042253521,2,0.666666667,23,0,0,0,,48,3,0.0625,2,0.666666667,3,0,0,0,,1,0,0,0,,2,0,0,0,,170,5,0.029411765,3,0.6,77,1,0.012987013,0,0,25,1,0.04,0,0
622268,Walton,Donovan,112,6,0.053571429,3,0.5,62,3,0.048387097,1,0.333333333,50,3,0.06,2,0.666666667,76,5,0.065789474,3,0.6,36,1,0.027777778,0,0,40,2,0.05,1,0.5,36,2,0.055555556,1,0.5,4,0,0,0,,40,3,0.075,1,0.333333333,25,2,0.08,1,0.5,15,1,0.066666667,0,0,31,1,0.032258065,1,1,14,1,0.071428571,1,1,17,0,0,0,,1,0,0,0,,1,0,0,0,,0,0,,0,,48,3,0.0625,1,0.333333333,54,3,0.055555556,2,0.666666667,10,0,0,0,
624428,Frazier,Adam,74,2,0.027027027,2,1,39,1,0.025641026,1,1,35,1,0.028571429,1,1,41,1,0.024390244,1,1,33,1,0.03030303,1,1,21,0,0,0,,17,0,0,0,,4,0,0,0,,24,0,0,0,,12,0,0,0,,12,0,0,0,,28,2,0.071428571,2,1,12,1,0.083333333,1,1,16,1,0.0625,1,1,1,0,0,0,,0,0,,0,,1,0,0,0,,49,2,0.040816327,2,1,19,0,0,0,,6,0,0,0,
641857,McMahon,Ryan,254,7,0.027559055,6,0.857142857,123,2,0.016260163,2,1,131,5,0.038167939,4,0.8,137,2,0.01459854,2,1,117,5,0.042735043,4,0.8,76,2,0.026315789,2,1,58,1,0.017241379,1,1,18,1,0.055555556,1,1,88,1,0.011363636,1,1,44,1,0.022727273,1,1,44,0,0,0,,87,4,0.045977011,3,0.75,35,0,0,0,,52,4,0.076923077,3,0.75,3,0,0,0,,0,0,,0,,3,0,0,0,,151,4,0.026490066,4,1,87,3,0.034482759,2,0.666666667,16,0,0,0,
643289,Dubón,Mauricio,293,17,0.058020478,8,0.470588235,129,4,0.031007752,1,0.25,164,13,0.079268293,7,0.538461538,223,13,0.058295964,6,0.461538462,70,4,0.057142857,2,0.5,109,6,0.055045872,4,0.666666667,95,4,0.042105263,3,0.75,14,2,0.142857143,1,0.5,95,6,0.063157895,1,0.166666667,72,5,0.069444444,1,0.2,23,1,0.043478261,0,0,88,5,0.056818182,3,0.6,56,4,0.071428571,2,0.5,32,1,0.03125,1,1,1,0,0,0,,0,0,,0,,1,0,0,0,,212,11,0.051886792,5,0.454545455,69,5,0.072463768,2,0.4,12,1,0.083333333,1,1
650489,Castro,Willi,207,24,0.115942029,6,0.25,94,9,0.095744681,3,0.333333333,113,15,0.132743363,3,0.2,139,15,0.107913669,3,0.2,68,9,0.132352941,3,0.333333333,81,7,0.086419753,1,0.142857143,74,7,0.094594595,1,0.142857143,7,0,0,0,,75,11,0.146666667,4,0.363636364,44,6,0.136363636,1,0.166666667,31,5,0.161290323,3,0.6,50,6,0.12,1,0.166666667,21,2,0.095238095,1,0.5,29,4,0.137931034,0,0,1,0,0,0,,0,0,,0,,1,0,0,0,,137,15,0.109489051,2,0.133333333,47,7,0.14893617,4,0.571428571,23,2,0.086956522,0,0
656941,Schwarber,Kyle,426,27,0.063380282,13,0.481481481,201,15,0.074626866,7,0.466666667,225,12,0.053333333,6,0.5,313,20,0.063897764,10,0.5,113,7,0.061946903,3,0.428571429,190,10,0.052631579,6,0.6,179,9,0.05027933,6,0.666666667,11,1,0.090909091,0,0,120,7,0.058333333,2,0.285714286,79,5,0.063291139,1,0.2,41,2,0.048780488,1,0.5,109,8,0.073394495,5,0.625,51,6,0.117647059,3,0.5,58,2,0.034482759,2,1,7,2,0.285714286,0,0,4,0,0,0,0,3,2,0.666666667,0,0,239,17,0.071129707,9,0.529411765,152,9,0.059210526,4,0.444444444,35,1,0.028571429,0,0
662139,Varsho,Daulton,249,10,0.040160643,7,0.7,123,4,0.032520325,3,0.75,126,6,0.047619048,4,0.666666667,174,9,0.051724138,6,0.666666667,75,1,0.013333333,1,1,103,4,0.038834951,3,0.75,89,4,0.04494382,3,0.75,14,0,0,0,,98,4,0.040816327,3,0.75,62,3,0.048387097,2,0.666666667,36,1,0.027777778,1,1,46,2,0.043478261,1,0.5,22,2,0.090909091,1,0.5,24,0,0,0,,2,0,0,0,,1,0,0,0,,1,0,0,0,,146,9,0.061643836,6,0.666666667,91,1,0.010989011,1,1,12,0,0,0,
663743,Fortes,Nicholas,165,11,0.066666667,5,0.454545455,81,2,0.024691358,0,0,84,9,0.107142857,5,0.555555556,114,6,0.052631579,4,0.666666667,51,5,0.098039216,1,0.2,53,3,0.056603774,2,0.666666667,46,3,0.065217391,2,0.666666667,7,0,0,0,,58,5,0.086206897,1,0.2,39,1,0.025641026,0,0,19,4,0.210526316,1,0.25,53,3,0.056603774,2,0.666666667,29,2,0.068965517,2,1,24,1,0.041666667,0,0,1,0,0,0,,0,0,,0,,1,0,0,0,,117,7,0.05982906,2,0.285714286,37,3,0.081081081,2,0.666666667,11,1,0.090909091,1,1
664761,Bohm,Alec,373,23,0.061662198,13,0.565217391,177,13,0.073446328,5,0.384615385,196,10,0.051020408,8,0.8,252,17,0.067460317,11,0.647058824,121,6,0.049586777,2,0.333333333,136,9,0.066176471,5,0.555555556,124,9,0.072580645,5,0.555555556,12,0,0,0,,122,6,0.049180328,5,0.833333333,78,5,0.064102564,4,0.8,44,1,0.022727273,1,1,112,8,0.071428571,3,0.375,50,3,0.06,2,0.666666667,62,5,0.080645161,1,0.2,3,0,0,0,,0,0,,0,,3,0,0,0,,254,20,0.078740157,12,0.6,103,2,0.019417476,1,0.5,16,1,0.0625,0,0
666018,Aranda,Jonathan,409,23,0.056234719,9,0.391304348,204,11,0.053921569,4,0.363636364,205,12,0.058536585,5,0.416666667,286,17,0.059440559,7,0.411764706,123,6,0.048780488,2,0.333333333,158,3,0.018987342,0,0,144,3,0.020833333,0,0,14,0,0,0,,140,9,0.064285714,4,0.444444444,86,6,0.069767442,2,0.333333333,54,3,0.055555556,2,0.666666667,105,11,0.104761905,5,0.454545455,55,8,0.145454545,5,0.625,50,3,0.06,0,0,6,0,0,0,,1,0,0,0,,5,0,0,0,,251,16,0.06374502,8,0.5,117,6,0.051282051,1,0.166666667,41,1,0.024390244,0,0
666310,Naylor,Noah,68,3,0.044117647,1,0.333333333,27,2,0.074074074,1,0.5,41,1,0.024390244,0,0,46,3,0.065217391,1,0.333333333,22,0,0,0,,29,3,0.103448276,1,0.333333333,29,3,0.103448276,1,0.333333333,0,0,,0,,23,0,0,0,,14,0,0,0,,9,0,0,0,,16,0,0,0,,3,0,0,0,,13,0,0,0,,0,0,,0,,0,0,,0,,0,0,,0,,39,3,0.076923077,1,0.333333333,21,0,0,0,,8,0,0,0,
666397,Julien,Edouard,183,20,0.109289617,9,0.45,96,11,0.114583333,6,0.545454545,87,9,0.103448276,3,0.333333333,113,11,0.097345133,6,0.545454545,70,9,0.128571429,3,0.333333333,71,4,0.056338028,4,1,61,4,0.06557377,4,1,10,0,0,0,,52,4,0.076923077,1,0.25,26,3,0.115384615,1,0.333333333,26,1,0.038461538,0,0,60,12,0.2,4,0.333333333,26,4,0.153846154,1,0.25,34,8,0.235294118,3,0.375,0,0,,0,,0,0,,0,,0,0,,0,,114,15,0.131578947,8,0.533333333,50,4,0.08,1,0.25,19,1,0.052631579,0,0
668942,Rojas,Joshua,64,3,0.046875,2,0.666666667,23,0,0,0,,41,3,0.073170732,2,0.666666667,48,2,0.041666667,1,0.5,16,1,0.0625,1,1,17,0,0,0,,17,0,0,0,,0,0,,0,,24,3,0.125,2,0.666666667,14,2,0.142857143,1,0.5,10,1,0.1,1,1,23,0,0,0,,17,0,0,0,,6,0,0,0,,0,0,,0,,0,0,,0,,0,0,,0,,41,0,0,0,,16,2,0.125,2,1,7,1,0.142857143,0,0
669065,Stowers,Kyle,190,12,0.063157895,4,0.333333333,84,6,0.071428571,3,0.5,106,6,0.056603774,1,0.166666667,135,10,0.074074074,2,0.2,55,2,0.036363636,2,1,80,3,0.0375,1,0.333333333,69,2,0.028985507,0,0,11,1,0.090909091,1,1,65,6,0.092307692,2,0.333333333,44,5,0.113636364,1,0.2,21,1,0.047619048,1,1,45,3,0.066666667,1,0.333333333,22,3,0.136363636,1,0.333333333,23,0,0,0,,0,0,,0,,0,0,,0,,0,0,,0,,111,8,0.072072072,1,0.125,60,3,0.05,2,0.666666667,19,1,0.052631579,1,1
669224,Wells,Austin,212,9,0.04245283,5,0.555555556,108,6,0.055555556,3,0.5,104,3,0.028846154,2,0.666666667,150,6,0.04,4,0.666666667,62,3,0.048387097,1,0.333333333,73,1,0.01369863,1,1,62,1,0.016129032,1,1,11,0,0,0,,75,4,0.053333333,3,0.75,55,3,0.054545455,2,0.666666667,20,1,0.05,1,1,63,4,0.063492063,1,0.25,33,2,0.060606061,1,0.5,30,2,0.066666667,0,0,1,0,0,0,,0,0,,0,,1,0,0,0,,128,5,0.0390625,2,0.4,64,4,0.0625,3,0.75,20,0,0,0,
669707,Triolo,Jared,229,2,0.008733624,2,1,113,1,0.008849558,1,1,116,1,0.00862069,1,1,145,1,0.006896552,1,1,84,1,0.011904762,1,1,77,1,0.012987013,1,1,67,1,0.014925373,1,1,10,0,0,0,,75,0,0,0,,44,0,0,0,,31,0,0,0,,73,1,0.01369863,1,1,34,0,0,0,,39,1,0.025641026,1,1,4,0,0,0,,0,0,,0,,4,0,0,0,,152,1,0.006578947,1,1,68,1,0.014705882,1,1,9,0,0,0,
670042,Raley,Lucas,120,5,0.041666667,3,0.6,48,1,0.020833333,1,1,72,4,0.055555556,2,0.5,88,5,0.056818182,3,0.6,32,0,0,0,,48,0,0,0,,44,0,0,0,,4,0,0,0,,45,4,0.088888889,3,0.75,35,4,0.114285714,3,0.75,10,0,0,0,,27,1,0.037037037,0,0,9,1,0.111111111,0,0,18,0,0,0,,0,0,,0,,0,0,,0,,0,0,,0,,63,4,0.063492063,2,0.5,45,1,0.022222222,1,1,12,0,0,0,
677594,Rodríguez,Julio,327,7,0.021406728,2,0.285714286,155,4,0.025806452,0,0,172,3,0.01744186,2,0.666666667,241,5,0.020746888,1,0.2,86,2,0.023255814,1,0.5,141,1,0.007092199,0,0,130,1,0.007692308,0,0,11,0,0,0,,99,2,0.02020202,1,0.5,68,2,0.029411765,1,0.5,31,0,0,0,,86,4,0.046511628,1,0.25,43,2,0.046511628,0,0,43,2,0.046511628,1,0.5,1,0,0,0,,0,0,,0,,1,0,0,0,,188,6,0.031914894,1,0.166666667,127,1,0.007874016,1,1,12,0,0,0,
677800,Abreu,Wilyer,413,11,0.026634383,7,0.636363636,211,4,0.018957346,2,0.5,202,7,0.034653465,5,0.714285714,310,7,0.022580645,4,0.571428571,103,4,0.038834951,3,0.75,168,5,0.029761905,3,0.6,152,5,0.032894737,3,0.6,16,0,0,0,,135,4,0.02962963,3,0.75,106,2,0.018867925,1,0.5,29,2,0.068965517,2,1,107,2,0.018691589,1,0.5,52,0,0,0,,55,2,0.036363636,1,0.5,3,0,0,0,,0,0,,0,,3,0,0,0,,287,8,0.027874564,7,0.875,102,1,0.009803922,0,0,24,2,0.083333333,0,0
678882,Rafaela,Ceddanne,283,24,0.084805654,6,0.25,144,13,0.090277778,3,0.230769231,139,11,0.079136691,3,0.272727273,206,21,0.101941748,6,0.285714286,77,3,0.038961039,0,0,115,7,0.060869565,3,0.428571429,99,7,0.070707071,3,0.428571429,16,0,0,0,,85,12,0.141176471,3,0.25,66,11,0.166666667,3,0.272727273,19,1,0.052631579,0,0,80,5,0.0625,0,0,41,3,0.073170732,0,0,39,2,0.051282051,0,0,3,0,0,0,,0,0,,0,,3,0,0,0,,187,17,0.090909091,5,0.294117647,69,2,0.028985507,0,0,27,5,0.185185185,1,0.2
682848,Rodríguez,Endy,89,6,0.06741573,1,0.166666667,29,1,0.034482759,0,0,60,5,0.083333333,1,0.2,51,3,0.058823529,0,0,38,3,0.078947368,1,0.333333333,28,2,0.071428571,0,0,24,2,0.083333333,0,0,4,0,0,0,,23,2,0.086956522,1,0.5,13,0,0,0,,10,2,0.2,1,0.5,35,2,0.057142857,0,0,14,1,0.071428571,0,0,21,1,0.047619048,0,0,3,0,0,0,,0,0,,0,,3,0,0,0,,51,5,0.098039216,1,0.2,31,0,0,0,,7,1,0.142857143,0,0
682985,Greene,Riley,332,13,0.039156627,9,0.692307692,172,8,0.046511628,7,0.875,160,5,0.03125,2,0.4,259,11,0.042471042,7,0.636363636,73,2,0.02739726,2,1,115,4,0.034782609,2,0.5,107,4,0.037383178,2,0.5,8,0,0,0,,103,4,0.038834951,3,0.75,84,4,0.047619048,3,0.75,19,0,0,0,,112,4,0.035714286,3,0.75,68,3,0.044117647,2,0.666666667,44,1,0.022727273,1,1,2,1,0.5,1,1,0,0,,0,0,2,1,0.5,1,1,211,8,0.037914692,7,0.875,89,4,0.04494382,2,0.5,32,1,0.03125,0,0
683011,Volpe,Anthony,157,8,0.050955414,5,0.625,69,5,0.072463768,4,0.8,88,3,0.034090909,1,0.333333333,116,3,0.025862069,2,0.666666667,41,5,0.12195122,3,0.6,52,1,0.019230769,1,1,47,0,0,0,,5,1,0.2,1,1,52,4,0.076923077,2,0.5,40,2,0.05,1,0.5,12,2,0.166666667,1,0.5,52,3,0.057692308,2,0.666666667,29,1,0.034482759,1,1,23,2,0.086956522,1,0.5,1,0,0,0,,0,0,,0,,1,0,0,0,,108,3,0.027777778,3,1,39,5,0.128205128,2,0.4,10,0,0,0,
686780,Pagés,Pedro,138,2,0.014492754,0,0,65,2,0.030769231,0,0,73,0,0,0,,106,1,0.009433962,0,0,32,1,0.03125,0,0,45,0,0,0,,40,0,0,0,,5,0,0,0,,51,0,0,0,,41,0,0,0,,10,0,0,0,,40,2,0.05,0,0,25,1,0.04,0,0,15,1,0.066666667,0,0,2,0,0,0,,0,0,,0,,2,0,0,0,,85,1,0.011764706,0,0,40,1,0.025,0,0,13,0,0,0,
687462,Horwitz,Spencer,311,19,0.061093248,5,0.263157895,155,11,0.070967742,4,0.363636364,156,8,0.051282051,1,0.125,202,9,0.044554455,1,0.111111111,109,10,0.091743119,4,0.4,109,2,0.018348624,0,0,90,1,0.011111111,0,0,19,1,0.052631579,0,0,111,5,0.045045045,1,0.2,73,3,0.04109589,0,0,38,2,0.052631579,1,0.5,87,12,0.137931034,4,0.333333333,39,5,0.128205128,1,0.2,48,7,0.145833333,3,0.428571429,4,0,0,0,,0,0,,0,,4,0,0,0,,198,11,0.055555556,4,0.363636364,83,5,0.060240964,1,0.2,30,3,0.1,0,0
687551,Gilbert,Andrew,281,10,0.035587189,7,0.7,144,4,0.027777778,3,0.75,137,6,0.04379562,4,0.666666667,187,7,0.037433155,6,0.857142857,94,3,0.031914894,1,0.333333333,100,4,0.04,3,0.75,85,4,0.047058824,3,0.75,15,0,0,0,,97,3,0.030927835,3,1,56,2,0.035714286,2,1,41,1,0.024390244,1,1,82,3,0.036585366,1,0.333333333,45,1,0.022222222,1,1,37,2,0.054054054,0,0,2,0,0,0,,1,0,0,0,,1,0,0,0,,189,8,0.042328042,5,0.625,70,0,0,0,,22,2,0.090909091,2,1
691785,Mayer,Marcelo,122,4,0.032786885,2,0.5,59,2,0.033898305,1,0.5,63,2,0.031746032,1,0.5,86,3,0.034883721,2,0.666666667,36,1,0.027777778,0,0,41,0,0,0,,35,0,0,0,,6,0,0,0,,38,1,0.026315789,0,0,31,1,0.032258065,0,0,7,0,0,0,,42,3,0.071428571,2,0.666666667,20,2,0.1,2,1,22,1,0.045454545,0,0,1,0,0,0,,0,0,,0,,1,0,0,0,,69,2,0.028985507,0,0,35,1,0.028571429,1,1,18,1,0.055555556,1,1
694410,Groover,LuJames,45,2,0.044444444,0,0,19,0,0,0,,26,2,0.076923077,0,0,30,2,0.066666667,0,0,15,0,0,0,,14,0,0,0,,11,0,0,0,,3,0,0,0,,18,1,0.055555556,0,0,12,1,0.083333333,0,0,6,0,0,0,,13,1,0.076923077,0,0,7,1,0.142857143,0,0,6,0,0,0,,0,0,,0,,0,0,,0,,0,0,,0,,28,1,0.035714286,0,0,16,1,0.0625,0,0,1,0,0,0,
696285,Young,Jacob,356,7,0.019662921,6,0.857142857,162,4,0.024691358,4,1,194,3,0.015463918,2,0.666666667,246,6,0.024390244,5,0.833333333,110,1,0.009090909,1,1,123,1,0.008130081,0,0,105,1,0.00952381,0,0,18,0,0,0,,129,4,0.031007752,4,1,88,3,0.034090909,3,1,41,1,0.024390244,1,1,96,2,0.020833333,2,1,51,2,0.039215686,2,1,45,0,0,0,,8,0,0,0,,2,0,0,0,,6,0,0,0,,247,5,0.020242915,4,0.8,84,1,0.011904762,1,1,25,1,0.04,1,1
701162,Malgeri,Benjamin,75,3,0.04,1,0.333333333,37,2,0.054054054,0,0,38,1,0.026315789,1,1,56,2,0.035714286,0,0,19,1,0.052631579,1,1,21,0,0,0,,20,0,0,0,,1,0,0,0,,28,1,0.035714286,0,0,22,1,0.045454545,0,0,6,0,0,0,,22,1,0.045454545,0,0,13,1,0.076923077,0,0,9,0,0,0,,4,1,0.25,1,1,1,0,0,0,0,3,1,0.333333333,1,1,46,3,0.065217391,1,0.333333333,18,0,0,0,,11,0,0,0,
701785,Culpepper,Kaelen,73,4,0.054794521,1,0.25,40,3,0.075,0,0,33,1,0.03030303,1,1,41,2,0.048780488,0,0,32,2,0.0625,1,0.5,22,0,0,0,,19,0,0,0,,3,0,0,0,,29,0,0,0,,15,0,0,0,,14,0,0,0,,22,4,0.181818182,1,0.25,7,2,0.285714286,0,0,15,2,0.133333333,1,0.5,0,0,,0,,0,0,,0,,0,0,,0,,29,2,0.068965517,1,0.5,36,1,0.027777778,0,0,8,1,0.125,0,0
702284,Young,Cole,368,13,0.035326087,7,0.538461538,164,3,0.018292683,1,0.333333333,204,10,0.049019608,6,0.6,247,9,0.036437247,5,0.555555556,121,4,0.033057851,2,0.5,116,5,0.043103448,3,0.6,103,5,0.048543689,3,0.6,13,0,0,0,,132,3,0.022727273,2,0.666666667,84,1,0.011904762,1,1,48,2,0.041666667,1,0.5,119,5,0.042016807,2,0.4,60,3,0.05,1,0.333333333,59,2,0.033898305,1,0.5,1,0,0,0,,0,0,,0,,1,0,0,0,,223,8,0.035874439,4,0.5,118,2,0.016949153,1,0.5,27,3,0.111111111,2,0.666666667
800050,DeLauter,Chase,322,19,0.059006211,8,0.421052632,156,8,0.051282051,2,0.25,166,11,0.06626506,6,0.545454545,222,13,0.058558559,5,0.384615385,100,6,0.06,3,0.5,127,6,0.047244094,4,0.666666667,117,5,0.042735043,3,0.6,10,1,0.1,1,1,104,8,0.076923077,2,0.25,68,6,0.088235294,1,0.166666667,36,2,0.055555556,1,0.5,86,3,0.034883721,2,0.666666667,33,1,0.03030303,1,1,53,2,0.037735849,1,0.5,5,2,0.4,0,0,4,1,0.25,0,0,1,1,1,0,0,181,15,0.082872928,4,0.266666667,96,1,0.010416667,1,1,45,3,0.066666667,3,1
800543,De Paula,Josue,26,2,0.076923077,1,0.5,14,2,0.142857143,1,0.5,12,0,0,0,,18,1,0.055555556,0,0,8,1,0.125,1,1,8,0,0,0,,7,0,0,0,,1,0,0,0,,6,1,0.166666667,0,0,5,1,0.2,0,0,1,0,0,0,,12,1,0.083333333,1,1,6,0,0,0,,6,1,0.166666667,1,1,0,0,,0,,0,0,,0,,0,0,,0,,15,2,0.133333333,1,0.5,11,0,0,0,,0,0,,0,
805805,Jenkins,Walker,40,3,0.075,2,0.666666667,21,2,0.095238095,1,0.5,19,1,0.052631579,1,1,25,2,0.08,1,0.5,15,1,0.066666667,1,1,14,2,0.142857143,2,1,9,1,0.111111111,1,1,5,1,0.2,1,1,10,1,0.1,0,0,8,1,0.125,0,0,2,0,0,0,,14,0,0,0,,8,0,0,0,,6,0,0,0,,2,0,0,0,,0,0,,0,,2,0,0,0,,20,1,0.05,1,1,17,2,0.117647059,1,0.5,3,0,0,0,
806146,Lombard,George,108,9,0.083333333,7,0.777777778,65,6,0.092307692,4,0.666666667,43,3,0.069767442,3,1,72,8,0.111111111,6,0.75,36,1,0.027777778,1,1,40,5,0.125,3,0.6,34,4,0.117647059,2,0.5,6,1,0.166666667,1,1,37,3,0.081081081,3,1,28,3,0.107142857,3,1,9,0,0,0,,29,1,0.034482759,1,1,10,1,0.1,1,1,19,0,0,0,,2,0,0,0,,0,0,,0,,2,0,0,0,,69,6,0.086956522,5,0.833333333,34,2,0.058823529,1,0.5,5,1,0.2,1,1
542303,Ozuna,Marcell,226,23,0.101769912,12,0.52173913,123,13,0.105691057,7,0.538461538,103,10,0.097087379,5,0.5,157,19,0.121019108,12,0.631578947,69,4,0.057971014,0,0,72,8,0.111111111,3,0.375,58,7,0.120689655,3,0.428571429,14,1,0.071428571,0,0,78,8,0.102564103,5,0.625,56,6,0.107142857,5,0.833333333,22,2,0.090909091,0,0,70,6,0.085714286,4,0.666666667,43,6,0.139534884,4,0.666666667,27,0,0,0,,6,1,0.166666667,0,0,0,0,,0,0,6,1,0.166666667,0,0,159,18,0.113207547,9,0.5,50,4,0.08,2,0.5,17,1,0.058823529,1,1
545121,Vargas,Ildemaro,282,6,0.021276596,3,0.5,143,4,0.027972028,2,0.5,139,2,0.014388489,1,0.5,191,3,0.015706806,1,0.333333333,91,3,0.032967033,2,0.666666667,81,0,0,0,,69,0,0,0,,12,0,0,0,,97,0,0,0,,73,0,0,0,,24,0,0,0,,100,6,0.06,3,0.5,48,3,0.0625,1,0.333333333,52,3,0.057692308,2,0.666666667,4,0,0,0,,1,0,0,0,,3,0,0,0,,174,4,0.022988506,3,0.75,72,0,0,0,,36,2,0.055555556,0,0
545361,Trout,Michael,484,14,0.02892562,9,0.642857143,235,3,0.012765957,1,0.333333333,249,11,0.044176707,8,0.727272727,348,7,0.020114943,3,0.428571429,136,7,0.051470588,6,0.857142857,192,1,0.005208333,0,0,170,1,0.005882353,0,0,22,0,0,0,,145,3,0.020689655,2,0.666666667,105,3,0.028571429,2,0.666666667,40,0,0,0,,144,9,0.0625,6,0.666666667,73,3,0.04109589,1,0.333333333,71,6,0.084507042,5,0.833333333,3,1,0.333333333,1,1,0,0,,0,0,3,1,0.333333333,1,1,290,12,0.04137931,9,0.75,171,2,0.011695906,0,0,23,0,0,0,
547180,Harper,Bryce,282,47,0.166666667,21,0.446808511,139,22,0.158273381,10,0.454545455,143,25,0.174825175,11,0.44,214,38,0.177570093,14,0.368421053,68,9,0.132352941,7,0.777777778,133,21,0.157894737,8,0.380952381,120,19,0.158333333,7,0.368421053,13,2,0.153846154,1,0.5,94,14,0.14893617,10,0.714285714,62,11,0.177419355,7,0.636363636,32,3,0.09375,3,1,54,11,0.203703704,3,0.272727273,31,7,0.225806452,0,0,23,4,0.173913043,3,0.75,1,1,1,0,0,1,1,1,0,0,0,0,,0,0,170,31,0.182352941,14,0.451612903,82,13,0.158536585,6,0.461538462,30,3,0.1,1,0.333333333
553869,Díaz,Elias,103,2,0.019417476,2,1,55,1,0.018181818,1,1,48,1,0.020833333,1,1,71,2,0.028169014,2,1,32,0,0,0,,36,0,0,0,,28,0,0,0,,8,0,0,0,,38,1,0.026315789,1,1,27,1,0.037037037,1,1,11,0,0,0,,26,1,0.038461538,1,1,14,1,0.071428571,1,1,12,0,0,0,,3,0,0,0,,2,0,0,0,,1,0,0,0,,71,1,0.014084507,1,1,28,1,0.035714286,1,1,4,0,0,0,
573262,Yastrzemski,Michael,304,4,0.013157895,1,0.25,150,2,0.013333333,1,0.5,154,2,0.012987013,0,0,231,3,0.012987013,0,0,73,1,0.01369863,1,1,98,2,0.020408163,0,0,93,2,0.021505376,0,0,5,0,0,0,,121,0,0,0,,87,0,0,0,,34,0,0,0,,84,2,0.023809524,1,0.5,50,1,0.02,0,0,34,1,0.029411765,1,1,1,0,0,0,,1,0,0,0,,0,0,,0,,199,2,0.010050251,1,0.5,92,2,0.02173913,0,0,13,0,0,0,
592518,Machado,Manuel,371,28,0.075471698,10,0.357142857,187,14,0.07486631,7,0.5,184,14,0.076086957,3,0.214285714,287,18,0.06271777,5,0.277777778,84,10,0.119047619,5,0.5,160,6,0.0375,2,0.333333333,151,5,0.033112583,1,0.2,9,1,0.111111111,1,1,130,8,0.061538462,2,0.25,97,5,0.051546392,0,0,33,3,0.090909091,2,0.666666667,77,13,0.168831169,6,0.461538462,39,8,0.205128205,4,0.5,38,5,0.131578947,2,0.4,4,1,0.25,0,0,0,0,,0,0,4,1,0.25,0,0,255,15,0.058823529,7,0.466666667,95,9,0.094736842,3,0.333333333,21,4,0.19047619,0,0
593428,Bogaerts,Xander,433,36,0.083140878,20,0.555555556,212,20,0.094339623,10,0.5,221,16,0.07239819,10,0.625,303,28,0.092409241,17,0.607142857,130,8,0.061538462,3,0.375,139,7,0.050359712,4,0.571428571,126,7,0.055555556,4,0.571428571,13,0,0,0,,173,14,0.080924855,7,0.5,119,11,0.092436975,7,0.636363636,54,3,0.055555556,0,0,117,14,0.11965812,9,0.642857143,57,9,0.157894737,6,0.666666667,60,5,0.083333333,3,0.6,4,1,0.25,0,0,1,1,1,0,0,3,0,0,0,0,281,21,0.074733096,11,0.523809524,131,13,0.099236641,7,0.538461538,21,2,0.095238095,2,1
593871,Polanco,Jorge,97,9,0.092783505,4,0.444444444,64,7,0.109375,3,0.428571429,33,2,0.060606061,1,0.5,62,5,0.080645161,2,0.4,35,4,0.114285714,2,0.5,35,3,0.085714286,1,0.333333333,28,3,0.107142857,1,0.333333333,7,0,0,0,,32,1,0.03125,1,1,21,1,0.047619048,1,1,11,0,0,0,,28,5,0.178571429,2,0.4,11,1,0.090909091,0,0,17,4,0.235294118,2,0.5,2,0,0,0,,2,0,0,0,,0,0,,0,,57,6,0.105263158,2,0.333333333,28,2,0.071428571,2,1,12,1,0.083333333,0,0
596115,Story,Trevor,142,2,0.014084507,2,1,69,0,0,0,,73,2,0.02739726,2,1,111,2,0.018018018,2,1,31,0,0,0,,55,1,0.018181818,1,1,50,1,0.02,1,1,5,0,0,0,,52,1,0.019230769,1,1,42,1,0.023809524,1,1,10,0,0,0,,33,0,0,0,,19,0,0,0,,14,0,0,0,,2,0,0,0,,0,0,,0,,2,0,0,0,,93,0,0,0,,42,2,0.047619048,2,1,7,0,0,0,
608369,Seager,Corey,126,7,0.055555556,5,0.714285714,63,4,0.063492063,2,0.5,63,3,0.047619048,3,1,100,5,0.05,4,0.8,26,2,0.076923077,1,0.5,61,2,0.032786885,2,1,58,2,0.034482759,2,1,3,0,0,0,,38,5,0.131578947,3,0.6,28,3,0.107142857,2,0.666666667,10,2,0.2,1,0.5,25,0,0,0,,13,0,0,0,,12,0,0,0,,2,0,0,0,,1,0,0,0,,1,0,0,0,,79,5,0.063291139,4,0.8,38,1,0.026315789,1,1,9,1,0.111111111,0,0
621493,Ward,Joseph,555,15,0.027027027,8,0.533333333,276,7,0.025362319,4,0.571428571,279,8,0.028673835,4,0.5,387,9,0.023255814,6,0.666666667,168,6,0.035714286,2,0.333333333,218,5,0.02293578,3,0.6,191,4,0.020942408,3,0.75,27,1,0.037037037,0,0,159,2,0.012578616,2,1,102,2,0.019607843,2,1,57,0,0,0,,169,8,0.047337278,3,0.375,90,3,0.033333333,1,0.333333333,79,5,0.063291139,2,0.4,9,0,0,0,,4,0,0,0,,5,0,0,0,,376,12,0.031914894,8,0.666666667,154,3,0.019480519,0,0,25,0,0,0,
641584,Fraley,Jake,63,9,0.142857143,5,0.555555556,27,2,0.074074074,1,0.5,36,7,0.194444444,4,0.571428571,40,3,0.075,1,0.333333333,23,6,0.260869565,4,0.666666667,29,3,0.103448276,1,0.333333333,28,3,0.107142857,1,0.333333333,1,0,0,0,,24,4,0.166666667,3,0.75,8,0,0,0,,16,4,0.25,3,0.75,10,2,0.2,1,0.5,4,0,0,0,,6,2,0.333333333,1,0.5,0,0,,0,,0,0,,0,,0,0,,0,,42,8,0.19047619,5,0.625,9,0,0,0,,12,1,0.083333333,0,0
650333,Arraez,Luis,439,6,0.013667426,3,0.5,208,3,0.014423077,2,0.666666667,231,3,0.012987013,1,0.333333333,311,4,0.012861736,3,0.75,128,2,0.015625,0,0,183,0,0,0,,163,0,0,0,,20,0,0,0,,141,2,0.014184397,1,0.5,95,2,0.021052632,1,0.5,46,0,0,0,,107,4,0.037383178,2,0.5,51,2,0.039215686,2,1,56,2,0.035714286,0,0,8,0,0,0,,2,0,0,0,,6,0,0,0,,331,3,0.009063444,1,0.333333333,90,3,0.033333333,2,0.666666667,18,0,0,0,
656537,Hill,Derek,108,7,0.064814815,2,0.285714286,46,3,0.065217391,2,0.666666667,62,4,0.064516129,0,0,66,4,0.060606061,1,0.25,42,3,0.071428571,1,0.333333333,30,0,0,0,,23,0,0,0,,7,0,0,0,,40,4,0.1,0,0,27,3,0.111111111,0,0,13,1,0.076923077,0,0,38,3,0.078947368,2,0.666666667,16,1,0.0625,1,1,22,2,0.090909091,1,0.5,0,0,,0,,0,0,,0,,0,0,,0,,77,6,0.077922078,2,0.333333333,27,1,0.037037037,0,0,4,0,0,0,
657656,Laureano,Ramón,104,5,0.048076923,2,0.4,50,1,0.02,0,0,54,4,0.074074074,2,0.5,77,4,0.051948052,2,0.5,27,1,0.037037037,0,0,40,2,0.05,1,0.5,37,2,0.054054054,1,0.5,3,0,0,0,,35,1,0.028571429,0,0,26,0,0,0,,9,1,0.111111111,0,0,28,2,0.071428571,1,0.5,14,2,0.142857143,1,0.5,14,0,0,0,,1,0,0,0,,0,0,,0,,1,0,0,0,,72,1,0.013888889,1,1,30,3,0.1,1,0.333333333,2,1,0.5,0,0
660271,Ohtani,Shohei,329,14,0.042553191,6,0.428571429,132,3,0.022727273,3,1,197,11,0.055837563,3,0.272727273,268,12,0.044776119,5,0.416666667,61,2,0.032786885,1,0.5,170,4,0.023529412,2,0.5,158,4,0.025316456,2,0.5,12,0,0,0,,82,3,0.036585366,1,0.333333333,64,3,0.046875,1,0.333333333,18,0,0,0,,75,7,0.093333333,3,0.428571429,45,5,0.111111111,2,0.4,30,2,0.066666667,1,0.5,2,0,0,0,,1,0,0,0,,1,0,0,0,,228,10,0.043859649,5,0.5,65,3,0.046153846,1,0.333333333,36,1,0.027777778,0,0
663616,Larnach,Trevor,290,13,0.044827586,7,0.538461538,141,8,0.056737589,5,0.625,149,5,0.033557047,2,0.4,202,7,0.034653465,4,0.571428571,88,6,0.068181818,3,0.5,127,3,0.023622047,1,0.333333333,115,3,0.026086957,1,0.333333333,12,0,0,0,,103,6,0.058252427,5,0.833333333,67,4,0.059701493,3,0.75,36,2,0.055555556,2,1,56,4,0.071428571,1,0.25,18,0,0,0,,38,4,0.105263158,1,0.25,4,0,0,0,,2,0,0,0,,2,0,0,0,,159,6,0.037735849,4,0.666666667,101,6,0.059405941,2,0.333333333,30,1,0.033333333,1,1
663656,Tucker,Kyle,282,14,0.04964539,6,0.428571429,127,6,0.047244094,3,0.5,155,8,0.051612903,3,0.375,213,8,0.037558685,6,0.75,69,6,0.086956522,0,0,102,3,0.029411765,2,0.666666667,94,2,0.021276596,2,1,8,1,0.125,0,0,104,1,0.009615385,0,0,79,1,0.012658228,0,0,25,0,0,0,,74,10,0.135135135,4,0.4,40,5,0.125,4,0.8,34,5,0.147058824,0,0,2,0,0,0,,0,0,,0,,2,0,0,0,,162,9,0.055555556,4,0.444444444,96,3,0.03125,1,0.333333333,24,2,0.083333333,1,0.5
663757,Grisham,Trenton,344,17,0.049418605,8,0.470588235,159,8,0.050314465,4,0.5,185,9,0.048648649,4,0.444444444,229,12,0.052401747,7,0.583333333,115,5,0.043478261,1,0.2,147,6,0.040816327,3,0.5,131,5,0.038167939,3,0.6,16,1,0.0625,0,0,98,6,0.06122449,3,0.5,53,5,0.094339623,3,0.6,45,1,0.022222222,0,0,97,5,0.051546392,2,0.4,45,2,0.044444444,1,0.5,52,3,0.057692308,1,0.333333333,2,0,0,0,,0,0,,0,,2,0,0,0,,203,10,0.049261084,5,0.5,117,5,0.042735043,2,0.4,24,2,0.083333333,1,0.5
664023,Happ,Ian,438,13,0.029680365,6,0.461538462,219,6,0.02739726,4,0.666666667,219,7,0.03196347,2,0.285714286,343,10,0.029154519,6,0.6,95,3,0.031578947,0,0,172,3,0.01744186,1,0.333333333,161,3,0.01863354,1,0.333333333,11,0,0,0,,145,4,0.027586207,3,0.75,117,4,0.034188034,3,0.75,28,0,0,0,,118,6,0.050847458,2,0.333333333,63,3,0.047619048,2,0.666666667,55,3,0.054545455,0,0,3,0,0,0,,2,0,0,0,,1,0,0,0,,244,6,0.024590164,2,0.333333333,94,4,0.042553191,2,0.5,100,3,0.03,2,0.666666667
664040,Lowe,Brandon,303,2,0.00660066,1,0.5,167,2,0.011976048,1,0.5,136,0,0,0,,206,2,0.009708738,1,0.5,97,0,0,0,,121,2,0.016528926,1,0.5,107,2,0.018691589,1,0.5,14,0,0,0,,102,0,0,0,,64,0,0,0,,38,0,0,0,,77,0,0,0,,35,0,0,0,,42,0,0,0,,3,0,0,0,,0,0,,0,,3,0,0,0,,199,0,0,0,,92,2,0.02173913,1,0.5,12,0,0,0,
665804,Amaya,Miguel,146,7,0.047945205,4,0.571428571,87,6,0.068965517,3,0.5,59,1,0.016949153,1,1,116,5,0.043103448,3,0.6,30,2,0.066666667,1,0.5,50,1,0.02,1,1,48,1,0.020833333,1,1,2,0,0,0,,53,3,0.056603774,1,0.333333333,40,2,0.05,0,0,13,1,0.076923077,1,1,42,2,0.047619048,2,1,28,2,0.071428571,2,1,14,0,0,0,,1,1,1,0,0,0,0,,0,0,1,1,1,0,0,94,5,0.053191489,3,0.6,47,2,0.042553191,1,0.5,5,0,0,0,
666181,Benson,William,70,4,0.057142857,3,0.75,36,4,0.111111111,3,0.75,34,0,0,0,,50,2,0.04,2,1,20,2,0.1,1,0.5,28,0,0,0,,27,0,0,0,,1,0,0,0,,21,1,0.047619048,1,1,12,0,0,0,,9,1,0.111111111,1,1,20,3,0.15,2,0.666666667,11,2,0.181818182,2,1,9,1,0.111111111,0,0,1,0,0,0,,0,0,,0,,1,0,0,0,,45,3,0.066666667,2,0.666666667,17,1,0.058823529,1,1,8,0,0,0,
668227,Arozarena,Randy,462,28,0.060606061,11,0.392857143,217,13,0.059907834,5,0.384615385,245,15,0.06122449,6,0.4,335,18,0.053731343,9,0.5,127,10,0.078740157,2,0.2,189,11,0.058201058,5,0.454545455,166,9,0.054216867,4,0.444444444,23,2,0.086956522,1,0.5,153,9,0.058823529,4,0.444444444,108,6,0.055555556,4,0.666666667,45,3,0.066666667,0,0,117,8,0.068376068,2,0.25,60,3,0.05,1,0.333333333,57,5,0.087719298,1,0.2,3,0,0,0,,1,0,0,0,,2,0,0,0,,293,12,0.040955631,2,0.166666667,132,12,0.090909091,7,0.583333333,37,4,0.108108108,2,0.5
668800,Knizner,Andrew,52,2,0.038461538,1,0.5,24,0,0,0,,28,2,0.071428571,1,0.5,36,1,0.027777778,1,1,16,1,0.0625,0,0,19,0,0,0,,18,0,0,0,,1,0,0,0,,16,0,0,0,,9,0,0,0,,7,0,0,0,,16,2,0.125,1,0.5,9,1,0.111111111,1,1,7,1,0.142857143,0,0,1,0,0,0,,0,0,,0,,1,0,0,0,,35,1,0.028571429,0,0,12,0,0,0,,5,1,0.2,1,1
669003,Mitchell,Garrett,323,10,0.030959752,3,0.3,136,4,0.029411765,1,0.25,187,6,0.032085561,2,0.333333333,210,5,0.023809524,2,0.4,113,5,0.044247788,1,0.2,110,3,0.027272727,1,0.333333333,99,2,0.02020202,1,0.5,11,1,0.090909091,0,0,112,2,0.017857143,1,0.5,73,2,0.02739726,1,0.5,39,0,0,0,,97,5,0.051546392,1,0.2,37,1,0.027027027,0,0,60,4,0.066666667,1,0.25,4,0,0,0,,1,0,0,0,,3,0,0,0,,213,9,0.042253521,3,0.333333333,79,1,0.012658228,0,0,31,0,0,0,
670231,Rave,John,118,4,0.033898305,2,0.5,50,1,0.02,0,0,68,3,0.044117647,2,0.666666667,87,3,0.034482759,1,0.333333333,31,1,0.032258065,1,1,32,0,0,0,,28,0,0,0,,4,0,0,0,,50,3,0.06,1,0.333333333,40,3,0.075,1,0.333333333,10,0,0,0,,35,1,0.028571429,1,1,19,0,0,0,,16,1,0.0625,1,1,1,0,0,0,,0,0,,0,,1,0,0,0,,73,4,0.054794521,2,0.5,34,0,0,0,,11,0,0,0,
677588,Tena,José,170,10,0.058823529,3,0.3,89,3,0.033707865,0,0,81,7,0.086419753,3,0.428571429,99,6,0.060606061,1,0.166666667,71,4,0.056338028,2,0.5,46,1,0.02173913,0,0,41,1,0.024390244,0,0,5,0,0,0,,50,1,0.02,1,1,29,0,0,0,,21,1,0.047619048,1,1,74,8,0.108108108,2,0.25,29,5,0.172413793,1,0.2,45,3,0.066666667,1,0.333333333,0,0,,0,,0,0,,0,,0,0,,0,,80,3,0.0375,0,0,71,3,0.042253521,1,0.333333333,19,4,0.210526316,2,0.5
677870,Jimenez,Leonardo,137,4,0.02919708,2,0.5,56,3,0.053571429,1,0.333333333,81,1,0.012345679,1,1,85,2,0.023529412,0,0,52,2,0.038461538,2,1,42,0,0,0,,35,0,0,0,,7,0,0,0,,49,2,0.040816327,1,0.5,31,1,0.032258065,0,0,18,1,0.055555556,1,1,44,2,0.045454545,1,0.5,19,1,0.052631579,0,0,25,1,0.04,1,1,2,0,0,0,,0,0,,0,,2,0,0,0,,86,2,0.023255814,1,0.5,42,2,0.047619048,1,0.5,9,0,0,0,
678554,Mead,Curtis,277,10,0.036101083,3,0.3,131,4,0.030534351,0,0,146,6,0.04109589,3,0.5,191,6,0.031413613,0,0,86,4,0.046511628,3,0.75,92,1,0.010869565,0,0,86,1,0.011627907,0,0,6,0,0,0,,86,5,0.058139535,1,0.2,62,4,0.064516129,0,0,24,1,0.041666667,1,1,94,3,0.031914894,1,0.333333333,43,1,0.023255814,0,0,51,2,0.039215686,1,0.5,5,1,0.2,1,1,0,0,,0,0,5,1,0.2,1,1,184,6,0.032608696,3,0.5,81,2,0.024691358,0,0,12,2,0.166666667,0,0
680574,McLain,Matthew,358,6,0.016759777,6,1,171,1,0.005847953,1,1,187,5,0.026737968,5,1,267,5,0.018726592,5,1,91,1,0.010989011,1,1,112,1,0.008928571,1,1,99,1,0.01010101,1,1,13,0,0,0,,119,2,0.016806723,2,1,90,1,0.011111111,1,1,29,1,0.034482759,1,1,124,3,0.024193548,3,1,78,3,0.038461538,3,1,46,0,0,0,,3,0,0,0,,0,0,,0,,3,0,0,0,,223,2,0.00896861,2,1,116,4,0.034482759,4,1,19,0,0,0,
681198,Rumfield,Toby,272,15,0.055147059,7,0.466666667,126,9,0.071428571,5,0.555555556,146,6,0.04109589,2,0.333333333,188,12,0.063829787,7,0.583333333,84,3,0.035714286,0,0,121,8,0.066115702,4,0.5,108,8,0.074074074,4,0.5,13,0,0,0,,89,3,0.033707865,2,0.666666667,57,2,0.035087719,2,1,32,1,0.03125,0,0,62,4,0.064516129,1,0.25,23,2,0.086956522,1,0.5,39,2,0.051282051,0,0,0,0,,0,,0,0,,0,,0,0,,0,,172,4,0.023255814,1,0.25,83,10,0.120481928,6,0.6,17,1,0.058823529,0,0
682177,Schneemann,Daniel,161,5,0.031055901,2,0.4,70,0,0,0,,91,5,0.054945055,2,0.4,103,4,0.038834951,1,0.25,58,1,0.017241379,1,1,63,2,0.031746032,0,0,54,2,0.037037037,0,0,9,0,0,0,,50,2,0.04,1,0.5,32,2,0.0625,1,0.5,18,0,0,0,,46,1,0.02173913,1,1,17,0,0,0,,29,1,0.034482759,1,1,2,0,0,0,,0,0,,0,,2,0,0,0,,103,2,0.019417476,1,0.5,45,3,0.066666667,1,0.333333333,13,0,0,0,
682927,Simon,Ronny,36,5,0.138888889,2,0.4,27,4,0.148148148,2,0.5,9,1,0.111111111,0,0,19,1,0.052631579,0,0,17,4,0.235294118,2,0.5,13,0,0,0,,13,0,0,0,,0,0,,0,,10,1,0.1,0,0,5,1,0.2,0,0,5,0,0,0,,13,4,0.307692308,2,0.5,1,0,0,0,,12,4,0.333333333,2,0.5,0,0,,0,,0,0,,0,,0,0,,0,,25,4,0.16,2,0.5,4,1,0.25,0,0,7,0,0,0,
683227,Freeman,Cody,88,2,0.022727273,1,0.5,41,0,0,0,,47,2,0.042553191,1,0.5,61,1,0.016393443,0,0,27,1,0.037037037,1,1,26,0,0,0,,21,0,0,0,,5,0,0,0,,32,0,0,0,,24,0,0,0,,8,0,0,0,,29,2,0.068965517,1,0.5,15,1,0.066666667,0,0,14,1,0.071428571,1,1,1,0,0,0,,1,0,0,0,,0,0,,0,,74,2,0.027027027,1,0.5,14,0,0,0,,0,0,,0,
683953,Bazzana,Travis,313,18,0.057507987,8,0.444444444,158,9,0.056962025,4,0.444444444,155,9,0.058064516,4,0.444444444,213,13,0.061032864,7,0.538461538,100,5,0.05,1,0.2,131,8,0.061068702,5,0.625,112,5,0.044642857,4,0.8,19,3,0.157894737,1,0.333333333,101,3,0.02970297,1,0.333333333,71,2,0.028169014,1,0.5,30,1,0.033333333,0,0,79,7,0.088607595,2,0.285714286,30,6,0.2,2,0.333333333,49,1,0.020408163,0,0,2,0,0,0,,0,0,,0,,2,0,0,0,,148,10,0.067567568,5,0.5,133,7,0.052631579,3,0.428571429,32,1,0.03125,0,0
687859,Johnston,Troy,195,6,0.030769231,0,0,95,1,0.010526316,0,0,100,5,0.05,0,0,127,4,0.031496063,0,0,68,2,0.029411765,0,0,64,0,0,0,,59,0,0,0,,5,0,0,0,,71,3,0.042253521,0,0,41,2,0.048780488,0,0,30,1,0.033333333,0,0,59,3,0.050847458,0,0,27,2,0.074074074,0,0,32,1,0.03125,0,0,1,0,0,0,,0,0,,0,,1,0,0,0,,141,5,0.035460993,0,0,42,1,0.023809524,0,0,12,0,0,0,
691728,Veen,Zachary,22,2,0.090909091,1,0.5,8,1,0.125,0,0,14,1,0.071428571,1,1,12,1,0.083333333,1,1,10,1,0.1,0,0,6,0,0,0,,5,0,0,0,,1,0,0,0,,4,0,0,0,,1,0,0,0,,3,0,0,0,,12,2,0.166666667,1,0.5,6,1,0.166666667,1,1,6,1,0.166666667,0,0,0,0,,0,,0,0,,0,,0,0,,0,,16,2,0.125,1,0.5,4,0,0,0,,2,0,0,0,
695506,Caglianone,Jeffrey,222,9,0.040540541,5,0.555555556,122,3,0.024590164,2,0.666666667,100,6,0.06,3,0.5,173,7,0.040462428,4,0.571428571,49,2,0.040816327,1,0.5,70,2,0.028571429,1,0.5,64,2,0.03125,1,0.5,6,0,0,0,,86,3,0.034883721,2,0.666666667,66,2,0.03030303,1,0.5,20,1,0.05,1,1,65,3,0.046153846,2,0.666666667,43,3,0.069767442,2,0.666666667,22,0,0,0,,1,1,1,0,0,0,0,,0,0,1,1,1,0,0,140,8,0.057142857,4,0.5,57,0,0,0,,25,1,0.04,1,1
696030,Osuna,Tadeo,155,8,0.051612903,5,0.625,78,3,0.038461538,2,0.666666667,77,5,0.064935065,3,0.6,119,5,0.042016807,5,1,36,3,0.083333333,0,0,49,0,0,0,,44,0,0,0,,5,0,0,0,,63,5,0.079365079,3,0.6,48,3,0.0625,3,1,15,2,0.133333333,0,0,43,3,0.069767442,2,0.666666667,27,2,0.074074074,2,1,16,1,0.0625,0,0,0,0,,0,,0,0,,0,,0,0,,0,,117,5,0.042735043,2,0.4,28,2,0.071428571,2,1,10,1,0.1,1,1
699013,Valdez,Esmerlyn,198,16,0.080808081,9,0.5625,85,2,0.023529412,0,0,113,14,0.123893805,9,0.642857143,136,12,0.088235294,6,0.5,62,4,0.064516129,3,0.75,70,6,0.085714286,4,0.666666667,63,6,0.095238095,4,0.666666667,7,0,0,0,,68,3,0.044117647,1,0.333333333,49,2,0.040816327,1,0.5,19,1,0.052631579,0,0,58,7,0.120689655,4,0.571428571,24,4,0.166666667,1,0.25,34,3,0.088235294,3,1,2,0,0,0,,0,0,,0,,2,0,0,0,,110,11,0.1,5,0.454545455,65,5,0.076923077,4,0.8,23,0,0,0,
701350,Anthony,Roman,192,6,0.03125,2,0.333333333,96,1,0.010416667,0,0,96,5,0.052083333,2,0.4,143,2,0.013986014,0,0,49,4,0.081632653,2,0.5,81,2,0.024691358,1,0.5,71,0,0,0,,10,2,0.2,1,0.5,49,2,0.040816327,0,0,40,1,0.025,0,0,9,1,0.111111111,0,0,61,2,0.032786885,1,0.5,32,1,0.03125,0,0,29,1,0.034482759,1,1,1,0,0,0,,0,0,,0,,1,0,0,0,,115,3,0.026086957,0,0,56,3,0.053571429,2,0.666666667,21,0,0,0,
703155,Montes,Lazaro,36,3,0.083333333,1,0.333333333,21,1,0.047619048,1,1,15,2,0.133333333,0,0,21,2,0.095238095,1,0.5,15,1,0.066666667,0,0,9,0,0,0,,6,0,0,0,,3,0,0,0,,12,1,0.083333333,0,0,8,1,0.125,0,0,4,0,0,0,,15,2,0.133333333,1,0.5,7,1,0.142857143,1,1,8,1,0.125,0,0,0,0,,0,,0,0,,0,,0,0,,0,,18,2,0.111111111,0,0,15,0,0,0,,3,1,0.333333333,1,1
703607,Bolte,Henry,228,13,0.057017544,7,0.538461538,113,5,0.044247788,3,0.6,115,8,0.069565217,4,0.5,161,10,0.062111801,6,0.6,67,3,0.044776119,1,0.333333333,82,3,0.036585366,2,0.666666667,78,3,0.038461538,2,0.666666667,4,0,0,0,,79,6,0.075949367,3,0.5,50,4,0.08,2,0.5,29,2,0.068965517,1,0.5,64,4,0.0625,2,0.5,33,3,0.090909091,2,0.666666667,31,1,0.032258065,0,0,3,0,0,0,,0,0,,0,,3,0,0,0,,157,12,0.076433121,6,0.5,54,0,0,0,,17,1,0.058823529,1,1
802139,Wetherholt,Jonathan,427,9,0.021077283,5,0.555555556,211,3,0.014218009,0,0,216,6,0.027777778,5,0.833333333,347,6,0.017291066,4,0.666666667,80,3,0.0375,1,0.333333333,200,0,0,0,,192,0,0,0,,8,0,0,0,,104,2,0.019230769,2,1,83,2,0.024096386,2,1,21,0,0,0,,119,7,0.058823529,3,0.428571429,71,4,0.056338028,2,0.5,48,3,0.0625,1,0.333333333,4,0,0,0,,1,0,0,0,,3,0,0,0,,279,3,0.010752688,2,0.666666667,117,6,0.051282051,3,0.5,31,0,0,0,
803011,Antonacci,Samuel,358,31,0.086592179,13,0.419354839,180,14,0.077777778,5,0.357142857,178,17,0.095505618,8,0.470588235,250,22,0.088,9,0.409090909,108,9,0.083333333,4,0.444444444,158,11,0.069620253,4,0.363636364,143,11,0.076923077,4,0.363636364,15,0,0,0,,112,12,0.107142857,6,0.5,71,8,0.112676056,5,0.625,41,4,0.097560976,1,0.25,83,8,0.096385542,3,0.375,36,3,0.083333333,0,0,47,5,0.106382979,3,0.6,5,0,0,0,,0,0,,0,,5,0,0,0,,236,22,0.093220339,11,0.5,90,8,0.088888889,2,0.25,32,1,0.03125,0,0
805300,Marsee,Jakob,417,13,0.03117506,8,0.615384615,190,6,0.031578947,5,0.833333333,227,7,0.030837004,3,0.428571429,291,8,0.027491409,6,0.75,126,5,0.03968254,2,0.4,158,3,0.018987342,3,1,142,3,0.021126761,3,1,16,0,0,0,,140,5,0.035714286,2,0.4,92,3,0.032608696,2,0.666666667,48,2,0.041666667,0,0,117,5,0.042735043,3,0.6,57,2,0.035087719,1,0.5,60,3,0.05,2,0.666666667,2,0,0,0,,0,0,,0,,2,0,0,0,,287,9,0.031358885,6,0.666666667,105,4,0.038095238,2,0.5,25,0,0,0,
805367,Meidroth,Chase,509,12,0.023575639,5,0.416666667,222,7,0.031531532,2,0.285714286,287,5,0.017421603,3,0.6,317,7,0.022082019,4,0.571428571,192,5,0.026041667,1,0.2,193,4,0.020725389,2,0.5,157,3,0.01910828,2,0.666666667,36,1,0.027777778,0,0,178,2,0.011235955,2,1,111,2,0.018018018,2,1,67,0,0,0,,129,4,0.031007752,1,0.25,49,2,0.040816327,0,0,80,2,0.025,1,0.5,9,2,0.222222222,0,0,0,0,,0,0,9,2,0.222222222,0,0,375,7,0.018666667,3,0.428571429,114,5,0.043859649,2,0.4,20,0,0,0,
810938,Williamson,Benjamin,232,5,0.021551724,3,0.6,126,2,0.015873016,2,1,106,3,0.028301887,1,0.333333333,149,5,0.033557047,3,0.6,83,0,0,0,,73,1,0.01369863,1,1,59,1,0.016949153,1,1,14,0,0,0,,83,3,0.036144578,2,0.666666667,52,3,0.057692308,2,0.666666667,31,0,0,0,,71,1,0.014084507,0,0,38,1,0.026315789,0,0,33,0,0,0,,5,0,0,0,,0,0,,0,,5,0,0,0,,140,1,0.007142857,1,1,75,3,0.04,2,0.666666667,17,1,0.058823529,0,0
606192,Hernández,Teoscar,302,20,0.066225166,11,0.55,149,12,0.080536913,7,0.583333333,153,8,0.052287582,4,0.5,231,11,0.047619048,7,0.636363636,71,9,0.126760563,4,0.444444444,105,2,0.019047619,1,0.5,100,2,0.02,1,0.5,5,0,0,0,,103,6,0.058252427,4,0.666666667,74,3,0.040540541,3,1,29,3,0.103448276,1,0.333333333,92,11,0.119565217,5,0.454545455,57,6,0.105263158,3,0.5,35,5,0.142857143,2,0.4,2,1,0.5,1,1,0,0,,0,0,2,1,0.5,1,1,215,16,0.074418605,11,0.6875,67,4,0.059701493,0,0,20,0,0,0,
606466,Marte,Ketel,342,11,0.032163743,5,0.454545455,174,4,0.022988506,3,0.75,168,7,0.041666667,2,0.285714286,266,8,0.030075188,4,0.5,76,3,0.039473684,1,0.333333333,155,1,0.006451613,0,0,145,1,0.006896552,0,0,10,0,0,0,,89,3,0.033707865,1,0.333333333,64,2,0.03125,1,0.5,25,1,0.04,0,0,98,7,0.071428571,4,0.571428571,57,5,0.087719298,3,0.6,41,2,0.048780488,1,0.5,0,0,,0,,0,0,,0,,0,0,,0,,182,2,0.010989011,0,0,104,5,0.048076923,2,0.4,56,4,0.071428571,3,0.75
608701,Refsnyder,Robert,94,4,0.042553191,3,0.75,44,2,0.045454545,2,1,50,2,0.04,1,0.5,64,2,0.03125,1,0.5,30,2,0.066666667,2,1,31,0,0,0,,30,0,0,0,,1,0,0,0,,39,2,0.051282051,2,1,26,0,0,0,,13,2,0.153846154,2,1,22,2,0.090909091,1,0.5,8,2,0.25,1,0.5,14,0,0,0,,2,0,0,0,,0,0,,0,,2,0,0,0,,49,2,0.040816327,2,1,32,1,0.03125,0,0,13,1,0.076923077,1,1
621043,Correa,Carlos,94,3,0.031914894,2,0.666666667,48,2,0.041666667,1,0.5,46,1,0.02173913,1,1,59,2,0.033898305,2,1,35,1,0.028571429,0,0,37,2,0.054054054,2,1,32,2,0.0625,2,1,5,0,0,0,,31,1,0.032258065,0,0,18,0,0,0,,13,1,0.076923077,0,0,24,0,0,0,,9,0,0,0,,15,0,0,0,,2,0,0,0,,0,0,,0,,2,0,0,0,,64,3,0.046875,2,0.666666667,29,0,0,0,,1,0,0,0,
650402,Torres,Gleyber,281,15,0.053380783,8,0.533333333,130,6,0.046153846,3,0.5,151,9,0.059602649,5,0.555555556,235,12,0.05106383,8,0.666666667,46,3,0.065217391,0,0,124,3,0.024193548,2,0.666666667,121,3,0.024793388,2,0.666666667,3,0,0,0,,76,4,0.052631579,2,0.5,59,4,0.06779661,2,0.5,17,0,0,0,,81,8,0.098765432,4,0.5,55,5,0.090909091,4,0.8,26,3,0.115384615,0,0,0,0,,0,,0,0,,0,,0,0,,0,,158,9,0.056962025,5,0.555555556,98,5,0.051020408,3,0.6,25,1,0.04,0,0
656716,McKinstry,Zachary,262,6,0.022900763,4,0.666666667,135,2,0.014814815,1,0.5,127,4,0.031496063,3,0.75,190,3,0.015789474,2,0.666666667,72,3,0.041666667,2,0.666666667,68,0,0,0,,60,0,0,0,,8,0,0,0,,107,1,0.009345794,1,1,85,1,0.011764706,1,1,22,0,0,0,,84,5,0.05952381,3,0.6,44,2,0.045454545,1,0.5,40,3,0.075,2,0.666666667,3,0,0,0,,1,0,0,0,,2,0,0,0,,163,2,0.012269939,2,1,76,3,0.039473684,2,0.666666667,23,1,0.043478261,0,0
657136,Wong,Connor,145,5,0.034482759,3,0.6,64,2,0.03125,1,0.5,81,3,0.037037037,2,0.666666667,101,4,0.03960396,2,0.5,44,1,0.022727273,1,1,51,2,0.039215686,1,0.5,47,2,0.042553191,1,0.5,4,0,0,0,,50,2,0.04,2,1,38,1,0.026315789,1,1,12,1,0.083333333,1,1,44,1,0.022727273,0,0,16,1,0.0625,0,0,28,0,0,0,,0,0,,0,,0,0,,0,,0,0,,0,,101,4,0.03960396,3,0.75,41,1,0.024390244,0,0,3,0,0,0,
665926,Giménez,Andrés,230,15,0.065217391,4,0.266666667,111,7,0.063063063,1,0.142857143,119,8,0.067226891,3,0.375,154,8,0.051948052,2,0.25,76,7,0.092105263,2,0.285714286,75,3,0.04,1,0.333333333,62,1,0.016129032,0,0,13,2,0.153846154,1,0.5,81,4,0.049382716,0,0,51,3,0.058823529,0,0,30,1,0.033333333,0,0,72,8,0.111111111,3,0.375,41,4,0.097560976,2,0.5,31,4,0.129032258,1,0.25,2,0,0,0,,0,0,,0,,2,0,0,0,,156,9,0.057692308,3,0.333333333,63,5,0.079365079,1,0.2,11,1,0.090909091,0,0
666160,Moniak,McKenzie,146,4,0.02739726,2,0.5,73,2,0.02739726,1,0.5,73,2,0.02739726,1,0.5,97,4,0.041237113,2,0.5,49,0,0,0,,49,1,0.020408163,0,0,41,1,0.024390244,0,0,8,0,0,0,,53,1,0.018867925,1,1,35,1,0.028571429,1,1,18,0,0,0,,43,2,0.046511628,1,0.5,20,2,0.1,1,0.5,23,0,0,0,,1,0,0,0,,1,0,0,0,,0,0,,0,,82,3,0.036585366,1,0.333333333,50,1,0.02,1,1,14,0,0,0,
668723,Vilade,Ryan,149,8,0.053691275,5,0.625,75,4,0.053333333,2,0.5,74,4,0.054054054,3,0.75,104,8,0.076923077,5,0.625,45,0,0,0,,58,2,0.034482759,2,1,51,2,0.039215686,2,1,7,0,0,0,,51,1,0.019607843,1,1,30,1,0.033333333,1,1,21,0,0,0,,39,5,0.128205128,2,0.4,23,5,0.217391304,2,0.4,16,0,0,0,,1,0,0,0,,0,0,,0,,1,0,0,0,,98,8,0.081632653,5,0.625,37,0,0,0,,14,0,0,0,
671218,Ramos,Heliot,249,18,0.072289157,10,0.555555556,133,10,0.07518797,7,0.7,116,8,0.068965517,3,0.375,170,11,0.064705882,5,0.454545455,79,7,0.088607595,5,0.714285714,97,7,0.072164948,3,0.428571429,87,6,0.068965517,3,0.5,10,1,0.1,0,0,85,4,0.047058824,2,0.5,49,2,0.040816327,0,0,36,2,0.055555556,2,1,64,7,0.109375,5,0.714285714,33,3,0.090909091,2,0.666666667,31,4,0.129032258,3,0.75,3,0,0,0,,1,0,0,0,,2,0,0,0,,181,16,0.08839779,8,0.5,52,2,0.038461538,2,1,16,0,0,0,
671277,García,Luis,249,11,0.044176707,5,0.454545455,127,5,0.039370079,2,0.4,122,6,0.049180328,3,0.5,176,7,0.039772727,3,0.428571429,73,4,0.054794521,2,0.5,97,3,0.030927835,1,0.333333333,88,2,0.022727273,1,0.5,9,1,0.111111111,0,0,67,1,0.014925373,1,1,46,0,0,0,,21,1,0.047619048,1,1,83,6,0.072289157,3,0.5,42,5,0.119047619,2,0.4,41,1,0.024390244,1,1,2,1,0.5,0,0,0,0,,0,0,2,1,0.5,0,0,169,5,0.029585799,2,0.4,50,4,0.08,3,0.75,30,2,0.066666667,0,0
671655,Valera,George,15,2,0.133333333,0,0,6,1,0.166666667,0,0,9,1,0.111111111,0,0,11,2,0.181818182,0,0,4,0,0,0,,7,1,0.142857143,0,0,7,1,0.142857143,0,0,0,0,,0,,4,1,0.25,0,0,3,1,0.333333333,0,0,1,0,0,0,,4,0,0,0,,1,0,0,0,,3,0,0,0,,0,0,,0,,0,0,,0,,0,0,,0,,9,1,0.111111111,0,0,1,0,0,0,,5,1,0.2,0,0
671976,Peters,Tristan,160,11,0.06875,7,0.636363636,72,5,0.069444444,3,0.6,88,6,0.068181818,4,0.666666667,93,9,0.096774194,6,0.666666667,67,2,0.029850746,1,0.5,50,3,0.06,2,0.666666667,40,3,0.075,2,0.666666667,10,0,0,0,,60,3,0.05,1,0.333333333,35,2,0.057142857,1,0.5,25,1,0.04,0,0,49,4,0.081632653,3,0.75,18,4,0.222222222,3,0.75,31,0,0,0,,1,1,1,1,1,0,0,,0,0,1,1,1,1,1,98,5,0.051020408,4,0.8,49,6,0.12244898,3,0.5,13,0,0,0,
672284,Kelenic,Jarred,50,3,0.06,1,0.333333333,21,1,0.047619048,0,0,29,2,0.068965517,1,0.5,39,2,0.051282051,1,0.5,11,1,0.090909091,0,0,13,0,0,0,,12,0,0,0,,1,0,0,0,,19,3,0.157894737,1,0.333333333,18,2,0.111111111,1,0.5,1,1,1,0,0,18,0,0,0,,9,0,0,0,,9,0,0,0,,0,0,,0,,0,0,,0,,0,0,,0,,33,1,0.03030303,1,1,13,1,0.076923077,0,0,4,1,0.25,0,0
672515,Moreno,Gabriel,501,25,0.0499002,17,0.68,269,18,0.066914498,14,0.777777778,232,7,0.030172414,3,0.428571429,363,16,0.044077135,11,0.6875,138,9,0.065217391,6,0.666666667,168,6,0.035714286,5,0.833333333,159,6,0.037735849,5,0.833333333,9,0,0,0,,171,5,0.029239766,4,0.8,119,2,0.016806723,2,1,52,3,0.057692308,2,0.666666667,155,14,0.090322581,8,0.571428571,84,8,0.095238095,4,0.5,71,6,0.084507042,4,0.666666667,7,0,0,0,,1,0,0,0,,6,0,0,0,,338,17,0.050295858,11,0.647058824,140,5,0.035714286,3,0.6,23,3,0.130434783,3,1
673490,Kim,Ha-Seong,137,4,0.02919708,3,0.75,64,1,0.015625,1,1,73,3,0.04109589,2,0.666666667,101,2,0.01980198,2,1,36,2,0.055555556,1,0.5,37,0,0,0,,33,0,0,0,,4,0,0,0,,52,1,0.019230769,1,1,41,1,0.024390244,1,1,11,0,0,0,,46,3,0.065217391,2,0.666666667,27,1,0.037037037,1,1,19,2,0.105263158,1,0.5,2,0,0,0,,0,0,,0,,2,0,0,0,,105,2,0.019047619,1,0.5,30,2,0.066666667,2,1,2,0,0,0,
677587,Rocchio,Brayan,315,18,0.057142857,9,0.5,155,8,0.051612903,3,0.375,160,10,0.0625,6,0.6,203,9,0.044334975,5,0.555555556,112,9,0.080357143,4,0.444444444,113,4,0.03539823,3,0.75,97,4,0.041237113,3,0.75,16,0,0,0,,111,7,0.063063063,4,0.571428571,70,4,0.057142857,2,0.5,41,3,0.073170732,2,0.666666667,91,7,0.076923077,2,0.285714286,36,1,0.027777778,0,0,55,6,0.109090909,2,0.333333333,0,0,,0,,0,0,,0,,0,0,,0,,165,10,0.060606061,3,0.3,112,5,0.044642857,3,0.6,38,3,0.078947368,3,1
678246,Vargas,Miguel,365,24,0.065753425,13,0.541666667,189,8,0.042328042,5,0.625,176,16,0.090909091,8,0.5,257,19,0.073929961,11,0.578947368,108,5,0.046296296,2,0.4,173,13,0.075144509,5,0.384615385,151,12,0.079470199,5,0.416666667,22,1,0.045454545,0,0,111,7,0.063063063,5,0.714285714,74,6,0.081081081,5,0.833333333,37,1,0.027027027,0,0,75,3,0.04,3,1,32,1,0.03125,1,1,43,2,0.046511628,2,1,6,1,0.166666667,0,0,0,0,,0,0,6,1,0.166666667,0,0,227,14,0.061674009,8,0.571428571,117,8,0.068376068,5,0.625,21,2,0.095238095,0,0
681351,O'Hoppe,Logan,128,7,0.0546875,2,0.285714286,58,3,0.051724138,2,0.666666667,70,4,0.057142857,0,0,83,5,0.060240964,2,0.4,45,2,0.044444444,0,0,46,3,0.065217391,1,0.333333333,40,3,0.075,1,0.333333333,6,0,0,0,,41,2,0.048780488,0,0,24,0,0,0,,17,2,0.117647059,0,0,41,2,0.048780488,1,0.5,19,2,0.105263158,1,0.5,22,0,0,0,,0,0,,0,,0,0,,0,,0,0,,0,,98,7,0.071428571,2,0.285714286,20,0,0,0,,10,0,0,0,
681481,Carpenter,Kerry,151,6,0.039735099,2,0.333333333,75,3,0.04,0,0,76,3,0.039473684,2,0.666666667,124,4,0.032258065,1,0.25,27,2,0.074074074,1,0.5,57,0,0,0,,54,0,0,0,,3,0,0,0,,58,4,0.068965517,1,0.25,47,4,0.085106383,1,0.25,11,0,0,0,,36,2,0.055555556,1,0.5,23,0,0,0,,13,2,0.153846154,1,0.5,0,0,,0,,0,0,,0,,0,0,,0,,89,3,0.033707865,1,0.333333333,57,3,0.052631579,1,0.333333333,5,0,0,0,
682626,Alvarez,Francisco,281,24,0.085409253,10,0.416666667,145,12,0.082758621,4,0.333333333,136,12,0.088235294,6,0.5,180,15,0.083333333,5,0.333333333,101,9,0.089108911,5,0.555555556,106,6,0.056603774,4,0.666666667,91,4,0.043956044,2,0.5,15,2,0.133333333,2,1,82,10,0.12195122,3,0.3,55,9,0.163636364,3,0.333333333,27,1,0.037037037,0,0,88,7,0.079545455,2,0.285714286,34,2,0.058823529,0,0,54,5,0.092592593,2,0.4,5,1,0.2,1,1,0,0,,0,0,5,1,0.2,1,1,185,15,0.081081081,6,0.4,77,6,0.077922078,3,0.5,19,3,0.157894737,1,0.333333333
682928,Abrams,Paul,346,14,0.040462428,12,0.857142857,156,4,0.025641026,3,0.75,190,10,0.052631579,9,0.9,232,12,0.051724138,10,0.833333333,114,2,0.01754386,2,1,130,6,0.046153846,5,0.833333333,119,6,0.050420168,5,0.833333333,11,0,0,0,,121,6,0.049586777,5,0.833333333,79,5,0.063291139,4,0.8,42,1,0.023809524,1,1,93,2,0.021505376,2,1,34,1,0.029411765,1,1,59,1,0.016949153,1,1,2,0,0,0,,0,0,,0,,2,0,0,0,,198,5,0.025252525,4,0.8,124,7,0.056451613,6,0.857142857,24,2,0.083333333,2,1
686527,Canzone,Dominic,324,13,0.040123457,5,0.384615385,151,5,0.033112583,2,0.4,173,8,0.046242775,3,0.375,236,10,0.042372881,4,0.4,88,3,0.034090909,1,0.333333333,141,4,0.028368794,2,0.5,128,4,0.03125,2,0.5,13,0,0,0,,106,2,0.018867925,1,0.5,76,1,0.013157895,1,1,30,1,0.033333333,0,0,75,7,0.093333333,2,0.285714286,31,5,0.161290323,1,0.2,44,2,0.045454545,1,0.5,2,0,0,0,,1,0,0,0,,1,0,0,0,,192,8,0.041666667,3,0.375,98,4,0.040816327,1,0.25,34,1,0.029411765,1,1
687401,Ortiz,Joseph,300,7,0.023333333,4,0.571428571,153,3,0.019607843,1,0.333333333,147,4,0.027210884,3,0.75,194,4,0.020618557,1,0.25,106,3,0.028301887,3,1,100,1,0.01,1,1,78,0,0,0,,22,1,0.045454545,1,1,118,4,0.033898305,2,0.5,77,2,0.025974026,0,0,41,2,0.048780488,2,1,82,2,0.024390244,1,0.5,39,2,0.051282051,1,0.5,43,0,0,0,,0,0,,0,,0,0,,0,,0,0,,0,,199,6,0.030150754,3,0.5,91,1,0.010989011,1,1,10,0,0,0,
691277,De Los Santos,Deyvison,31,2,0.064516129,0,0,15,1,0.066666667,0,0,16,1,0.0625,0,0,21,1,0.047619048,0,0,10,1,0.1,0,0,9,0,0,0,,8,0,0,0,,1,0,0,0,,9,0,0,0,,7,0,0,0,,2,0,0,0,,10,1,0.1,0,0,6,1,0.166666667,0,0,4,0,0,0,,3,1,0.333333333,0,0,0,0,,0,0,3,1,0.333333333,0,0,22,1,0.045454545,0,0,7,1,0.142857143,0,0,2,0,0,0,
694212,Basallo,Samuel,180,19,0.105555556,9,0.473684211,83,9,0.108433735,3,0.333333333,97,10,0.103092784,6,0.6,108,10,0.092592593,6,0.6,72,9,0.125,3,0.333333333,61,0,0,0,,47,0,0,0,,14,0,0,0,,55,8,0.145454545,3,0.375,28,4,0.142857143,3,0.75,27,4,0.148148148,0,0,63,11,0.174603175,6,0.545454545,33,6,0.181818182,3,0.5,30,5,0.166666667,3,0.6,1,0,0,0,,0,0,,0,,1,0,0,0,,114,14,0.122807018,5,0.357142857,49,4,0.081632653,3,0.75,17,1,0.058823529,1,1
694374,Tawa,Timothy,199,3,0.015075377,2,0.666666667,93,1,0.010752688,1,1,106,2,0.018867925,1,0.5,133,2,0.015037594,2,1,66,1,0.015151515,0,0,57,1,0.01754386,1,1,47,1,0.021276596,1,1,10,0,0,0,,76,0,0,0,,53,0,0,0,,23,0,0,0,,63,2,0.031746032,1,0.5,33,1,0.03030303,1,1,30,1,0.033333333,0,0,3,0,0,0,,0,0,,0,,3,0,0,0,,116,3,0.025862069,2,0.666666667,79,0,0,0,,4,0,0,0,
695491,Báez,Joshua,57,3,0.052631579,2,0.666666667,19,1,0.052631579,1,1,38,2,0.052631579,1,0.5,40,2,0.05,2,1,17,1,0.058823529,0,0,17,0,0,0,,14,0,0,0,,3,0,0,0,,21,1,0.047619048,1,1,19,1,0.052631579,1,1,2,0,0,0,,19,2,0.105263158,1,0.5,7,1,0.142857143,1,1,12,1,0.083333333,0,0,0,0,,0,,0,0,,0,,0,0,,0,,29,1,0.034482759,1,1,26,2,0.076923077,1,0.5,2,0,0,0,
695578,Wood,James,461,23,0.04989154,8,0.347826087,193,8,0.041450777,3,0.375,268,15,0.055970149,5,0.333333333,340,15,0.044117647,5,0.333333333,121,8,0.066115702,3,0.375,218,7,0.032110092,4,0.571428571,190,5,0.026315789,2,0.4,28,2,0.071428571,2,1,122,4,0.032786885,2,0.5,76,3,0.039473684,1,0.333333333,46,1,0.02173913,1,1,121,12,0.099173554,2,0.166666667,74,7,0.094594595,2,0.285714286,47,5,0.106382979,0,0,0,0,,0,,0,0,,0,,0,0,,0,,256,9,0.03515625,4,0.444444444,164,11,0.067073171,3,0.272727273,41,3,0.073170732,1,0.333333333
702616,Holliday,Jackson,212,4,0.018867925,2,0.5,108,1,0.009259259,0,0,104,3,0.028846154,2,0.666666667,142,2,0.014084507,1,0.5,70,2,0.028571429,1,0.5,77,0,0,0,,64,0,0,0,,13,0,0,0,,68,2,0.029411765,1,0.5,43,2,0.046511628,1,0.5,25,0,0,0,,62,1,0.016129032,1,1,35,0,0,0,,27,1,0.037037037,1,1,5,1,0.2,0,0,0,0,,0,0,5,1,0.2,0,0,149,3,0.020134228,2,0.666666667,49,0,0,0,,14,1,0.071428571,0,0
806367,Hill,Turner,92,2,0.02173913,0,0,52,1,0.019230769,0,0,40,1,0.025,0,0,49,1,0.020408163,0,0,43,1,0.023255814,0,0,33,0,0,0,,26,0,0,0,,7,0,0,0,,34,2,0.058823529,0,0,17,1,0.058823529,0,0,17,1,0.058823529,0,0,23,0,0,0,,6,0,0,0,,17,0,0,0,,2,0,0,0,,0,0,,0,,2,0,0,0,,58,1,0.017241379,0,0,26,0,0,0,,8,1,0.125,0,0
814439,Waldschmidt,Ryan,211,12,0.056872038,7,0.583333333,106,5,0.047169811,3,0.6,105,7,0.066666667,4,0.571428571,133,10,0.07518797,6,0.6,78,2,0.025641026,1,0.5,70,2,0.028571429,1,0.5,56,2,0.035714286,1,0.5,14,0,0,0,,74,7,0.094594595,4,0.571428571,52,6,0.115384615,4,0.666666667,22,1,0.045454545,0,0,65,3,0.046153846,2,0.666666667,25,2,0.08,1,0.5,40,1,0.025,1,1,2,0,0,0,,0,0,,0,,2,0,0,0,,127,7,0.05511811,3,0.428571429,71,2,0.028169014,2,1,13,3,0.230769231,2,0.666666667
457705,McCutchen,Andrew,50,3,0.06,3,1,14,1,0.071428571,1,1,36,2,0.055555556,2,1,39,2,0.051282051,2,1,11,1,0.090909091,1,1,15,1,0.066666667,1,1,14,1,0.071428571,1,1,1,0,0,0,,12,1,0.083333333,1,1,10,0,0,0,,2,1,0.5,1,1,23,1,0.043478261,1,1,15,1,0.066666667,1,1,8,0,0,0,,0,0,,0,,0,0,,0,,0,0,,0,,36,2,0.055555556,2,1,11,1,0.090909091,1,1,3,0,0,0,
521692,Perez,Salvador,269,9,0.033457249,8,0.888888889,128,6,0.046875,6,1,141,3,0.021276596,2,0.666666667,215,8,0.037209302,7,0.875,54,1,0.018518519,1,1,104,4,0.038461538,4,1,94,4,0.042553191,4,1,10,0,0,0,,78,2,0.025641026,2,1,63,1,0.015873016,1,1,15,1,0.066666667,1,1,85,3,0.035294118,2,0.666666667,58,3,0.051724138,2,0.666666667,27,0,0,0,,2,0,0,0,,0,0,,0,,2,0,0,0,,136,4,0.029411765,4,1,118,5,0.042372881,4,0.8,15,0,0,0,
571970,Muncy,Maxwell,348,8,0.022988506,4,0.5,148,4,0.027027027,1,0.25,200,4,0.02,3,0.75,264,6,0.022727273,2,0.333333333,84,2,0.023809524,2,1,114,2,0.01754386,1,0.5,107,2,0.018691589,1,0.5,7,0,0,0,,146,1,0.006849315,0,0,111,1,0.009009009,0,0,35,0,0,0,,88,5,0.056818182,3,0.6,46,3,0.065217391,1,0.333333333,42,2,0.047619048,2,1,0,0,,0,,0,0,,0,,0,0,,0,,163,5,0.030674847,3,0.6,151,2,0.013245033,1,0.5,34,1,0.029411765,0,0
592626,Pederson,Joc,272,6,0.022058824,3,0.5,139,2,0.014388489,0,0,133,4,0.030075188,3,0.75,211,6,0.028436019,3,0.5,61,0,0,0,,121,1,0.008264463,0,0,109,1,0.009174312,0,0,12,0,0,0,,85,2,0.023529412,1,0.5,70,2,0.028571429,1,0.5,15,0,0,0,,66,3,0.045454545,2,0.666666667,32,3,0.09375,2,0.666666667,34,0,0,0,,0,0,,0,,0,0,,0,,0,0,,0,,158,3,0.018987342,1,0.333333333,81,2,0.024691358,1,0.5,33,1,0.03030303,1,1
621438,Taylor,Tyrone,150,3,0.02,2,0.666666667,68,2,0.029411765,2,1,82,1,0.012195122,0,0,103,2,0.019417476,2,1,47,1,0.021276596,0,0,51,0,0,0,,49,0,0,0,,2,0,0,0,,48,0,0,0,,29,0,0,0,,19,0,0,0,,50,3,0.06,2,0.666666667,25,2,0.08,2,1,25,1,0.04,0,0,1,0,0,0,,0,0,,0,,1,0,0,0,,86,1,0.011627907,1,1,56,1,0.017857143,1,1,8,1,0.125,0,0
621439,Buxton,Byron,173,11,0.063583815,6,0.545454545,73,3,0.04109589,1,0.333333333,100,8,0.08,5,0.625,110,6,0.054545455,3,0.5,63,5,0.079365079,3,0.6,70,5,0.071428571,3,0.6,61,5,0.081967213,3,0.6,9,0,0,0,,59,1,0.016949153,0,0,33,1,0.03030303,0,0,26,0,0,0,,43,4,0.093023256,2,0.5,16,0,0,0,,27,4,0.148148148,2,0.5,1,1,1,1,1,0,0,,0,0,1,1,1,1,1,101,6,0.059405941,2,0.333333333,53,3,0.056603774,2,0.666666667,19,2,0.105263158,2,1
642350,Siri,Jose,141,4,0.028368794,1,0.25,72,1,0.013888889,0,0,69,3,0.043478261,1,0.333333333,91,4,0.043956044,1,0.25,50,0,0,0,,45,0,0,0,,36,0,0,0,,9,0,0,0,,37,1,0.027027027,0,0,27,1,0.037037037,0,0,10,0,0,0,,59,3,0.050847458,1,0.333333333,28,3,0.107142857,1,0.333333333,31,0,0,0,,0,0,,0,,0,0,,0,,0,0,,0,,88,3,0.034090909,0,0,38,1,0.026315789,1,1,15,0,0,0,
643446,McNeil,Jeffrey,139,18,0.129496403,9,0.5,66,11,0.166666667,4,0.363636364,73,7,0.095890411,5,0.714285714,97,12,0.12371134,7,0.583333333,42,6,0.142857143,2,0.333333333,38,2,0.052631579,0,0,33,1,0.03030303,0,0,5,1,0.2,0,0,53,6,0.113207547,5,0.833333333,38,5,0.131578947,4,0.8,15,1,0.066666667,1,1,47,9,0.191489362,4,0.444444444,26,6,0.230769231,3,0.5,21,3,0.142857143,1,0.333333333,1,1,1,0,0,0,0,,0,0,1,1,1,0,0,86,15,0.174418605,7,0.466666667,38,3,0.078947368,2,0.666666667,15,0,0,0,
650968,Pozo,Yohel,31,2,0.064516129,2,1,8,0,0,0,,23,2,0.086956522,2,1,21,1,0.047619048,1,1,10,1,0.1,1,1,9,0,0,0,,9,0,0,0,,0,0,,0,,10,2,0.2,2,1,7,1,0.142857143,1,1,3,1,0.333333333,1,1,11,0,0,0,,5,0,0,0,,6,0,0,0,,1,0,0,0,,0,0,,0,,1,0,0,0,,17,1,0.058823529,1,1,12,1,0.083333333,1,1,2,0,0,0,
656413,Fairchild,Stuart,17,5,0.294117647,4,0.8,4,2,0.5,1,0.5,13,3,0.230769231,3,1,13,3,0.230769231,2,0.666666667,4,2,0.5,2,1,3,0,0,0,,3,0,0,0,,0,0,,0,,7,2,0.285714286,1,0.5,6,2,0.333333333,1,0.5,1,0,0,0,,7,3,0.428571429,3,1,4,1,0.25,1,1,3,2,0.666666667,2,1,0,0,,0,,0,0,,0,,0,0,,0,,9,3,0.333333333,3,1,8,2,0.25,1,0.5,0,0,,0,
656775,Mullins,Boyce,247,13,0.052631579,11,0.846153846,119,4,0.033613445,3,0.75,128,9,0.0703125,8,0.888888889,183,9,0.049180328,8,0.888888889,64,4,0.0625,3,0.75,81,3,0.037037037,3,1,72,3,0.041666667,3,1,9,0,0,0,,96,5,0.052083333,4,0.8,69,3,0.043478261,3,1,27,2,0.074074074,1,0.5,65,4,0.061538462,3,0.75,42,3,0.071428571,2,0.666666667,23,1,0.043478261,1,1,5,1,0.2,1,1,0,0,,0,0,5,1,0.2,1,1,161,11,0.068322981,9,0.818181818,58,1,0.017241379,1,1,28,1,0.035714286,1,1
657041,Thomas,Lane,285,8,0.028070175,4,0.5,108,5,0.046296296,3,0.6,177,3,0.016949153,1,0.333333333,213,6,0.028169014,3,0.5,72,2,0.027777778,1,0.5,89,2,0.02247191,2,1,82,2,0.024390244,2,1,7,0,0,0,,87,2,0.022988506,1,0.5,65,2,0.030769231,1,0.5,22,0,0,0,,108,4,0.037037037,1,0.25,65,2,0.030769231,0,0,43,2,0.046511628,1,0.5,1,0,0,0,,1,0,0,0,,0,0,,0,,172,7,0.040697674,3,0.428571429,103,1,0.009708738,1,1,10,0,0,0,
660844,Rivas,Leonardo,129,8,0.062015504,2,0.25,99,6,0.060606061,1,0.166666667,30,2,0.066666667,1,0.5,90,6,0.066666667,2,0.333333333,39,2,0.051282051,0,0,37,1,0.027027027,0,0,35,1,0.028571429,0,0,2,0,0,0,,47,5,0.106382979,2,0.4,32,4,0.125,2,0.5,15,1,0.066666667,0,0,42,2,0.047619048,0,0,23,1,0.043478261,0,0,19,1,0.052631579,0,0,3,0,0,0,,0,0,,0,,3,0,0,0,,90,7,0.077777778,1,0.142857143,31,1,0.032258065,1,1,8,0,0,0,
661388,Contreras,William,317,10,0.031545741,6,0.6,145,3,0.020689655,1,0.333333333,172,7,0.040697674,5,0.714285714,225,7,0.031111111,4,0.571428571,92,3,0.032608696,2,0.666666667,136,3,0.022058824,2,0.666666667,118,3,0.025423729,2,0.666666667,18,0,0,0,,98,3,0.030612245,1,0.333333333,69,2,0.028985507,1,0.5,29,1,0.034482759,0,0,79,4,0.050632911,3,0.75,37,2,0.054054054,1,0.5,42,2,0.047619048,2,1,4,0,0,0,,1,0,0,0,,3,0,0,0,,181,7,0.038674033,5,0.714285714,117,3,0.025641026,1,0.333333333,19,0,0,0,
663647,Hayes,Ke'Bryan,164,4,0.024390244,3,0.75,84,2,0.023809524,1,0.5,80,2,0.025,2,1,125,4,0.032,3,0.75,39,0,0,0,,54,1,0.018518519,1,1,48,1,0.020833333,1,1,6,0,0,0,,53,2,0.037735849,1,0.5,39,2,0.051282051,1,0.5,14,0,0,0,,55,1,0.018181818,1,1,36,1,0.027777778,1,1,19,0,0,0,,2,0,0,0,,2,0,0,0,,0,0,,0,,100,4,0.04,3,0.75,55,0,0,0,,9,0,0,0,
663967,Salazar,César,17,2,0.117647059,2,1,11,2,0.181818182,2,1,6,0,0,0,,10,2,0.2,2,1,7,0,0,0,,6,0,0,0,,3,0,0,0,,3,0,0,0,,5,0,0,0,,3,0,0,0,,2,0,0,0,,6,2,0.333333333,2,1,4,2,0.5,2,1,2,0,0,0,,0,0,,0,,0,0,,0,,0,0,,0,,9,0,0,0,,6,2,0.333333333,2,1,2,0,0,0,
665966,Narváez,Carlos,163,3,0.018404908,2,0.666666667,72,1,0.013888889,1,1,91,2,0.021978022,1,0.5,110,2,0.018181818,1,0.5,53,1,0.018867925,1,1,52,1,0.019230769,1,1,45,1,0.022222222,1,1,7,0,0,0,,71,1,0.014084507,1,1,45,0,0,0,,26,1,0.038461538,1,1,38,1,0.026315789,0,0,19,1,0.052631579,0,0,19,0,0,0,,2,0,0,0,,1,0,0,0,,1,0,0,0,,120,3,0.025,2,0.666666667,38,0,0,0,,5,0,0,0,
667472,Myers,Dane,243,11,0.04526749,5,0.454545455,120,7,0.058333333,2,0.285714286,123,4,0.032520325,3,0.75,170,5,0.029411765,3,0.6,73,6,0.082191781,2,0.333333333,77,2,0.025974026,1,0.5,69,2,0.028985507,1,0.5,8,0,0,0,,70,2,0.028571429,1,0.5,47,1,0.021276596,1,1,23,1,0.043478261,0,0,92,7,0.076086957,3,0.428571429,52,2,0.038461538,1,0.5,40,5,0.125,2,0.4,4,0,0,0,,2,0,0,0,,2,0,0,0,,182,8,0.043956044,3,0.375,54,2,0.037037037,1,0.5,7,1,0.142857143,1,1
668885,Martin,Christopher,222,20,0.09009009,11,0.55,121,10,0.082644628,4,0.4,101,10,0.099009901,7,0.7,135,11,0.081481481,5,0.454545455,87,9,0.103448276,6,0.666666667,93,7,0.075268817,4,0.571428571,78,5,0.064102564,2,0.4,15,2,0.133333333,2,1,63,5,0.079365079,2,0.4,33,4,0.121212121,2,0.5,30,1,0.033333333,0,0,64,8,0.125,5,0.625,24,2,0.083333333,1,0.5,40,6,0.15,4,0.666666667,2,0,0,0,,0,0,,0,,2,0,0,0,,146,14,0.095890411,9,0.642857143,60,5,0.083333333,2,0.4,16,1,0.0625,0,0
668952,Kreidler,Ryan,103,4,0.038834951,2,0.5,53,1,0.018867925,0,0,50,3,0.06,2,0.666666667,69,3,0.043478261,1,0.333333333,34,1,0.029411765,1,1,29,1,0.034482759,1,1,26,1,0.038461538,1,1,3,0,0,0,,42,2,0.047619048,0,0,31,2,0.064516129,0,0,11,0,0,0,,30,1,0.033333333,1,1,12,0,0,0,,18,1,0.055555556,1,1,2,0,0,0,,0,0,,0,,2,0,0,0,,79,2,0.025316456,0,0,21,2,0.095238095,2,1,3,0,0,0,
669016,Marsh,Brandon,295,3,0.010169492,2,0.666666667,153,1,0.006535948,1,1,142,2,0.014084507,1,0.5,190,2,0.010526316,1,0.5,105,1,0.00952381,1,1,88,1,0.011363636,1,1,80,1,0.0125,1,1,8,0,0,0,,106,0,0,0,,69,0,0,0,,37,0,0,0,,100,2,0.02,1,0.5,41,1,0.024390244,0,0,59,1,0.016949153,1,1,1,0,0,0,,0,0,,0,,1,0,0,0,,168,2,0.011904762,2,1,102,1,0.009803922,0,0,25,0,0,0,
669242,Edman,Thomas,189,8,0.042328042,4,0.5,92,4,0.043478261,3,0.75,97,4,0.041237113,1,0.25,136,4,0.029411765,2,0.5,53,4,0.075471698,2,0.5,65,3,0.046153846,2,0.666666667,64,3,0.046875,2,0.666666667,1,0,0,0,,70,2,0.028571429,1,0.5,47,1,0.021276596,0,0,23,1,0.043478261,1,1,52,3,0.057692308,1,0.333333333,24,0,0,0,,28,3,0.107142857,1,0.333333333,2,0,0,0,,1,0,0,0,,1,0,0,0,,113,4,0.03539823,2,0.5,58,2,0.034482759,2,1,18,2,0.111111111,0,0
669397,Allen,Nicholas,92,5,0.054347826,2,0.4,53,4,0.075471698,2,0.5,39,1,0.025641026,0,0,61,4,0.06557377,2,0.5,31,1,0.032258065,0,0,27,1,0.037037037,1,1,26,1,0.038461538,1,1,1,0,0,0,,27,1,0.037037037,0,0,16,1,0.0625,0,0,11,0,0,0,,37,3,0.081081081,1,0.333333333,19,2,0.105263158,1,0.5,18,1,0.055555556,0,0,1,0,0,0,,0,0,,0,,1,0,0,0,,73,5,0.068493151,2,0.4,13,0,0,0,,6,0,0,0,
669743,Call,Alex,146,10,0.068493151,4,0.4,72,6,0.083333333,2,0.333333333,74,4,0.054054054,2,0.5,100,6,0.06,3,0.5,46,4,0.086956522,1,0.25,36,4,0.111111111,1,0.25,33,3,0.090909091,1,0.333333333,3,1,0.333333333,0,0,52,2,0.038461538,1,0.5,30,1,0.033333333,1,1,22,1,0.045454545,0,0,58,4,0.068965517,2,0.5,37,2,0.054054054,1,0.5,21,2,0.095238095,1,0.5,0,0,,0,,0,0,,0,,0,0,,0,,99,7,0.070707071,3,0.428571429,41,3,0.073170732,1,0.333333333,6,0,0,0,
675961,Williams,Alexander,131,2,0.015267176,1,0.5,75,2,0.026666667,1,0.5,56,0,0,0,,83,2,0.024096386,1,0.5,48,0,0,0,,36,0,0,0,,31,0,0,0,,5,0,0,0,,44,1,0.022727273,1,1,30,1,0.033333333,1,1,14,0,0,0,,49,1,0.020408163,0,0,22,1,0.045454545,0,0,27,0,0,0,,2,0,0,0,,0,0,,0,,2,0,0,0,,67,0,0,0,,54,2,0.037037037,1,0.5,10,0,0,0,
676694,Meyers,Jacob,71,2,0.028169014,0,0,35,2,0.057142857,0,0,36,0,0,0,,46,1,0.02173913,0,0,25,1,0.04,0,0,23,0,0,0,,20,0,0,0,,3,0,0,0,,27,2,0.074074074,0,0,17,1,0.058823529,0,0,10,1,0.1,0,0,21,0,0,0,,9,0,0,0,,12,0,0,0,,0,0,,0,,0,0,,0,,0,0,,0,,32,1,0.03125,0,0,36,1,0.027777778,0,0,3,0,0,0,
678662,Tovar,Ezequiel,159,6,0.037735849,3,0.5,65,4,0.061538462,1,0.25,94,2,0.021276596,2,1,100,3,0.03,1,0.333333333,59,3,0.050847458,2,0.666666667,48,3,0.0625,2,0.666666667,43,2,0.046511628,1,0.5,5,1,0.2,1,1,68,1,0.014705882,0,0,38,1,0.026315789,0,0,30,0,0,0,,40,2,0.05,1,0.5,18,0,0,0,,22,2,0.090909091,1,0.5,3,0,0,0,,1,0,0,0,,2,0,0,0,,107,6,0.056074766,3,0.5,46,0,0,0,,6,0,0,0,
679529,Torkelson,Spencer,441,26,0.058956916,11,0.423076923,211,13,0.061611374,4,0.307692308,230,13,0.056521739,7,0.538461538,331,16,0.048338369,8,0.5,110,10,0.090909091,3,0.3,143,4,0.027972028,1,0.25,135,3,0.022222222,1,0.333333333,8,1,0.125,0,0,152,10,0.065789474,6,0.6,116,7,0.060344828,5,0.714285714,36,3,0.083333333,1,0.333333333,144,12,0.083333333,4,0.333333333,80,6,0.075,2,0.333333333,64,6,0.09375,2,0.333333333,2,0,0,0,,0,0,,0,,2,0,0,0,,242,14,0.05785124,7,0.5,161,10,0.062111801,4,0.4,38,2,0.052631579,0,0
680700,Palacios,Richard,231,8,0.034632035,4,0.5,121,4,0.033057851,3,0.75,110,4,0.036363636,1,0.25,174,8,0.045977011,4,0.5,57,0,0,0,,79,1,0.012658228,1,1,72,1,0.013888889,1,1,7,0,0,0,,86,3,0.034883721,2,0.666666667,68,3,0.044117647,2,0.666666667,18,0,0,0,,64,3,0.046875,1,0.333333333,33,3,0.090909091,1,0.333333333,31,0,0,0,,2,1,0.5,0,0,1,1,1,0,0,1,0,0,0,0,142,5,0.035211268,3,0.6,66,2,0.03030303,1,0.5,23,1,0.043478261,0,0
682829,De La Cruz,Elly,506,16,0.031620553,7,0.4375,266,10,0.037593985,3,0.3,240,6,0.025,4,0.666666667,367,10,0.027247956,3,0.3,139,6,0.043165468,4,0.666666667,200,2,0.01,1,0.5,190,2,0.010526316,1,0.5,10,0,0,0,,150,5,0.033333333,1,0.2,93,5,0.053763441,1,0.2,57,0,0,0,,152,9,0.059210526,5,0.555555556,82,3,0.036585366,1,0.333333333,70,6,0.085714286,4,0.666666667,4,0,0,0,,2,0,0,0,,2,0,0,0,,266,9,0.033834586,3,0.333333333,182,6,0.032967033,3,0.5,58,1,0.017241379,1,1
683748,Mesa,Victor,97,9,0.092783505,2,0.222222222,39,6,0.153846154,1,0.166666667,58,3,0.051724138,1,0.333333333,71,6,0.084507042,2,0.333333333,26,3,0.115384615,0,0,34,2,0.058823529,1,0.5,31,2,0.064516129,1,0.5,3,0,0,0,,30,4,0.133333333,1,0.25,21,4,0.19047619,1,0.25,9,0,0,0,,33,3,0.090909091,0,0,19,0,0,0,,14,3,0.214285714,0,0,0,0,,0,,0,0,,0,,0,0,,0,,62,8,0.129032258,2,0.25,29,1,0.034482759,0,0,6,0,0,0,
687515,Thomas,Colby,37,3,0.081081081,2,0.666666667,22,2,0.090909091,1,0.5,15,1,0.066666667,1,1,25,2,0.08,1,0.5,12,1,0.083333333,1,1,13,0,0,0,,13,0,0,0,,0,0,,0,,15,1,0.066666667,1,1,9,1,0.111111111,1,1,6,0,0,0,,9,2,0.222222222,1,0.5,3,1,0.333333333,0,0,6,1,0.166666667,1,1,0,0,,0,,0,0,,0,,0,0,,0,,24,2,0.083333333,1,0.5,9,1,0.111111111,1,1,4,0,0,0,
687597,Beck,Jordan,100,8,0.08,4,0.5,36,3,0.083333333,1,0.333333333,64,5,0.078125,3,0.6,65,7,0.107692308,4,0.571428571,35,1,0.028571429,0,0,37,1,0.027027027,0,0,32,1,0.03125,0,0,5,0,0,0,,34,3,0.088235294,1,0.333333333,18,2,0.111111111,1,0.5,16,1,0.0625,0,0,29,4,0.137931034,3,0.75,15,4,0.266666667,3,0.75,14,0,0,0,,0,0,,0,,0,0,,0,,0,0,,0,,70,6,0.085714286,4,0.666666667,29,2,0.068965517,0,0,1,0,0,0,
691176,Domínguez,Jasson,106,6,0.056603774,3,0.5,45,2,0.044444444,1,0.5,61,4,0.06557377,2,0.5,72,5,0.069444444,2,0.4,34,1,0.029411765,1,1,37,0,0,0,,30,0,0,0,,7,0,0,0,,33,4,0.121212121,2,0.5,25,4,0.16,2,0.5,8,0,0,0,,35,2,0.057142857,1,0.5,17,1,0.058823529,0,0,18,1,0.055555556,1,1,1,0,0,0,,0,0,,0,,1,0,0,0,,74,6,0.081081081,3,0.5,22,0,0,0,,10,0,0,0,
691720,Karros,Kyle,299,17,0.056856187,11,0.647058824,137,11,0.080291971,6,0.545454545,162,6,0.037037037,5,0.833333333,201,14,0.069651741,8,0.571428571,98,3,0.030612245,3,1,109,7,0.064220183,4,0.571428571,98,7,0.071428571,4,0.571428571,11,0,0,0,,107,8,0.074766355,6,0.75,62,6,0.096774194,4,0.666666667,45,2,0.044444444,2,1,82,2,0.024390244,1,0.5,41,1,0.024390244,0,0,41,1,0.024390244,1,1,1,0,0,0,,0,0,,0,,1,0,0,0,,190,11,0.057894737,6,0.545454545,97,4,0.041237113,4,1,12,2,0.166666667,1,0.5
691723,Mayo,Coby,325,20,0.061538462,12,0.6,146,11,0.075342466,6,0.545454545,179,9,0.05027933,6,0.666666667,232,11,0.047413793,8,0.727272727,93,9,0.096774194,4,0.444444444,127,3,0.023622047,1,0.333333333,114,3,0.026315789,1,0.333333333,13,0,0,0,,106,5,0.047169811,3,0.6,78,3,0.038461538,3,1,28,2,0.071428571,0,0,86,10,0.11627907,7,0.7,38,4,0.105263158,3,0.75,48,6,0.125,4,0.666666667,6,2,0.333333333,1,0.5,2,1,0.5,1,0.5,4,1,0.25,0,0,171,14,0.081871345,8,0.571428571,134,3,0.02238806,2,0.666666667,20,3,0.15,2,0.666666667
691788,Mack,Joseph,202,4,0.01980198,2,0.5,100,1,0.01,1,1,102,3,0.029411765,1,0.333333333,127,3,0.023622047,2,0.666666667,75,1,0.013333333,0,0,68,0,0,0,,50,0,0,0,,18,0,0,0,,59,1,0.016949153,1,1,39,1,0.025641026,1,1,20,0,0,0,,74,3,0.040540541,1,0.333333333,38,2,0.052631579,1,0.5,36,1,0.027777778,0,0,1,0,0,0,,0,0,,0,,1,0,0,0,,105,2,0.019047619,1,0.5,71,1,0.014084507,0,0,26,1,0.038461538,1,1
694203,Guzman,Denzer,135,8,0.059259259,2,0.25,72,6,0.083333333,2,0.333333333,63,2,0.031746032,0,0,87,5,0.057471264,1,0.2,48,3,0.0625,1,0.333333333,43,1,0.023255814,0,0,38,1,0.026315789,0,0,5,0,0,0,,51,5,0.098039216,2,0.4,31,3,0.096774194,1,0.333333333,20,2,0.1,1,0.5,40,2,0.05,0,0,18,1,0.055555556,0,0,22,1,0.045454545,0,0,1,0,0,0,,0,0,,0,,1,0,0,0,,104,6,0.057692308,1,0.166666667,27,1,0.037037037,0,0,4,1,0.25,1,1
694384,Schanuel,Nolan,296,36,0.121621622,20,0.555555556,149,21,0.140939597,13,0.619047619,147,15,0.102040816,7,0.466666667,220,26,0.118181818,11,0.423076923,76,10,0.131578947,9,0.9,122,10,0.081967213,4,0.4,113,10,0.088495575,4,0.4,9,0,0,0,,87,6,0.068965517,4,0.666666667,65,5,0.076923077,3,0.6,22,1,0.045454545,1,1,83,18,0.21686747,12,0.666666667,40,9,0.225,4,0.444444444,43,9,0.209302326,8,0.888888889,4,2,0.5,0,0,2,2,1,0,0,2,0,0,0,0,200,23,0.115,14,0.608695652,72,11,0.152777778,5,0.454545455,24,2,0.083333333,1,0.5
694388,Loperfido,Mario,69,3,0.043478261,1,0.333333333,27,0,0,0,,42,3,0.071428571,1,0.333333333,46,1,0.02173913,1,1,23,2,0.086956522,0,0,19,2,0.105263158,1,0.5,14,1,0.071428571,1,1,5,1,0.2,0,0,28,1,0.035714286,0,0,18,0,0,0,,10,1,0.1,0,0,21,0,0,0,,14,0,0,0,,7,0,0,0,,1,0,0,0,,0,0,,0,,1,0,0,0,,37,2,0.054054054,1,0.5,24,1,0.041666667,0,0,8,0,0,0,
695731,Montgomery,Braden,135,9,0.066666667,6,0.666666667,68,4,0.058823529,3,0.75,67,5,0.074626866,3,0.6,88,2,0.022727273,1,0.5,47,7,0.14893617,5,0.714285714,49,1,0.020408163,1,1,46,1,0.02173913,1,1,3,0,0,0,,43,3,0.069767442,3,1,26,0,0,0,,17,3,0.176470588,3,1,38,3,0.078947368,0,0,16,1,0.0625,0,0,22,2,0.090909091,0,0,5,2,0.4,2,1,0,0,,0,0,5,2,0.4,2,1,67,3,0.044776119,0,0,47,3,0.063829787,3,1,21,3,0.142857143,3,1
699024,Bernal,Leonardo,55,3,0.054545455,1,0.333333333,21,2,0.095238095,0,0,34,1,0.029411765,1,1,40,2,0.05,1,0.5,15,1,0.066666667,0,0,14,1,0.071428571,1,1,12,1,0.083333333,1,1,2,0,0,0,,18,1,0.055555556,0,0,11,0,0,0,,7,1,0.142857143,0,0,22,1,0.045454545,0,0,17,1,0.058823529,0,0,5,0,0,0,,1,0,0,0,,0,0,,0,,1,0,0,0,,40,3,0.075,1,0.333333333,14,0,0,0,,1,0,0,0,
699302,Rodríguez,Héctor,71,2,0.028169014,1,0.5,28,0,0,0,,43,2,0.046511628,1,0.5,49,1,0.020408163,1,1,22,1,0.045454545,0,0,24,0,0,0,,19,0,0,0,,5,0,0,0,,22,1,0.045454545,1,1,18,1,0.055555556,1,1,4,0,0,0,,25,1,0.04,0,0,12,0,0,0,,13,1,0.076923077,0,0,0,0,,0,,0,0,,0,,0,0,,0,,44,2,0.045454545,1,0.5,26,0,0,0,,1,0,0,0,
701358,Smith,Cameron,306,30,0.098039216,11,0.366666667,150,11,0.073333333,4,0.363636364,156,19,0.121794872,7,0.368421053,194,17,0.087628866,5,0.294117647,112,13,0.116071429,6,0.461538462,94,5,0.053191489,1,0.2,81,5,0.061728395,1,0.2,13,0,0,0,,115,13,0.113043478,6,0.461538462,78,8,0.102564103,4,0.5,37,5,0.135135135,2,0.4,93,11,0.11827957,3,0.272727273,35,4,0.114285714,0,0,58,7,0.120689655,3,0.428571429,4,1,0.25,1,1,0,0,,0,0,4,1,0.25,1,1,148,12,0.081081081,4,0.333333333,135,14,0.103703704,6,0.428571429,23,4,0.173913043,1,0.25
800325,Lara,Luis,146,7,0.047945205,2,0.285714286,60,4,0.066666667,1,0.25,86,3,0.034883721,1,0.333333333,84,3,0.035714286,0,0,62,4,0.064516129,2,0.5,42,1,0.023809524,0,0,36,1,0.027777778,0,0,6,0,0,0,,64,4,0.0625,1,0.25,32,2,0.0625,0,0,32,2,0.0625,1,0.5,39,2,0.051282051,1,0.5,16,0,0,0,,23,2,0.086956522,1,0.5,1,0,0,0,,0,0,,0,,1,0,0,0,,86,4,0.046511628,1,0.25,44,2,0.045454545,1,0.5,16,1,0.0625,0,0
543760,Semien,Marcus,266,20,0.07518797,11,0.55,126,10,0.079365079,5,0.5,140,10,0.071428571,6,0.6,178,11,0.061797753,7,0.636363636,88,9,0.102272727,4,0.444444444,86,8,0.093023256,4,0.5,66,4,0.060606061,2,0.5,20,4,0.2,2,0.5,86,4,0.046511628,2,0.5,61,3,0.049180328,2,0.666666667,25,1,0.04,0,0,91,8,0.087912088,5,0.625,50,4,0.08,3,0.75,41,4,0.097560976,2,0.5,3,0,0,0,,1,0,0,0,,2,0,0,0,,139,10,0.071942446,7,0.7,115,8,0.069565217,3,0.375,12,2,0.166666667,1,0.5
592450,Judge,Aaron,193,8,0.041450777,6,0.75,92,3,0.032608696,3,1,101,5,0.04950495,3,0.6,134,7,0.052238806,5,0.714285714,59,1,0.016949153,1,1,73,2,0.02739726,2,1,68,2,0.029411765,2,1,5,0,0,0,,75,5,0.066666667,3,0.6,46,4,0.086956522,2,0.5,29,1,0.034482759,1,1,45,1,0.022222222,1,1,20,1,0.05,1,1,25,0,0,0,,0,0,,0,,0,0,,0,,0,0,,0,,120,5,0.041666667,3,0.6,59,3,0.050847458,3,1,14,0,0,0,
592885,Yelich,Christian,296,8,0.027027027,6,0.75,151,3,0.01986755,3,1,145,5,0.034482759,3,0.6,217,6,0.02764977,4,0.666666667,79,2,0.025316456,2,1,118,2,0.016949153,1,0.5,107,2,0.018691589,1,0.5,11,0,0,0,,94,1,0.010638298,1,1,65,0,0,0,,29,1,0.034482759,1,1,82,5,0.06097561,4,0.8,44,4,0.090909091,3,0.75,38,1,0.026315789,1,1,2,0,0,0,,1,0,0,0,,1,0,0,0,,204,5,0.024509804,5,1,70,1,0.014285714,1,1,22,2,0.090909091,0,0
605141,Betts,Markus,389,18,0.046272494,12,0.666666667,181,10,0.055248619,8,0.8,208,8,0.038461538,4,0.5,277,16,0.057761733,11,0.6875,112,2,0.017857143,1,0.5,149,10,0.067114094,7,0.7,134,10,0.074626866,7,0.7,15,0,0,0,,130,7,0.053846154,5,0.714285714,88,6,0.068181818,4,0.666666667,42,1,0.023809524,1,1,109,1,0.009174312,0,0,54,0,0,0,,55,1,0.018181818,0,0,1,0,0,0,,1,0,0,0,,0,0,,0,,237,10,0.042194093,7,0.7,137,7,0.051094891,4,0.571428571,15,1,0.066666667,1,1
608324,Bregman,Alexander,541,29,0.053604436,15,0.517241379,276,13,0.047101449,8,0.615384615,265,16,0.060377358,7,0.4375,432,25,0.05787037,13,0.52,109,4,0.036697248,2,0.5,210,5,0.023809524,5,1,195,5,0.025641026,5,1,15,0,0,0,,178,9,0.050561798,4,0.444444444,140,8,0.057142857,4,0.5,38,1,0.026315789,0,0,149,15,0.100671141,6,0.4,95,12,0.126315789,4,0.333333333,54,3,0.055555556,2,0.666666667,4,0,0,0,,2,0,0,0,,2,0,0,0,,297,18,0.060606061,9,0.5,213,11,0.051643192,6,0.545454545,31,0,0,0,
609280,Andujar,Miguel,124,6,0.048387097,1,0.166666667,66,3,0.045454545,0,0,58,3,0.051724138,1,0.333333333,91,4,0.043956044,1,0.25,33,2,0.060606061,0,0,41,0,0,0,,37,0,0,0,,4,0,0,0,,38,1,0.026315789,1,1,28,1,0.035714286,1,1,10,0,0,0,,45,5,0.111111111,0,0,26,3,0.115384615,0,0,19,2,0.105263158,0,0,0,0,,0,,0,0,,0,,0,0,,0,,69,2,0.028985507,1,0.5,48,2,0.041666667,0,0,7,2,0.285714286,0,0
621566,Olson,Matthew,393,20,0.050890585,6,0.3,194,9,0.046391753,2,0.222222222,199,11,0.055276382,4,0.363636364,298,13,0.043624161,4,0.307692308,95,7,0.073684211,2,0.285714286,161,3,0.01863354,2,0.666666667,148,3,0.02027027,2,0.666666667,13,0,0,0,,122,7,0.057377049,3,0.428571429,89,4,0.04494382,2,0.5,33,3,0.090909091,1,0.333333333,109,10,0.091743119,1,0.1,61,6,0.098360656,0,0,48,4,0.083333333,1,0.25,1,0,0,0,,0,0,,0,,1,0,0,0,,231,10,0.043290043,4,0.4,132,6,0.045454545,0,0,30,4,0.133333333,2,0.5
641487,Crawford,John,394,5,0.012690355,2,0.4,180,0,0,0,,214,5,0.023364486,2,0.4,280,4,0.014285714,2,0.5,114,1,0.00877193,0,0,165,2,0.012121212,1,0.5,148,2,0.013513514,1,0.5,17,0,0,0,,120,0,0,0,,78,0,0,0,,42,0,0,0,,107,3,0.028037383,1,0.333333333,54,2,0.037037037,1,0.5,53,1,0.018867925,0,0,2,0,0,0,,0,0,,0,,2,0,0,0,,260,3,0.011538462,1,0.333333333,110,2,0.018181818,1,0.5,24,0,0,0,
642201,White,Elijah,99,4,0.04040404,2,0.5,45,3,0.066666667,1,0.333333333,54,1,0.018518519,1,1,75,3,0.04,1,0.333333333,24,1,0.041666667,1,1,35,0,0,0,,35,0,0,0,,0,0,,0,,33,2,0.060606061,1,0.5,22,2,0.090909091,1,0.5,11,0,0,0,,31,2,0.064516129,1,0.5,18,1,0.055555556,0,0,13,1,0.076923077,1,1,0,0,,0,,0,0,,0,,0,0,,0,,60,2,0.033333333,0,0,32,1,0.03125,1,1,7,1,0.142857143,1,1
645302,Robles,Victor,58,4,0.068965517,1,0.25,24,3,0.125,1,0.333333333,34,1,0.029411765,0,0,44,4,0.090909091,1,0.25,14,0,0,0,,19,1,0.052631579,0,0,17,1,0.058823529,0,0,2,0,0,0,,22,2,0.090909091,0,0,16,2,0.125,0,0,6,0,0,0,,17,1,0.058823529,1,1,11,1,0.090909091,1,1,6,0,0,0,,0,0,,0,,0,0,,0,,0,0,,0,,33,1,0.03030303,0,0,23,2,0.086956522,0,0,2,1,0.5,1,1
656484,Gray,Tristan,87,6,0.068965517,3,0.5,46,3,0.065217391,2,0.666666667,41,3,0.073170732,1,0.333333333,63,6,0.095238095,3,0.5,24,0,0,0,,35,4,0.114285714,2,0.5,32,4,0.125,2,0.5,3,0,0,0,,33,0,0,0,,22,0,0,0,,11,0,0,0,,19,2,0.105263158,1,0.5,9,2,0.222222222,1,0.5,10,0,0,0,,0,0,,0,,0,0,,0,,0,0,,0,,54,5,0.092592593,2,0.4,24,1,0.041666667,1,1,9,0,0,0,
657757,Sheets,Gavin,306,6,0.019607843,2,0.333333333,155,1,0.006451613,1,1,151,5,0.033112583,1,0.2,229,6,0.026200873,2,0.333333333,77,0,0,0,,120,1,0.008333333,1,1,109,1,0.009174312,1,1,11,0,0,0,,120,3,0.025,1,0.333333333,87,3,0.034482759,1,0.333333333,33,0,0,0,,66,2,0.03030303,0,0,33,2,0.060606061,0,0,33,0,0,0,,0,0,,0,,0,0,,0,,0,0,,0,,163,2,0.012269939,0,0,117,2,0.017094017,1,0.5,26,2,0.076923077,1,0.5
664954,Sullivan,Brett,116,3,0.025862069,1,0.333333333,48,2,0.041666667,0,0,68,1,0.014705882,1,1,70,2,0.028571429,1,0.5,46,1,0.02173913,0,0,38,0,0,0,,30,0,0,0,,8,0,0,0,,40,2,0.05,0,0,25,1,0.04,0,0,15,1,0.066666667,0,0,37,1,0.027027027,1,1,14,1,0.071428571,1,1,23,0,0,0,,1,0,0,0,,1,0,0,0,,0,0,,0,,74,2,0.027027027,1,0.5,33,1,0.03030303,0,0,9,0,0,0,
665052,Conine,Griffin,164,7,0.042682927,4,0.571428571,70,3,0.042857143,3,1,94,4,0.042553191,1,0.25,102,4,0.039215686,2,0.5,62,3,0.048387097,2,0.666666667,57,1,0.01754386,1,1,42,0,0,0,,15,1,0.066666667,1,1,48,0,0,0,,33,0,0,0,,15,0,0,0,,57,6,0.105263158,3,0.5,27,4,0.148148148,2,0.5,30,2,0.066666667,1,0.5,2,0,0,0,,0,0,,0,,2,0,0,0,,94,3,0.031914894,1,0.333333333,55,2,0.036363636,1,0.5,15,2,0.133333333,2,1
666152,Hamilton,David,260,3,0.011538462,1,0.333333333,118,2,0.016949153,0,0,142,1,0.007042254,1,1,177,2,0.011299435,1,0.5,83,1,0.012048193,0,0,79,2,0.025316456,1,0.5,68,2,0.029411765,1,0.5,11,0,0,0,,110,1,0.009090909,0,0,72,0,0,0,,38,1,0.026315789,0,0,66,0,0,0,,36,0,0,0,,30,0,0,0,,5,0,0,0,,1,0,0,0,,4,0,0,0,,165,2,0.012121212,1,0.5,80,1,0.0125,0,0,15,0,0,0,
666176,Adell,Jordon,303,7,0.02310231,3,0.428571429,154,3,0.019480519,1,0.333333333,149,4,0.026845638,2,0.5,204,5,0.024509804,1,0.2,99,2,0.02020202,2,1,106,2,0.018867925,0,0,86,2,0.023255814,0,0,20,0,0,0,,116,1,0.00862069,0,0,75,1,0.013333333,0,0,41,0,0,0,,77,4,0.051948052,3,0.75,41,2,0.048780488,1,0.5,36,2,0.055555556,2,1,4,0,0,0,,2,0,0,0,,2,0,0,0,,188,2,0.010638298,1,0.5,98,3,0.030612245,2,0.666666667,17,2,0.117647059,0,0
668709,Bleday,Jeffrey,297,30,0.101010101,16,0.533333333,133,13,0.097744361,8,0.615384615,164,17,0.103658537,8,0.470588235,204,22,0.107843137,12,0.545454545,93,8,0.086021505,4,0.5,95,10,0.105263158,5,0.5,88,10,0.113636364,5,0.5,7,0,0,0,,110,6,0.054545455,5,0.833333333,71,3,0.042253521,2,0.666666667,39,3,0.076923077,3,1,90,13,0.144444444,6,0.461538462,45,9,0.2,5,0.555555556,45,4,0.088888889,1,0.25,2,1,0.5,0,0,0,0,,0,0,2,1,0.5,0,0,138,15,0.108695652,9,0.6,120,11,0.091666667,5,0.454545455,39,4,0.102564103,2,0.5
668901,Vientos,Mark,140,25,0.178571429,15,0.6,62,13,0.209677419,8,0.615384615,78,12,0.153846154,7,0.583333333,99,16,0.161616162,11,0.6875,41,9,0.219512195,4,0.444444444,34,6,0.176470588,5,0.833333333,33,6,0.181818182,5,0.833333333,1,0,0,0,,53,11,0.20754717,5,0.454545455,38,7,0.184210526,3,0.428571429,15,4,0.266666667,2,0.5,51,7,0.137254902,4,0.571428571,26,2,0.076923077,2,1,25,5,0.2,2,0.4,2,1,0.5,1,1,2,1,0.5,1,1,0,0,,0,0,74,14,0.189189189,8,0.571428571,54,9,0.166666667,6,0.666666667,12,2,0.166666667,1,0.5
669127,Langeliers,Shea,209,2,0.009569378,1,0.5,99,2,0.02020202,1,0.5,110,0,0,0,,156,0,0,0,,53,2,0.037735849,1,0.5,91,1,0.010989011,1,1,86,0,0,0,,5,1,0.2,1,1,61,0,0,0,,42,0,0,0,,19,0,0,0,,55,1,0.018181818,0,0,27,0,0,0,,28,1,0.035714286,0,0,2,0,0,0,,1,0,0,0,,1,0,0,0,,139,1,0.007194245,1,1,63,1,0.015873016,0,0,7,0,0,0,
669236,Jackson,Jeremiah,117,3,0.025641026,1,0.333333333,57,0,0,0,,60,3,0.05,1,0.333333333,90,1,0.011111111,1,1,27,2,0.074074074,0,0,41,0,0,0,,37,0,0,0,,4,0,0,0,,33,0,0,0,,27,0,0,0,,6,0,0,0,,41,2,0.048780488,1,0.5,26,1,0.038461538,1,1,15,1,0.066666667,0,0,2,1,0.5,0,0,0,0,,0,0,2,1,0.5,0,0,74,3,0.040540541,1,0.333333333,37,0,0,0,,6,0,0,0,
669477,Schmitt,Casey,201,12,0.059701493,4,0.333333333,86,6,0.069767442,2,0.333333333,115,6,0.052173913,2,0.333333333,155,9,0.058064516,3,0.333333333,46,3,0.065217391,1,0.333333333,91,1,0.010989011,0,0,88,1,0.011363636,0,0,3,0,0,0,,60,6,0.1,2,0.333333333,43,6,0.139534884,2,0.333333333,17,0,0,0,,46,4,0.086956522,2,0.5,24,2,0.083333333,1,0.5,22,2,0.090909091,1,0.5,4,1,0.25,0,0,0,0,,0,0,4,1,0.25,0,0,121,8,0.066115702,2,0.25,62,4,0.064516129,2,0.5,18,0,0,0,
669701,Smith,Josh,169,8,0.047337278,3,0.375,84,2,0.023809524,2,1,85,6,0.070588235,1,0.166666667,115,5,0.043478261,1,0.2,54,3,0.055555556,2,0.666666667,54,0,0,0,,47,0,0,0,,7,0,0,0,,61,4,0.06557377,3,0.75,41,2,0.048780488,1,0.5,20,2,0.1,2,1,54,4,0.074074074,0,0,27,3,0.111111111,0,0,27,1,0.037037037,0,0,0,0,,0,,0,0,,0,,0,0,,0,,101,7,0.069306931,2,0.285714286,54,1,0.018518519,1,1,14,0,0,0,
669720,Hays,Austin,46,2,0.043478261,1,0.5,23,0,0,0,,23,2,0.086956522,1,0.5,35,2,0.057142857,1,0.5,11,0,0,0,,13,0,0,0,,12,0,0,0,,1,0,0,0,,20,2,0.1,1,0.5,18,2,0.111111111,1,0.5,2,0,0,0,,13,0,0,0,,5,0,0,0,,8,0,0,0,,0,0,,0,,0,0,,0,,0,0,,0,,22,1,0.045454545,0,0,21,1,0.047619048,1,1,3,0,0,0,
671289,Freeman,Tyler,136,8,0.058823529,4,0.5,56,5,0.089285714,3,0.6,80,3,0.0375,1,0.333333333,95,4,0.042105263,2,0.5,41,4,0.097560976,2,0.5,50,1,0.02,0,0,47,1,0.021276596,0,0,3,0,0,0,,47,3,0.063829787,2,0.666666667,30,3,0.1,2,0.666666667,17,0,0,0,,38,4,0.105263158,2,0.5,18,0,0,0,,20,4,0.2,2,0.5,1,0,0,0,,0,0,,0,,1,0,0,0,,95,7,0.073684211,3,0.428571429,36,1,0.027777778,1,1,5,0,0,0,
672640,Lopez,Otto,473,23,0.048625793,13,0.565217391,214,11,0.051401869,6,0.545454545,259,12,0.046332046,7,0.583333333,336,13,0.038690476,7,0.538461538,137,10,0.072992701,6,0.6,203,5,0.024630542,0,0,182,5,0.027472527,0,0,21,0,0,0,,148,7,0.047297297,6,0.857142857,99,3,0.03030303,3,1,49,4,0.081632653,3,0.75,117,10,0.085470085,6,0.6,54,5,0.092592593,4,0.8,63,5,0.079365079,2,0.4,5,1,0.2,1,1,1,0,0,0,0,4,1,0.25,1,1,320,18,0.05625,9,0.5,132,2,0.015151515,2,1,21,3,0.142857143,2,0.666666667
677942,Alexander,Blaze,102,11,0.107843137,5,0.454545455,59,6,0.101694915,3,0.5,43,5,0.11627907,2,0.4,68,7,0.102941176,4,0.571428571,34,4,0.117647059,1,0.25,33,3,0.090909091,1,0.333333333,29,2,0.068965517,1,0.5,4,1,0.25,0,0,40,4,0.1,2,0.5,27,4,0.148148148,2,0.5,13,0,0,0,,28,4,0.142857143,2,0.5,12,1,0.083333333,1,1,16,3,0.1875,1,0.333333333,1,0,0,0,,0,0,,0,,1,0,0,0,,60,7,0.116666667,3,0.428571429,30,1,0.033333333,1,1,12,3,0.25,1,0.333333333
677951,Witt,Robert,356,15,0.042134831,6,0.4,181,8,0.044198895,2,0.25,175,7,0.04,4,0.571428571,292,13,0.044520548,4,0.307692308,64,2,0.03125,2,1,170,4,0.023529412,0,0,162,4,0.024691358,0,0,8,0,0,0,,95,5,0.052631579,3,0.6,78,5,0.064102564,3,0.6,17,0,0,0,,90,6,0.066666667,3,0.5,52,4,0.076923077,1,0.25,38,2,0.052631579,2,1,1,0,0,0,,0,0,,0,,1,0,0,0,,239,9,0.037656904,5,0.555555556,108,6,0.055555556,1,0.166666667,9,0,0,0,
679822,Foscue,Justin,186,14,0.075268817,7,0.5,91,8,0.087912088,2,0.25,95,6,0.063157895,5,0.833333333,152,12,0.078947368,6,0.5,34,2,0.058823529,1,0.5,57,2,0.035087719,2,1,55,2,0.036363636,2,1,2,0,0,0,,54,4,0.074074074,1,0.25,44,4,0.090909091,1,0.25,10,0,0,0,,71,8,0.112676056,4,0.5,50,6,0.12,3,0.5,21,2,0.095238095,1,0.5,4,0,0,0,,3,0,0,0,,1,0,0,0,,112,10,0.089285714,5,0.5,59,3,0.050847458,1,0.333333333,15,1,0.066666667,1,1
680664,Valencia,Eduardo,60,4,0.066666667,1,0.25,40,4,0.1,1,0.25,20,0,0,0,,41,2,0.048780488,1,0.5,19,2,0.105263158,0,0,20,0,0,0,,17,0,0,0,,3,0,0,0,,19,1,0.052631579,0,0,15,1,0.066666667,0,0,4,0,0,0,,19,2,0.105263158,1,0.5,9,1,0.111111111,1,1,10,1,0.1,0,0,2,1,0.5,0,0,0,0,,0,0,2,1,0.5,0,0,40,2,0.05,1,0.5,18,2,0.111111111,0,0,2,0,0,0,
680728,Del Castillo,Adrian,112,3,0.026785714,2,0.666666667,44,0,0,0,,68,3,0.044117647,2,0.666666667,94,2,0.021276596,1,0.5,18,1,0.055555556,1,1,34,0,0,0,,33,0,0,0,,1,0,0,0,,48,2,0.041666667,1,0.5,41,2,0.048780488,1,0.5,7,0,0,0,,29,0,0,0,,20,0,0,0,,9,0,0,0,,1,1,1,1,1,0,0,,0,0,1,1,1,1,1,65,2,0.030769231,1,0.5,32,1,0.03125,1,1,15,0,0,0,
682663,Ramírez,Agustín,119,8,0.067226891,0,0,58,4,0.068965517,0,0,61,4,0.06557377,0,0,77,7,0.090909091,0,0,42,1,0.023809524,0,0,39,3,0.076923077,0,0,34,3,0.088235294,0,0,5,0,0,0,,44,1,0.022727273,0,0,23,1,0.043478261,0,0,21,0,0,0,,35,4,0.114285714,0,0,20,3,0.15,0,0,15,1,0.066666667,0,0,1,0,0,0,,0,0,,0,,1,0,0,0,,79,7,0.088607595,0,0,33,1,0.03030303,0,0,7,0,0,0,
687263,Neto,Zachary,368,32,0.086956522,18,0.5625,171,15,0.087719298,9,0.6,197,17,0.086294416,9,0.529411765,269,23,0.085501859,14,0.608695652,99,9,0.090909091,4,0.444444444,162,14,0.086419753,7,0.5,151,13,0.086092715,7,0.538461538,11,1,0.090909091,0,0,96,5,0.052083333,4,0.8,71,5,0.070422535,4,0.8,25,0,0,0,,105,11,0.104761905,6,0.545454545,45,5,0.111111111,3,0.6,60,6,0.1,3,0.5,5,2,0.4,1,0.5,2,0,0,0,0,3,2,0.666666667,1,0.5,206,16,0.077669903,8,0.5,126,11,0.087301587,7,0.636363636,36,5,0.138888889,3,0.6
688363,Pauley,Graham,102,3,0.029411765,1,0.333333333,58,2,0.034482759,1,0.5,44,1,0.022727273,0,0,64,1,0.015625,0,0,38,2,0.052631579,1,0.5,33,0,0,0,,27,0,0,0,,6,0,0,0,,39,1,0.025641026,0,0,26,1,0.038461538,0,0,13,0,0,0,,29,2,0.068965517,1,0.5,11,0,0,0,,18,2,0.111111111,1,0.5,1,0,0,0,,0,0,,0,,1,0,0,0,,66,2,0.03030303,1,0.5,22,1,0.045454545,0,0,14,0,0,0,
691016,Soderstrom,Tyler,252,7,0.027777778,4,0.571428571,129,3,0.023255814,1,0.333333333,123,4,0.032520325,3,0.75,181,5,0.027624309,2,0.4,71,2,0.028169014,2,1,98,0,0,0,,90,0,0,0,,8,0,0,0,,85,4,0.047058824,3,0.75,57,3,0.052631579,2,0.666666667,28,1,0.035714286,1,1,67,3,0.044776119,1,0.333333333,33,2,0.060606061,0,0,34,1,0.029411765,1,1,2,0,0,0,,1,0,0,0,,1,0,0,0,,164,3,0.018292683,1,0.333333333,72,4,0.055555556,3,0.75,16,0,0,0,
694192,Chourio,Jackson,353,3,0.008498584,0,0,170,2,0.011764706,0,0,183,1,0.005464481,0,0,269,2,0.007434944,0,0,84,1,0.011904762,0,0,184,1,0.005434783,0,0,163,1,0.006134969,0,0,21,0,0,0,,86,0,0,0,,64,0,0,0,,22,0,0,0,,80,2,0.025,0,0,41,1,0.024390244,0,0,39,1,0.025641026,0,0,3,0,0,0,,1,0,0,0,,2,0,0,0,,233,2,0.008583691,0,0,103,1,0.009708738,0,0,17,0,0,0,
694497,Carter,Evan,354,13,0.036723164,6,0.461538462,163,8,0.049079755,4,0.5,191,5,0.02617801,2,0.4,274,13,0.047445255,6,0.461538462,80,0,0,0,,116,5,0.043103448,1,0.2,108,5,0.046296296,1,0.2,8,0,0,0,,126,6,0.047619048,4,0.666666667,100,6,0.06,4,0.666666667,26,0,0,0,,110,2,0.018181818,1,0.5,66,2,0.03030303,1,0.5,44,0,0,0,,2,0,0,0,,0,0,,0,,2,0,0,0,,217,7,0.032258065,3,0.428571429,91,5,0.054945055,3,0.6,46,1,0.02173913,0,0
695734,Lile,Daylen,255,4,0.015686275,2,0.5,131,3,0.022900763,2,0.666666667,124,1,0.008064516,0,0,157,3,0.01910828,1,0.333333333,98,1,0.010204082,1,1,74,2,0.027027027,0,0,63,2,0.031746032,0,0,11,0,0,0,,95,1,0.010526316,1,1,57,1,0.01754386,1,1,38,0,0,0,,78,1,0.012820513,1,1,33,0,0,0,,45,1,0.022222222,1,1,8,0,0,0,,4,0,0,0,,4,0,0,0,,135,2,0.014814815,1,0.5,98,2,0.020408163,1,0.5,22,0,0,0,
696100,Goodman,Hunter,225,12,0.053333333,5,0.416666667,99,6,0.060606061,2,0.333333333,126,6,0.047619048,3,0.5,164,8,0.048780488,4,0.5,61,4,0.06557377,1,0.25,97,0,0,0,,88,0,0,0,,9,0,0,0,,73,2,0.02739726,0,0,48,2,0.041666667,0,0,25,0,0,0,,54,10,0.185185185,5,0.5,27,6,0.222222222,4,0.666666667,27,4,0.148148148,1,0.25,1,0,0,0,,1,0,0,0,,0,0,,0,,134,6,0.044776119,0,0,75,6,0.08,5,0.833333333,16,0,0,0,
699393,Ramírez,Pedro,147,5,0.034013605,3,0.6,82,4,0.048780488,3,0.75,65,1,0.015384615,0,0,113,4,0.03539823,3,0.75,34,1,0.029411765,0,0,37,1,0.027027027,1,1,33,1,0.03030303,1,1,4,0,0,0,,52,1,0.019230769,1,1,41,1,0.024390244,1,1,11,0,0,0,,56,3,0.053571429,1,0.333333333,39,2,0.051282051,1,0.5,17,1,0.058823529,0,0,2,0,0,0,,0,0,,0,,2,0,0,0,,80,2,0.025,2,1,53,3,0.056603774,1,0.333333333,14,0,0,0,
514888,Altuve,Jose,314,37,0.117834395,21,0.567567568,169,21,0.124260355,9,0.428571429,145,16,0.110344828,12,0.75,217,29,0.133640553,16,0.551724138,97,8,0.082474227,5,0.625,136,17,0.125,10,0.588235294,118,16,0.13559322,9,0.5625,18,1,0.055555556,1,1,98,10,0.102040816,6,0.6,69,9,0.130434783,5,0.555555556,29,1,0.034482759,1,1,74,9,0.121621622,5,0.555555556,29,3,0.103448276,2,0.666666667,45,6,0.133333333,3,0.5,6,1,0.166666667,0,0,1,1,1,0,0,5,0,0,0,0,189,25,0.132275132,14,0.56,97,9,0.092783505,6,0.666666667,28,3,0.107142857,1,0.333333333
516782,Marte,Starling,93,3,0.032258065,2,0.666666667,36,2,0.055555556,1,0.5,57,1,0.01754386,1,1,69,2,0.028985507,1,0.5,24,1,0.041666667,1,1,29,1,0.034482759,1,1,26,1,0.038461538,1,1,3,0,0,0,,32,0,0,0,,25,0,0,0,,7,0,0,0,,32,2,0.0625,1,0.5,18,1,0.055555556,0,0,14,1,0.071428571,1,1,0,0,,0,,0,0,,0,,0,0,,0,,51,1,0.019607843,1,1,24,2,0.083333333,1,0.5,18,0,0,0,
595879,Báez,Ednel,103,7,0.067961165,4,0.571428571,40,4,0.1,2,0.5,63,3,0.047619048,2,0.666666667,74,6,0.081081081,4,0.666666667,29,1,0.034482759,0,0,24,1,0.041666667,1,1,23,1,0.043478261,1,1,1,0,0,0,,33,1,0.03030303,1,1,27,1,0.037037037,1,1,6,0,0,0,,46,5,0.108695652,2,0.4,24,4,0.166666667,2,0.5,22,1,0.045454545,0,0,0,0,,0,,0,0,,0,,0,0,,0,,70,7,0.1,4,0.571428571,25,0,0,0,,8,0,0,0,
596146,Kepler,Maximilian,64,2,0.03125,2,1,30,2,0.066666667,2,1,34,0,0,0,,40,0,0,0,,24,2,0.083333333,2,1,25,0,0,0,,23,0,0,0,,2,0,0,0,,17,1,0.058823529,1,1,8,0,0,0,,9,1,0.111111111,1,1,20,1,0.05,1,1,9,0,0,0,,11,1,0.090909091,1,1,2,0,0,0,,0,0,,0,,2,0,0,0,,42,1,0.023809524,1,1,14,1,0.071428571,1,1,8,0,0,0,
608070,Ramírez,José,346,6,0.01734104,1,0.166666667,163,2,0.012269939,0,0,183,4,0.021857923,1,0.25,228,3,0.013157895,1,0.333333333,118,3,0.025423729,0,0,129,1,0.007751938,1,1,122,1,0.008196721,1,1,7,0,0,0,,113,2,0.017699115,0,0,68,1,0.014705882,0,0,45,1,0.022222222,0,0,103,3,0.029126214,0,0,38,1,0.026315789,0,0,65,2,0.030769231,0,0,1,0,0,0,,0,0,,0,,1,0,0,0,,206,5,0.024271845,1,0.2,99,1,0.01010101,0,0,41,0,0,0,
621020,Swanson,James,237,6,0.025316456,2,0.333333333,117,4,0.034188034,1,0.25,120,2,0.016666667,1,0.5,182,5,0.027472527,2,0.4,55,1,0.018181818,0,0,80,1,0.0125,0,0,70,1,0.014285714,0,0,10,0,0,0,,77,1,0.012987013,1,1,69,1,0.014492754,1,1,8,0,0,0,,78,3,0.038461538,1,0.333333333,42,2,0.047619048,1,0.5,36,1,0.027777778,0,0,2,1,0.5,0,0,1,1,1,0,0,1,0,0,0,0,116,3,0.025862069,1,0.333333333,100,2,0.02,0,0,21,1,0.047619048,1,1
622761,Mateo,Jorge,110,13,0.118181818,4,0.307692308,45,7,0.155555556,0,0,65,6,0.092307692,4,0.666666667,81,9,0.111111111,3,0.333333333,29,4,0.137931034,1,0.25,35,5,0.142857143,1,0.2,33,4,0.121212121,1,0.25,2,1,0.5,0,0,42,4,0.095238095,2,0.5,26,3,0.115384615,1,0.333333333,16,1,0.0625,1,1,33,4,0.121212121,1,0.25,22,2,0.090909091,1,0.5,11,2,0.181818182,0,0,0,0,,0,,0,0,,0,,0,0,,0,,76,8,0.105263158,2,0.25,26,5,0.192307692,2,0.4,8,0,0,0,
624585,Soler,Jorge,202,10,0.04950495,3,0.3,108,6,0.055555556,1,0.166666667,94,4,0.042553191,2,0.5,134,5,0.037313433,2,0.4,68,5,0.073529412,1,0.2,78,3,0.038461538,0,0,63,1,0.015873016,0,0,15,2,0.133333333,0,0,66,4,0.060606061,3,0.75,45,2,0.044444444,2,1,21,2,0.095238095,1,0.5,54,3,0.055555556,0,0,26,2,0.076923077,0,0,28,1,0.035714286,0,0,4,0,0,0,,0,0,,0,,4,0,0,0,,107,6,0.056074766,2,0.333333333,81,4,0.049382716,1,0.25,14,0,0,0,
630105,Cronenworth,Jacob,275,3,0.010909091,2,0.666666667,140,2,0.014285714,2,1,135,1,0.007407407,0,0,197,3,0.015228426,2,0.666666667,78,0,0,0,,124,0,0,0,,107,0,0,0,,17,0,0,0,,88,2,0.022727273,2,1,54,2,0.037037037,2,1,34,0,0,0,,63,1,0.015873016,0,0,36,1,0.027777778,0,0,27,0,0,0,,0,0,,0,,0,0,,0,,0,0,,0,,187,2,0.010695187,2,1,69,1,0.014492754,0,0,19,0,0,0,
641680,Heim,Jonah,224,5,0.022321429,2,0.4,116,4,0.034482759,2,0.5,108,1,0.009259259,0,0,147,3,0.020408163,1,0.333333333,77,2,0.025974026,1,0.5,65,0,0,0,,56,0,0,0,,9,0,0,0,,83,2,0.024096386,0,0,49,1,0.020408163,0,0,34,1,0.029411765,0,0,75,2,0.026666667,1,0.5,42,2,0.047619048,1,0.5,33,0,0,0,,1,1,1,1,1,0,0,,0,0,1,1,1,1,1,162,3,0.018518519,1,0.333333333,43,1,0.023255814,0,0,19,1,0.052631579,1,1
642715,Adames,Willy,307,17,0.055374593,7,0.411764706,144,7,0.048611111,2,0.285714286,163,10,0.061349693,5,0.5,237,15,0.063291139,6,0.4,70,2,0.028571429,1,0.5,132,6,0.045454545,3,0.5,125,6,0.048,3,0.5,7,0,0,0,,98,6,0.06122449,1,0.166666667,72,6,0.083333333,1,0.166666667,26,0,0,0,,76,5,0.065789474,3,0.6,40,3,0.075,2,0.666666667,36,2,0.055555556,1,0.5,1,0,0,0,,0,0,,0,,1,0,0,0,,187,12,0.064171123,5,0.416666667,98,5,0.051020408,2,0.4,22,0,0,0,
645277,Albies,Ozhaino,232,9,0.038793103,4,0.444444444,100,2,0.02,0,0,132,7,0.053030303,4,0.571428571,178,7,0.039325843,4,0.571428571,54,2,0.037037037,0,0,89,5,0.056179775,3,0.6,79,4,0.050632911,3,0.75,10,1,0.1,0,0,70,2,0.028571429,1,0.5,56,2,0.035714286,1,0.5,14,0,0,0,,71,2,0.028169014,0,0,43,1,0.023255814,0,0,28,1,0.035714286,0,0,2,0,0,0,,0,0,,0,,2,0,0,0,,107,3,0.028037383,1,0.333333333,101,4,0.03960396,1,0.25,24,2,0.083333333,2,1
656555,Hoskins,Rhys,196,13,0.066326531,7,0.538461538,94,8,0.085106383,4,0.5,102,5,0.049019608,3,0.6,135,9,0.066666667,4,0.444444444,61,4,0.06557377,3,0.75,78,5,0.064102564,2,0.4,76,5,0.065789474,2,0.4,2,0,0,0,,65,5,0.076923077,4,0.8,40,2,0.05,1,0.5,25,3,0.12,3,1,53,3,0.056603774,1,0.333333333,19,2,0.105263158,1,0.5,34,1,0.029411765,0,0,0,0,,0,,0,0,,0,,0,0,,0,,100,8,0.08,5,0.625,79,4,0.050632911,2,0.5,17,1,0.058823529,0,0
543807,Springer,George,262,8,0.030534351,4,0.5,143,6,0.041958042,3,0.5,119,2,0.016806723,1,0.5,182,5,0.027472527,2,0.4,80,3,0.0375,2,0.666666667,100,4,0.04,2,0.5,92,3,0.032608696,1,0.333333333,8,1,0.125,1,1,77,2,0.025974026,1,0.5,53,2,0.037735849,1,0.5,24,0,0,0,,81,2,0.024691358,1,0.5,37,0,0,0,,44,2,0.045454545,1,0.5,4,0,0,0,,0,0,,0,,4,0,0,0,,167,3,0.017964072,0,0,77,3,0.038961039,3,1,18,2,0.111111111,1,0.5
553993,Suárez,Eugenio,333,13,0.039039039,6,0.461538462,167,9,0.053892216,6,0.666666667,166,4,0.024096386,0,0,236,11,0.046610169,5,0.454545455,97,2,0.020618557,1,0.5,108,3,0.027777778,1,0.333333333,97,3,0.030927835,1,0.333333333,11,0,0,0,,128,5,0.0390625,4,0.8,87,3,0.034482759,3,1,41,2,0.048780488,1,0.5,95,5,0.052631579,1,0.2,52,5,0.096153846,1,0.2,43,0,0,0,,2,0,0,0,,0,0,,0,,2,0,0,0,,224,11,0.049107143,5,0.454545455,87,1,0.011494253,1,1,22,1,0.045454545,0,0
571448,Arenado,Nolan,394,14,0.035532995,10,0.714285714,198,6,0.03030303,5,0.833333333,196,8,0.040816327,5,0.625,289,10,0.034602076,7,0.7,105,4,0.038095238,3,0.75,125,1,0.008,0,0,106,1,0.009433962,0,0,19,0,0,0,,155,6,0.038709677,4,0.666666667,116,5,0.043103448,3,0.6,39,1,0.025641026,1,1,110,6,0.054545455,5,0.833333333,66,3,0.045454545,3,1,44,3,0.068181818,2,0.666666667,4,1,0.25,1,1,1,1,1,1,1,3,0,0,0,0,228,9,0.039473684,6,0.666666667,140,5,0.035714286,4,0.8,26,0,0,0,
592663,Realmuto,Jacob,307,9,0.029315961,5,0.555555556,168,6,0.035714286,3,0.5,139,3,0.021582734,2,0.666666667,217,4,0.01843318,1,0.25,90,5,0.055555556,4,0.8,104,1,0.009615385,0,0,86,1,0.011627907,0,0,18,0,0,0,,110,1,0.009090909,0,0,82,1,0.012195122,0,0,28,0,0,0,,92,7,0.076086957,5,0.714285714,49,2,0.040816327,1,0.5,43,5,0.11627907,4,0.8,1,0,0,0,,0,0,,0,,1,0,0,0,,161,6,0.037267081,4,0.666666667,129,2,0.015503876,0,0,17,1,0.058823529,1,1
595978,Hedges,Austin,147,3,0.020408163,1,0.333333333,75,1,0.013333333,0,0,72,2,0.027777778,1,0.5,105,3,0.028571429,1,0.333333333,42,0,0,0,,41,0,0,0,,34,0,0,0,,7,0,0,0,,63,1,0.015873016,0,0,43,1,0.023255814,0,0,20,0,0,0,,43,2,0.046511628,1,0.5,28,2,0.071428571,1,0.5,15,0,0,0,,0,0,,0,,0,0,,0,,0,0,,0,,99,2,0.02020202,1,0.5,41,1,0.024390244,0,0,7,0,0,0,
596103,Slater,Austin,46,2,0.043478261,1,0.5,22,0,0,0,,24,2,0.083333333,1,0.5,34,1,0.029411765,0,0,12,1,0.083333333,1,1,21,0,0,0,,21,0,0,0,,0,0,,0,,9,1,0.111111111,1,1,4,0,0,0,,5,1,0.2,1,1,16,1,0.0625,0,0,9,1,0.111111111,0,0,7,0,0,0,,0,0,,0,,0,0,,0,,0,0,,0,,29,2,0.068965517,1,0.5,14,0,0,0,,3,0,0,0,
624641,Sosa,Edmundo,114,5,0.043859649,4,0.8,55,3,0.054545455,2,0.666666667,59,2,0.033898305,2,1,70,4,0.057142857,3,0.75,44,1,0.022727273,1,1,40,3,0.075,2,0.666666667,35,3,0.085714286,2,0.666666667,5,0,0,0,,34,2,0.058823529,2,1,22,1,0.045454545,1,1,12,1,0.083333333,1,1,38,0,0,0,,13,0,0,0,,25,0,0,0,,2,0,0,0,,0,0,,0,,2,0,0,0,,74,4,0.054054054,3,0.75,35,1,0.028571429,1,1,5,0,0,0,
647304,Naylor,Joshua-Douglas,270,26,0.096296296,7,0.269230769,114,15,0.131578947,4,0.266666667,156,11,0.070512821,3,0.272727273,184,18,0.097826087,4,0.222222222,86,8,0.093023256,3,0.375,109,12,0.110091743,3,0.25,98,10,0.102040816,2,0.2,11,2,0.181818182,1,0.5,89,5,0.056179775,1,0.2,60,5,0.083333333,1,0.2,29,0,0,0,,68,8,0.117647059,3,0.375,25,3,0.12,1,0.333333333,43,5,0.11627907,2,0.4,4,1,0.25,0,0,1,0,0,0,0,3,1,0.333333333,0,0,173,17,0.098265896,5,0.294117647,80,9,0.1125,2,0.222222222,17,0,0,0,
650859,Rengifo,Luis,191,6,0.031413613,2,0.333333333,89,3,0.033707865,2,0.666666667,102,3,0.029411765,0,0,117,4,0.034188034,2,0.5,74,2,0.027027027,0,0,64,2,0.03125,2,1,58,2,0.034482759,2,1,6,0,0,0,,63,1,0.015873016,0,0,32,0,0,0,,31,1,0.032258065,0,0,60,2,0.033333333,0,0,27,2,0.074074074,0,0,33,0,0,0,,4,1,0.25,0,0,0,0,,0,0,4,1,0.25,0,0,130,5,0.038461538,1,0.2,46,0,0,0,,15,1,0.066666667,1,1
660162,Moncada,Yoán,110,3,0.027272727,0,0,44,2,0.045454545,0,0,66,1,0.015151515,0,0,75,2,0.026666667,0,0,35,1,0.028571429,0,0,44,2,0.045454545,0,0,38,2,0.052631579,0,0,6,0,0,0,,35,0,0,0,,24,0,0,0,,11,0,0,0,,30,0,0,0,,13,0,0,0,,17,0,0,0,,1,1,1,0,0,0,0,,0,0,1,1,1,0,0,65,3,0.046153846,0,0,30,0,0,0,,15,0,0,0,
660670,Acuña,Ronald,201,25,0.124378109,13,0.52,112,16,0.142857143,9,0.5625,89,9,0.101123596,4,0.444444444,149,19,0.127516779,10,0.526315789,52,6,0.115384615,3,0.5,82,9,0.109756098,5,0.555555556,74,8,0.108108108,5,0.625,8,1,0.125,0,0,53,8,0.150943396,4,0.5,36,6,0.166666667,3,0.5,17,2,0.117647059,1,0.5,63,8,0.126984127,4,0.5,39,5,0.128205128,2,0.4,24,3,0.125,2,0.666666667,3,0,0,0,,0,0,,0,,3,0,0,0,,106,14,0.132075472,6,0.428571429,74,10,0.135135135,7,0.7,21,1,0.047619048,0,0
663662,Cameron,Dazmon,20,4,0.2,3,0.75,9,2,0.222222222,2,1,11,2,0.181818182,1,0.5,15,4,0.266666667,3,0.75,5,0,0,0,,7,0,0,0,,7,0,0,0,,0,0,,0,,3,1,0.333333333,1,1,3,1,0.333333333,1,1,0,0,,0,,10,3,0.3,2,0.666666667,5,3,0.6,2,0.666666667,5,0,0,0,,0,0,,0,,0,0,,0,,0,0,,0,,15,3,0.2,2,0.666666667,4,0,0,0,,1,1,1,1,1
663968,Mangum,Jake,207,13,0.062801932,4,0.307692308,94,7,0.074468085,0,0,113,6,0.053097345,4,0.666666667,152,8,0.052631579,3,0.375,55,5,0.090909091,1,0.2,87,4,0.045977011,2,0.5,82,4,0.048780488,2,0.5,5,0,0,0,,63,2,0.031746032,0,0,44,1,0.022727273,0,0,19,1,0.052631579,0,0,55,7,0.127272727,2,0.285714286,26,3,0.115384615,1,0.333333333,29,4,0.137931034,1,0.25,2,0,0,0,,0,0,,0,,2,0,0,0,,153,10,0.065359477,3,0.3,46,3,0.065217391,1,0.333333333,8,0,0,0,
502671,Goldschmidt,Paul,255,6,0.023529412,1,0.166666667,115,3,0.026086957,1,0.333333333,140,3,0.021428571,0,0,188,5,0.026595745,1,0.2,67,1,0.014925373,0,0,104,2,0.019230769,1,0.5,96,2,0.020833333,1,0.5,8,0,0,0,,97,2,0.020618557,0,0,63,1,0.015873016,0,0,34,1,0.029411765,0,0,53,2,0.037735849,0,0,29,2,0.068965517,0,0,24,0,0,0,,1,0,0,0,,0,0,,0,,1,0,0,0,,126,1,0.007936508,1,1,96,4,0.041666667,0,0,33,1,0.03030303,0,0
518595,d'Arnaud,Travis,51,3,0.058823529,0,0,22,2,0.090909091,0,0,29,1,0.034482759,0,0,33,1,0.03030303,0,0,18,2,0.111111111,0,0,20,0,0,0,,15,0,0,0,,5,0,0,0,,20,1,0.05,0,0,14,1,0.071428571,0,0,6,0,0,0,,11,2,0.181818182,0,0,4,0,0,0,,7,2,0.285714286,0,0,0,0,,0,,0,0,,0,,0,0,,0,,36,2,0.055555556,0,0,9,1,0.111111111,0,0,6,0,0,0,
596142,Sánchez,Gary,236,37,0.156779661,14,0.378378378,99,15,0.151515152,9,0.6,137,22,0.160583942,5,0.227272727,158,24,0.151898734,10,0.416666667,78,13,0.166666667,4,0.307692308,77,7,0.090909091,5,0.714285714,68,7,0.102941176,5,0.714285714,9,0,0,0,,93,16,0.172043011,7,0.4375,63,12,0.19047619,5,0.416666667,30,4,0.133333333,2,0.5,62,14,0.225806452,2,0.142857143,25,5,0.2,0,0,37,9,0.243243243,2,0.222222222,4,0,0,0,,2,0,0,0,,2,0,0,0,,135,20,0.148148148,7,0.35,82,13,0.158536585,4,0.307692308,19,4,0.210526316,3,0.75
624424,Conforto,Michael,206,9,0.04368932,6,0.666666667,86,4,0.046511628,4,1,120,5,0.041666667,2,0.4,146,6,0.04109589,4,0.666666667,60,3,0.05,2,0.666666667,62,1,0.016129032,1,1,56,1,0.017857143,1,1,6,0,0,0,,63,2,0.031746032,2,1,46,1,0.02173913,1,1,17,1,0.058823529,1,1,79,5,0.063291139,2,0.4,44,4,0.090909091,2,0.5,35,1,0.028571429,0,0,2,1,0.5,1,1,0,0,,0,0,2,1,0.5,1,1,83,1,0.012048193,1,1,91,5,0.054945055,2,0.4,32,3,0.09375,3,1
643396,Kiner-Falefa,Isiah,106,7,0.066037736,3,0.428571429,61,4,0.06557377,1,0.25,45,3,0.066666667,2,0.666666667,73,6,0.082191781,2,0.333333333,33,1,0.03030303,1,1,30,1,0.033333333,1,1,26,1,0.038461538,1,1,4,0,0,0,,35,0,0,0,,24,0,0,0,,11,0,0,0,,41,6,0.146341463,2,0.333333333,23,5,0.217391304,1,0.2,18,1,0.055555556,1,1,0,0,,0,,0,0,,0,,0,0,,0,,72,3,0.041666667,1,0.333333333,30,4,0.133333333,2,0.5,4,0,0,0,
664034,France,Tyler,191,4,0.020942408,1,0.25,94,3,0.031914894,1,0.333333333,97,1,0.010309278,0,0,133,3,0.022556391,0,0,58,1,0.017241379,1,1,73,1,0.01369863,0,0,66,1,0.015151515,0,0,7,0,0,0,,53,0,0,0,,40,0,0,0,,13,0,0,0,,63,2,0.031746032,0,0,27,2,0.074074074,0,0,36,0,0,0,,2,1,0.5,1,1,0,0,,0,0,2,1,0.5,1,1,138,3,0.02173913,1,0.333333333,45,0,0,0,,8,1,0.125,0,0
664702,Straw,Myles,262,14,0.053435115,10,0.714285714,138,7,0.050724638,6,0.857142857,124,7,0.056451613,4,0.571428571,164,9,0.054878049,6,0.666666667,98,5,0.051020408,4,0.8,71,5,0.070422535,2,0.4,60,4,0.066666667,2,0.5,11,1,0.090909091,0,0,81,3,0.037037037,3,1,53,0,0,0,,28,3,0.107142857,3,1,104,5,0.048076923,4,0.8,51,5,0.098039216,4,0.8,53,0,0,0,,6,1,0.166666667,1,1,0,0,,0,0,6,1,0.166666667,1,1,162,5,0.030864198,4,0.8,81,5,0.061728395,3,0.6,19,4,0.210526316,3,0.75
664728,Isbel,Kyle,212,3,0.014150943,1,0.333333333,113,2,0.017699115,1,0.5,99,1,0.01010101,0,0,167,2,0.011976048,1,0.5,45,1,0.022222222,0,0,57,1,0.01754386,1,1,49,1,0.020408163,1,1,8,0,0,0,,78,1,0.012820513,0,0,67,1,0.014925373,0,0,11,0,0,0,,74,1,0.013513514,0,0,51,0,0,0,,23,1,0.043478261,0,0,3,0,0,0,,0,0,,0,,3,0,0,0,,146,1,0.006849315,0,0,57,2,0.035087719,1,0.5,9,0,0,0,
665489,Guerrero,Vladimir,315,20,0.063492063,9,0.45,174,13,0.074712644,6,0.461538462,141,7,0.04964539,3,0.428571429,226,13,0.057522124,7,0.538461538,89,7,0.078651685,2,0.285714286,127,7,0.05511811,3,0.428571429,119,7,0.058823529,3,0.428571429,8,0,0,0,,99,5,0.050505051,3,0.6,65,4,0.061538462,2,0.5,34,1,0.029411765,1,1,89,8,0.08988764,3,0.375,42,2,0.047619048,2,1,47,6,0.127659574,1,0.166666667,0,0,,0,,0,0,,0,,0,0,,0,,238,14,0.058823529,4,0.285714286,61,5,0.081967213,4,0.8,16,1,0.0625,1,1
665862,Chisholm,Jasrado,306,22,0.071895425,8,0.363636364,155,7,0.04516129,2,0.285714286,151,15,0.099337748,6,0.4,200,15,0.075,4,0.266666667,106,7,0.066037736,4,0.571428571,102,6,0.058823529,3,0.5,91,5,0.054945055,2,0.4,11,1,0.090909091,1,1,123,10,0.081300813,4,0.4,77,8,0.103896104,2,0.25,46,2,0.043478261,2,1,78,6,0.076923077,1,0.166666667,31,2,0.064516129,0,0,47,4,0.085106383,1,0.25,3,0,0,0,,1,0,0,0,,2,0,0,0,,185,12,0.064864865,4,0.333333333,91,8,0.087912088,4,0.5,30,2,0.066666667,0,0
666464,Encarnacion,Jerar,26,4,0.153846154,1,0.25,15,2,0.133333333,1,0.5,11,2,0.181818182,0,0,15,3,0.2,1,0.333333333,11,1,0.090909091,0,0,9,0,0,0,,7,0,0,0,,2,0,0,0,,8,2,0.25,1,0.5,5,2,0.4,1,0.5,3,0,0,0,,9,2,0.222222222,0,0,3,1,0.333333333,0,0,6,1,0.166666667,0,0,0,0,,0,,0,0,,0,,0,0,,0,,19,4,0.210526316,1,0.25,7,0,0,0,,0,0,,0,
667670,Rooker,Terry,99,10,0.101010101,7,0.7,49,4,0.081632653,3,0.75,50,6,0.12,4,0.666666667,65,6,0.092307692,5,0.833333333,34,4,0.117647059,2,0.5,31,2,0.064516129,2,1,27,2,0.074074074,2,1,4,0,0,0,,37,2,0.054054054,1,0.5,24,1,0.041666667,0,0,13,1,0.076923077,1,1,29,5,0.172413793,4,0.8,14,3,0.214285714,3,1,15,2,0.133333333,1,0.5,2,1,0.5,0,0,0,0,,0,0,2,1,0.5,0,0,53,7,0.132075472,5,0.714285714,37,2,0.054054054,1,0.5,9,1,0.111111111,1,1
668715,Steer,Spencer,262,6,0.022900763,4,0.666666667,127,3,0.023622047,2,0.666666667,135,3,0.022222222,2,0.666666667,209,6,0.028708134,4,0.666666667,53,0,0,0,,99,1,0.01010101,1,1,86,1,0.011627907,1,1,13,0,0,0,,91,3,0.032967033,2,0.666666667,76,3,0.039473684,2,0.666666667,15,0,0,0,,71,2,0.028169014,1,0.5,47,2,0.042553191,1,0.5,24,0,0,0,,1,0,0,0,,0,0,,0,,1,0,0,0,,189,6,0.031746032,4,0.666666667,58,0,0,0,,15,0,0,0,
518692,Freeman,Frederick,295,7,0.023728814,5,0.714285714,148,3,0.02027027,3,1,147,4,0.027210884,2,0.5,231,5,0.021645022,3,0.6,64,2,0.03125,2,1,138,2,0.014492754,1,0.5,123,2,0.016260163,1,0.5,15,0,0,0,,87,2,0.022988506,2,1,67,2,0.029850746,2,1,20,0,0,0,,69,3,0.043478261,2,0.666666667,41,1,0.024390244,0,0,28,2,0.071428571,2,1,1,0,0,0,,0,0,,0,,1,0,0,0,,170,3,0.017647059,3,1,90,4,0.044444444,2,0.5,35,0,0,0,
572233,Walker,Christian,277,25,0.090252708,13,0.52,152,16,0.105263158,7,0.4375,125,9,0.072,6,0.666666667,175,16,0.091428571,10,0.625,102,9,0.088235294,3,0.333333333,102,7,0.068627451,5,0.714285714,91,7,0.076923077,5,0.714285714,11,0,0,0,,96,7,0.072916667,4,0.571428571,56,5,0.089285714,3,0.6,40,2,0.05,1,0.5,77,11,0.142857143,4,0.363636364,28,4,0.142857143,2,0.5,49,7,0.142857143,2,0.285714286,2,0,0,0,,0,0,,0,,2,0,0,0,,177,17,0.096045198,8,0.470588235,77,6,0.077922078,3,0.5,23,2,0.086956522,2,1
575929,Contreras,Willson,293,24,0.081911263,10,0.416666667,143,13,0.090909091,5,0.384615385,150,11,0.073333333,5,0.454545455,230,19,0.082608696,9,0.473684211,63,5,0.079365079,1,0.2,131,11,0.083969466,7,0.636363636,120,11,0.091666667,7,0.636363636,11,0,0,0,,100,7,0.07,1,0.142857143,75,5,0.066666667,1,0.2,25,2,0.08,0,0,60,5,0.083333333,1,0.2,35,3,0.085714286,1,0.333333333,25,2,0.08,0,0,2,1,0.5,1,1,0,0,,0,0,2,1,0.5,1,1,176,13,0.073863636,6,0.461538462,85,7,0.082352941,3,0.428571429,32,4,0.125,1,0.25
641933,O'Neill,Tyler,155,9,0.058064516,6,0.666666667,80,4,0.05,2,0.5,75,5,0.066666667,4,0.8,107,3,0.028037383,3,1,48,6,0.125,3,0.5,51,1,0.019607843,1,1,47,1,0.021276596,1,1,4,0,0,0,,55,2,0.036363636,1,0.5,36,0,0,0,,19,2,0.105263158,1,0.5,46,5,0.108695652,4,0.8,24,2,0.083333333,2,1,22,3,0.136363636,2,0.666666667,3,1,0.333333333,0,0,0,0,,0,0,3,1,0.333333333,0,0,93,5,0.053763441,4,0.8,54,3,0.055555556,1,0.333333333,8,1,0.125,1,1
642215,Wilson,Weston,125,3,0.024,1,0.333333333,62,2,0.032258065,1,0.5,63,1,0.015873016,0,0,79,2,0.025316456,0,0,46,1,0.02173913,1,1,41,2,0.048780488,1,0.5,30,1,0.033333333,0,0,11,1,0.090909091,1,1,47,1,0.021276596,0,0,34,1,0.029411765,0,0,13,0,0,0,,36,0,0,0,,15,0,0,0,,21,0,0,0,,1,0,0,0,,0,0,,0,,1,0,0,0,,65,2,0.030769231,1,0.5,48,1,0.020833333,0,0,12,0,0,0,
663993,Lowe,David,297,8,0.026936027,3,0.375,147,4,0.027210884,3,0.75,150,4,0.026666667,0,0,227,6,0.026431718,2,0.333333333,70,2,0.028571429,1,0.5,107,1,0.009345794,1,1,95,1,0.010526316,1,1,12,0,0,0,,101,1,0.00990099,1,1,78,0,0,0,,23,1,0.043478261,1,1,87,6,0.068965517,1,0.166666667,54,5,0.092592593,1,0.2,33,1,0.03030303,0,0,2,0,0,0,,0,0,,0,,2,0,0,0,,195,7,0.035897436,2,0.285714286,76,0,0,0,,26,1,0.038461538,1,1
665923,Ruiz,Esteury,137,20,0.145985401,13,0.65,69,9,0.130434783,6,0.666666667,68,11,0.161764706,7,0.636363636,96,14,0.145833333,11,0.785714286,41,6,0.146341463,2,0.333333333,36,2,0.055555556,2,1,34,2,0.058823529,2,1,2,0,0,0,,40,5,0.125,3,0.6,30,4,0.133333333,2,0.5,10,1,0.1,1,1,58,10,0.172413793,6,0.6,30,6,0.2,5,0.833333333,28,4,0.142857143,1,0.25,3,3,1,2,0.666666667,2,2,1,2,0.666666667,1,1,1,0,0,100,15,0.15,9,0.6,32,5,0.15625,4,0.8,5,0,0,0,
666969,García,Jose,183,9,0.049180328,4,0.444444444,103,5,0.048543689,2,0.4,80,4,0.05,2,0.5,128,7,0.0546875,3,0.428571429,55,2,0.036363636,1,0.5,62,2,0.032258065,1,0.5,58,1,0.017241379,1,1,4,1,0.25,0,0,60,4,0.066666667,2,0.5,43,4,0.093023256,2,0.5,17,0,0,0,,60,3,0.05,1,0.333333333,26,2,0.076923077,0,0,34,1,0.029411765,1,1,1,0,0,0,,1,0,0,0,,0,0,,0,,126,8,0.063492063,4,0.5,45,1,0.022222222,0,0,12,0,0,0,
668930,Turang,Brice,468,7,0.014957265,5,0.714285714,230,1,0.004347826,1,1,238,6,0.025210084,4,0.666666667,335,5,0.014925373,4,0.8,133,2,0.015037594,1,0.5,200,1,0.005,1,1,180,1,0.005555556,1,1,20,0,0,0,,153,1,0.006535948,0,0,101,1,0.00990099,0,0,52,0,0,0,,111,5,0.045045045,4,0.8,53,3,0.056603774,3,1,58,2,0.034482759,1,0.5,4,0,0,0,,1,0,0,0,,3,0,0,0,,254,4,0.015748031,3,0.75,166,3,0.018072289,2,0.666666667,48,0,0,0,
669134,Campusano,Luis,141,12,0.085106383,4,0.333333333,72,7,0.097222222,3,0.428571429,69,5,0.072463768,1,0.2,99,12,0.121212121,4,0.333333333,42,0,0,0,,61,8,0.131147541,2,0.25,56,8,0.142857143,2,0.25,5,0,0,0,,51,3,0.058823529,1,0.333333333,27,3,0.111111111,1,0.333333333,24,0,0,0,,28,1,0.035714286,1,1,16,1,0.0625,1,1,12,0,0,0,,1,0,0,0,,0,0,,0,,1,0,0,0,,74,5,0.067567568,2,0.4,56,5,0.089285714,1,0.2,11,2,0.181818182,1,0.5
669394,Burger,Jacob,352,20,0.056818182,12,0.6,157,7,0.044585987,4,0.571428571,195,13,0.066666667,8,0.615384615,271,17,0.062730627,11,0.647058824,81,3,0.037037037,1,0.333333333,136,9,0.066176471,6,0.666666667,126,9,0.071428571,6,0.666666667,10,0,0,0,,112,6,0.053571429,5,0.833333333,83,5,0.060240964,4,0.8,29,1,0.034482759,1,1,102,5,0.049019608,1,0.2,61,3,0.049180328,1,0.333333333,41,2,0.048780488,0,0,2,0,0,0,,1,0,0,0,,1,0,0,0,,224,12,0.053571429,6,0.5,114,7,0.061403509,5,0.714285714,14,1,0.071428571,1,1
671056,Herrera,Ivan,518,23,0.044401544,12,0.52173913,241,10,0.041493776,4,0.4,277,13,0.046931408,8,0.615384615,410,19,0.046341463,11,0.578947368,108,4,0.037037037,1,0.25,223,3,0.013452915,3,1,214,3,0.014018692,3,1,9,0,0,0,,158,13,0.082278481,6,0.461538462,122,12,0.098360656,6,0.5,36,1,0.027777778,0,0,133,7,0.052631579,3,0.428571429,72,4,0.055555556,2,0.5,61,3,0.049180328,1,0.333333333,4,0,0,0,,2,0,0,0,,2,0,0,0,,318,12,0.037735849,7,0.583333333,153,5,0.032679739,1,0.2,47,6,0.127659574,4,0.666666667
671739,Harris,Michael,263,12,0.045627376,4,0.333333333,125,4,0.032,3,0.75,138,8,0.057971014,1,0.125,203,6,0.02955665,3,0.5,60,6,0.1,1,0.166666667,99,2,0.02020202,1,0.5,91,2,0.021978022,1,0.5,8,0,0,0,,83,5,0.060240964,2,0.4,66,2,0.03030303,2,1,17,3,0.176470588,0,0,78,4,0.051282051,0,0,45,2,0.044444444,0,0,33,2,0.060606061,0,0,3,1,0.333333333,1,1,1,0,0,0,0,2,1,0.5,1,1,174,5,0.028735632,2,0.4,72,6,0.083333333,2,0.333333333,17,1,0.058823529,0,0
500743,Rojas,Miguel,133,13,0.097744361,6,0.461538462,58,5,0.086206897,0,0,75,8,0.106666667,6,0.75,97,8,0.082474227,3,0.375,36,5,0.138888889,3,0.6,40,1,0.025,0,0,35,1,0.028571429,0,0,5,0,0,0,,53,6,0.113207547,2,0.333333333,38,5,0.131578947,2,0.4,15,1,0.066666667,0,0,40,6,0.15,4,0.666666667,24,2,0.083333333,1,0.5,16,4,0.25,3,0.75,0,0,,0,,0,0,,0,,0,0,,0,,77,10,0.12987013,5,0.5,45,3,0.066666667,1,0.333333333,11,0,0,0,
543309,Higashioka,Kyle,146,3,0.020547945,2,0.666666667,67,0,0,0,,79,3,0.037974684,2,0.666666667,107,0,0,0,,39,3,0.076923077,2,0.666666667,43,2,0.046511628,1,0.5,36,0,0,0,,7,2,0.285714286,1,0.5,45,0,0,0,,37,0,0,0,,8,0,0,0,,58,1,0.017241379,1,1,34,0,0,0,,24,1,0.041666667,1,1,0,0,,0,,0,0,,0,,0,0,,0,,97,1,0.010309278,0,0,45,1,0.022222222,1,1,4,1,0.25,1,1
545341,Grichuk,Randal,128,7,0.0546875,6,0.857142857,61,1,0.016393443,1,1,67,6,0.089552239,5,0.833333333,81,1,0.012345679,1,1,47,6,0.127659574,5,0.833333333,47,0,0,0,,38,0,0,0,,9,0,0,0,,40,0,0,0,,26,0,0,0,,14,0,0,0,,40,6,0.15,6,1,17,1,0.058823529,1,1,23,5,0.217391304,5,1,1,1,1,0,0,0,0,,0,0,1,1,1,0,0,89,4,0.04494382,3,0.75,33,3,0.090909091,3,1,6,0,0,0,
602104,Urías,Ramón,53,5,0.094339623,2,0.4,28,3,0.107142857,1,0.333333333,25,2,0.08,1,0.5,38,3,0.078947368,2,0.666666667,15,2,0.133333333,0,0,15,1,0.066666667,1,1,15,1,0.066666667,1,1,0,0,,0,,17,1,0.058823529,1,1,13,1,0.076923077,1,1,4,0,0,0,,20,3,0.15,0,0,10,1,0.1,0,0,10,2,0.2,0,0,1,0,0,0,,0,0,,0,,1,0,0,0,,35,4,0.114285714,2,0.5,15,1,0.066666667,0,0,3,0,0,0,
607208,Turner,Trea,371,25,0.067385445,12,0.48,187,12,0.064171123,7,0.583333333,184,13,0.070652174,5,0.384615385,284,17,0.059859155,8,0.470588235,87,8,0.091954023,4,0.5,190,8,0.042105263,6,0.75,185,7,0.037837838,5,0.714285714,5,1,0.2,1,1,84,7,0.083333333,2,0.285714286,57,5,0.087719298,1,0.2,27,2,0.074074074,1,0.5,95,9,0.094736842,4,0.444444444,41,4,0.097560976,2,0.5,54,5,0.092592593,2,0.4,2,1,0.5,0,0,1,1,1,0,0,1,0,0,0,0,230,10,0.043478261,5,0.5,114,10,0.087719298,6,0.6,27,5,0.185185185,1,0.2
624413,Alonso,Peter,459,16,0.034858388,8,0.5,231,9,0.038961039,5,0.555555556,228,7,0.030701754,3,0.428571429,333,11,0.033033033,5,0.454545455,126,5,0.03968254,3,0.6,180,5,0.027777778,1,0.2,161,5,0.031055901,1,0.2,19,0,0,0,,149,3,0.020134228,2,0.666666667,107,3,0.028037383,2,0.666666667,42,0,0,0,,125,8,0.064,5,0.625,64,3,0.046875,2,0.666666667,61,5,0.081967213,3,0.6,5,0,0,0,,1,0,0,0,,4,0,0,0,,252,8,0.031746032,4,0.5,179,8,0.044692737,4,0.5,28,0,0,0,
641355,Bellinger,Cody,301,9,0.029900332,2,0.222222222,146,6,0.04109589,2,0.333333333,155,3,0.019354839,0,0,211,4,0.018957346,1,0.25,90,5,0.055555556,1,0.2,122,2,0.016393443,0,0,114,2,0.01754386,0,0,8,0,0,0,,104,5,0.048076923,2,0.4,67,2,0.029850746,1,0.5,37,3,0.081081081,1,0.333333333,72,1,0.013888889,0,0,30,0,0,0,,42,1,0.023809524,0,0,3,1,0.333333333,0,0,0,0,,0,0,3,1,0.333333333,0,0,203,4,0.019704433,2,0.5,73,2,0.02739726,0,0,25,3,0.12,0,0
643217,Benintendi,Andrew,187,3,0.016042781,0,0,77,1,0.012987013,0,0,110,2,0.018181818,0,0,133,1,0.007518797,0,0,54,2,0.037037037,0,0,75,0,0,0,,65,0,0,0,,10,0,0,0,,66,1,0.015151515,0,0,48,1,0.020833333,0,0,18,0,0,0,,45,2,0.044444444,0,0,20,0,0,0,,25,2,0.08,0,0,1,0,0,0,,0,0,,0,,1,0,0,0,,113,1,0.008849558,0,0,55,1,0.018181818,0,0,19,1,0.052631579,0,0
655316,Monasterio,Andruw,248,6,0.024193548,1,0.166666667,117,2,0.017094017,1,0.5,131,4,0.030534351,0,0,173,6,0.034682081,1,0.166666667,75,0,0,0,,82,2,0.024390244,1,0.5,66,2,0.03030303,1,0.5,16,0,0,0,,86,3,0.034883721,0,0,67,3,0.044776119,0,0,19,0,0,0,,79,1,0.012658228,0,0,40,1,0.025,0,0,39,0,0,0,,1,0,0,0,,0,0,,0,,1,0,0,0,,156,3,0.019230769,0,0,83,2,0.024096386,0,0,9,1,0.111111111,1,1
656976,Smith,Pavin,90,2,0.022222222,1,0.5,44,1,0.022727273,0,0,46,1,0.02173913,1,1,80,2,0.025,1,0.5,10,0,0,0,,37,1,0.027027027,0,0,37,1,0.027027027,0,0,0,0,,0,,34,1,0.029411765,1,1,30,1,0.033333333,1,1,4,0,0,0,,19,0,0,0,,13,0,0,0,,6,0,0,0,,0,0,,0,,0,0,,0,,0,0,,0,,49,1,0.020408163,1,1,36,1,0.027777778,0,0,5,0,0,0,
660821,Sánchez,Jesús,149,12,0.080536913,5,0.416666667,84,9,0.107142857,2,0.222222222,65,3,0.046153846,3,1,115,9,0.07826087,3,0.333333333,34,3,0.088235294,2,0.666666667,55,2,0.036363636,2,1,49,2,0.040816327,2,1,6,0,0,0,,60,3,0.05,0,0,43,3,0.069767442,0,0,17,0,0,0,,33,7,0.212121212,3,0.428571429,23,4,0.173913043,1,0.25,10,3,0.3,2,0.666666667,1,0,0,0,,0,0,,0,,1,0,0,0,,106,10,0.094339623,3,0.3,30,1,0.033333333,1,1,13,1,0.076923077,1,1
663538,Hoerner,Nicholas,453,23,0.050772627,12,0.52173913,226,15,0.066371681,9,0.6,227,8,0.035242291,3,0.375,359,18,0.050139276,11,0.611111111,94,5,0.053191489,1,0.2,168,9,0.053571429,7,0.777777778,158,9,0.056962025,7,0.777777778,10,0,0,0,,157,8,0.050955414,4,0.5,127,5,0.039370079,3,0.6,30,3,0.1,1,0.333333333,123,6,0.048780488,1,0.166666667,73,4,0.054794521,1,0.25,50,2,0.04,0,0,5,0,0,0,,1,0,0,0,,4,0,0,0,,267,19,0.071161049,11,0.578947368,162,4,0.024691358,1,0.25,24,0,0,0,
663586,Riley,Michael,351,5,0.014245014,1,0.2,168,4,0.023809524,1,0.25,183,1,0.005464481,0,0,259,3,0.011583012,1,0.333333333,92,2,0.02173913,0,0,133,0,0,0,,120,0,0,0,,13,0,0,0,,112,3,0.026785714,1,0.333333333,79,2,0.025316456,1,0.5,33,1,0.03030303,0,0,104,2,0.019230769,0,0,59,1,0.016949153,0,0,45,1,0.022222222,0,0,2,0,0,0,,1,0,0,0,,1,0,0,0,,221,4,0.018099548,1,0.25,102,0,0,0,,28,1,0.035714286,0,0
543510,McCann,James,91,3,0.032967033,1,0.333333333,36,2,0.055555556,1,0.5,55,1,0.018181818,0,0,56,1,0.017857143,0,0,35,2,0.057142857,1,0.5,28,1,0.035714286,0,0,25,1,0.04,0,0,3,0,0,0,,37,1,0.027027027,0,0,19,0,0,0,,18,1,0.055555556,0,0,25,1,0.04,1,1,12,0,0,0,,13,1,0.076923077,1,1,1,0,0,0,,0,0,,0,,1,0,0,0,,65,2,0.030769231,0,0,20,1,0.05,1,1,6,0,0,0,
543877,Vázquez,Christian,175,12,0.068571429,5,0.416666667,82,7,0.085365854,3,0.428571429,93,5,0.053763441,2,0.4,106,7,0.066037736,3,0.428571429,69,5,0.072463768,2,0.4,63,2,0.031746032,1,0.5,53,1,0.018867925,0,0,10,1,0.1,1,1,58,5,0.086206897,3,0.6,32,3,0.09375,2,0.666666667,26,2,0.076923077,1,0.5,54,5,0.092592593,1,0.2,21,3,0.142857143,1,0.333333333,33,2,0.060606061,0,0,0,0,,0,,0,0,,0,,0,0,,0,,131,8,0.061068702,2,0.25,38,3,0.078947368,2,0.666666667,6,1,0.166666667,1,1
605137,Bell,Joshua,284,21,0.073943662,13,0.619047619,125,11,0.088,9,0.818181818,159,10,0.062893082,4,0.4,203,15,0.073891626,9,0.6,81,6,0.074074074,4,0.666666667,123,7,0.056910569,2,0.285714286,108,6,0.055555556,2,0.333333333,15,1,0.066666667,0,0,114,9,0.078947368,6,0.666666667,72,6,0.083333333,4,0.666666667,42,3,0.071428571,2,0.666666667,45,5,0.111111111,5,1,23,3,0.130434783,3,1,22,2,0.090909091,2,1,2,0,0,0,,0,0,,0,,2,0,0,0,,191,18,0.094240838,11,0.611111111,61,1,0.016393443,1,1,32,2,0.0625,1,0.5
607043,Nimmo,Brandon,338,10,0.029585799,3,0.3,161,4,0.02484472,0,0,177,6,0.033898305,3,0.5,273,8,0.029304029,3,0.375,65,2,0.030769231,0,0,157,2,0.012738854,1,0.5,141,1,0.007092199,1,1,16,1,0.0625,0,0,104,4,0.038461538,2,0.5,80,4,0.05,2,0.5,24,0,0,0,,76,3,0.039473684,0,0,52,3,0.057692308,0,0,24,0,0,0,,1,1,1,0,0,0,0,,0,0,1,1,1,0,0,236,8,0.033898305,3,0.375,84,2,0.023809524,0,0,18,0,0,0,
608348,Kelly,Carson,266,4,0.015037594,3,0.75,133,1,0.007518797,1,1,133,3,0.022556391,2,0.666666667,202,3,0.014851485,2,0.666666667,64,1,0.015625,1,1,83,1,0.012048193,1,1,75,1,0.013333333,1,1,8,0,0,0,,94,1,0.010638298,1,1,78,1,0.012820513,1,1,16,0,0,0,,86,2,0.023255814,1,0.5,48,1,0.020833333,0,0,38,1,0.026315789,1,1,3,0,0,0,,1,0,0,0,,2,0,0,0,,183,3,0.016393443,2,0.666666667,67,1,0.014925373,1,1,16,0,0,0,
620443,Torrens,Luis,167,2,0.011976048,0,0,80,1,0.0125,0,0,87,1,0.011494253,0,0,121,2,0.016528926,0,0,46,0,0,0,,75,1,0.013333333,0,0,65,1,0.015384615,0,0,10,0,0,0,,51,1,0.019607843,0,0,34,1,0.029411765,0,0,17,0,0,0,,40,0,0,0,,21,0,0,0,,19,0,0,0,,1,0,0,0,,1,0,0,0,,0,0,,0,,113,1,0.008849558,0,0,48,0,0,0,,6,1,0.166666667,0,0
623168,Heineman,Tyler,97,2,0.020618557,1,0.5,50,0,0,0,,47,2,0.042553191,1,0.5,65,1,0.015384615,1,1,32,1,0.03125,0,0,32,0,0,0,,27,0,0,0,,5,0,0,0,,33,0,0,0,,21,0,0,0,,12,0,0,0,,31,2,0.064516129,1,0.5,17,1,0.058823529,1,1,14,1,0.071428571,0,0,1,0,0,0,,0,0,,0,,1,0,0,0,,63,1,0.015873016,1,1,29,1,0.034482759,0,0,5,0,0,0,
641343,Bauers,Jakob,382,15,0.039267016,10,0.666666667,189,3,0.015873016,3,1,193,12,0.062176166,7,0.583333333,278,11,0.039568345,7,0.636363636,104,4,0.038461538,3,0.75,145,4,0.027586207,3,0.75,127,4,0.031496063,3,0.75,18,0,0,0,,138,5,0.036231884,3,0.6,100,5,0.05,3,0.6,38,0,0,0,,93,6,0.064516129,4,0.666666667,49,2,0.040816327,1,0.5,44,4,0.090909091,3,0.75,6,0,0,0,,2,0,0,0,,4,0,0,0,,254,11,0.043307087,7,0.636363636,97,3,0.030927835,2,0.666666667,31,1,0.032258065,1,1
641598,Garver,Mitchell,111,4,0.036036036,1,0.25,46,3,0.065217391,1,0.333333333,65,1,0.015384615,0,0,84,4,0.047619048,1,0.25,27,0,0,0,,36,1,0.027777778,0,0,35,1,0.028571429,0,0,1,0,0,0,,31,0,0,0,,26,0,0,0,,5,0,0,0,,41,3,0.073170732,1,0.333333333,23,3,0.130434783,1,0.333333333,18,0,0,0,,3,0,0,0,,0,0,,0,,3,0,0,0,,65,4,0.061538462,1,0.25,36,0,0,0,,10,0,0,0,
642086,Smith,Dominic,167,10,0.05988024,5,0.5,88,7,0.079545455,4,0.571428571,79,3,0.037974684,1,0.333333333,139,8,0.057553957,4,0.5,28,2,0.071428571,1,0.5,68,3,0.044117647,2,0.666666667,65,3,0.046153846,2,0.666666667,3,0,0,0,,52,6,0.115384615,2,0.333333333,47,5,0.106382979,2,0.4,5,1,0.2,0,0,46,1,0.02173913,1,1,26,0,0,0,,20,1,0.05,1,1,1,0,0,0,,1,0,0,0,,0,0,,0,,128,10,0.078125,5,0.5,29,0,0,0,,10,0,0,0,
646240,Devers,Rafael,363,10,0.027548209,3,0.3,179,3,0.016759777,1,0.333333333,184,7,0.038043478,2,0.285714286,261,10,0.038314176,3,0.3,102,0,0,0,,149,5,0.033557047,2,0.4,135,5,0.037037037,2,0.4,14,0,0,0,,125,4,0.032,1,0.25,85,4,0.047058824,1,0.25,40,0,0,0,,84,1,0.011904762,0,0,40,1,0.025,0,0,44,0,0,0,,5,0,0,0,,1,0,0,0,,4,0,0,0,,252,9,0.035714286,2,0.222222222,89,1,0.011235955,1,1,22,0,0,0,
656305,Chapman,Matt,256,12,0.046875,4,0.333333333,121,9,0.074380165,3,0.333333333,135,3,0.022222222,1,0.333333333,184,8,0.043478261,3,0.375,72,4,0.055555556,1,0.25,97,4,0.041237113,2,0.5,93,3,0.032258065,2,0.666666667,4,1,0.25,0,0,78,3,0.038461538,0,0,56,3,0.053571429,0,0,22,0,0,0,,77,5,0.064935065,2,0.4,35,2,0.057142857,1,0.5,42,3,0.071428571,1,0.333333333,4,0,0,0,,0,0,,0,,4,0,0,0,,172,9,0.052325581,2,0.222222222,74,3,0.040540541,2,0.666666667,10,0,0,0,
663330,Jones,Jahmai,88,8,0.090909091,4,0.5,41,4,0.097560976,1,0.25,47,4,0.085106383,3,0.75,63,3,0.047619048,1,0.333333333,25,5,0.2,3,0.6,28,0,0,0,,27,0,0,0,,1,0,0,0,,24,1,0.041666667,1,1,20,0,0,0,,4,1,0.25,1,1,34,6,0.176470588,2,0.333333333,14,2,0.142857143,0,0,20,4,0.2,2,0.5,2,1,0.5,1,1,2,1,0.5,1,1,0,0,,0,0,43,2,0.046511628,0,0,34,5,0.147058824,3,0.6,11,1,0.090909091,1,1
701538,Merrill,Jackson,239,4,0.016736402,3,0.75,110,1,0.009090909,1,1,129,3,0.023255814,2,0.666666667,168,3,0.017857143,2,0.666666667,71,1,0.014084507,1,1,91,0,0,0,,84,0,0,0,,7,0,0,0,,84,2,0.023809524,2,1,56,2,0.035714286,2,1,28,0,0,0,,62,2,0.032258065,1,0.5,28,1,0.035714286,0,0,34,1,0.029411765,1,1,2,0,0,0,,0,0,,0,,2,0,0,0,,165,3,0.018181818,2,0.666666667,53,1,0.018867925,1,1,21,0,0,0,
656582,Joe,Connor,38,2,0.052631579,1,0.5,28,1,0.035714286,0,0,10,1,0.1,1,1,30,2,0.066666667,1,0.5,8,0,0,0,,13,0,0,0,,13,0,0,0,,0,0,,0,,14,0,0,0,,10,0,0,0,,4,0,0,0,,11,2,0.181818182,1,0.5,7,2,0.285714286,1,0.5,4,0,0,0,,0,0,,0,,0,0,,0,,0,0,,0,,25,2,0.08,1,0.5,9,0,0,0,,4,0,0,0,
656811,O'Hearn,Ryan,271,17,0.062730627,8,0.470588235,137,6,0.04379562,3,0.5,134,11,0.082089552,5,0.454545455,183,14,0.076502732,6,0.428571429,88,3,0.034090909,2,0.666666667,118,8,0.06779661,2,0.25,105,8,0.076190476,2,0.25,13,0,0,0,,84,4,0.047619048,2,0.5,52,4,0.076923077,2,0.5,32,0,0,0,,64,5,0.078125,4,0.8,26,2,0.076923077,2,1,38,3,0.078947368,2,0.666666667,5,0,0,0,,0,0,,0,,5,0,0,0,,194,14,0.072164948,5,0.357142857,61,1,0.016393443,1,1,16,2,0.125,2,1
663457,Nootbaar,Lars,304,4,0.013157895,1,0.25,165,2,0.012121212,1,0.5,139,2,0.014388489,0,0,232,2,0.00862069,0,0,72,2,0.027777778,1,0.5,109,0,0,0,,101,0,0,0,,8,0,0,0,,109,2,0.018348624,1,0.5,82,1,0.012195122,0,0,27,1,0.037037037,1,1,83,2,0.024096386,0,0,49,1,0.020408163,0,0,34,1,0.029411765,0,0,3,0,0,0,,0,0,,0,,3,0,0,0,,192,1,0.005208333,0,0,86,3,0.034883721,1,0.333333333,26,0,0,0,
663494,Torres,Bryan,137,7,0.051094891,5,0.714285714,61,5,0.081967213,4,0.8,76,2,0.026315789,1,0.5,103,4,0.038834951,3,0.75,34,3,0.088235294,2,0.666666667,51,0,0,0,,49,0,0,0,,2,0,0,0,,41,1,0.024390244,1,1,28,1,0.035714286,1,1,13,0,0,0,,43,5,0.11627907,3,0.6,25,3,0.12,2,0.666666667,18,2,0.111111111,1,0.5,2,1,0.5,1,1,1,0,0,0,0,1,1,1,1,1,90,3,0.033333333,3,1,36,2,0.055555556,1,0.5,11,2,0.181818182,1,0.5
663611,Madrigal,Nicklaus,40,6,0.15,4,0.666666667,16,1,0.0625,1,1,24,5,0.208333333,3,0.6,31,5,0.161290323,4,0.8,9,1,0.111111111,0,0,17,3,0.176470588,2,0.666666667,15,3,0.2,2,0.666666667,2,0,0,0,,14,2,0.142857143,2,1,10,2,0.2,2,1,4,0,0,0,,9,1,0.111111111,0,0,6,0,0,0,,3,1,0.333333333,0,0,0,0,,0,,0,0,,0,,0,0,,0,,26,2,0.076923077,1,0.5,13,4,0.307692308,3,0.75,1,0,0,0,
663728,Raleigh,Caleb,268,22,0.082089552,14,0.636363636,124,9,0.072580645,5,0.555555556,144,13,0.090277778,9,0.692307692,187,17,0.090909091,11,0.647058824,81,5,0.061728395,3,0.6,112,7,0.0625,6,0.857142857,102,7,0.068627451,6,0.857142857,10,0,0,0,,87,6,0.068965517,3,0.5,56,5,0.089285714,2,0.4,31,1,0.032258065,1,1,69,9,0.130434783,5,0.555555556,29,5,0.172413793,3,0.6,40,4,0.1,2,0.5,0,0,,0,,0,0,,0,,0,0,,0,,159,12,0.075471698,9,0.75,71,7,0.098591549,4,0.571428571,38,3,0.078947368,1,0.333333333
665742,Soto,Juan,298,18,0.060402685,10,0.555555556,145,13,0.089655172,6,0.461538462,153,5,0.032679739,4,0.8,223,11,0.049327354,5,0.454545455,75,7,0.093333333,5,0.714285714,137,8,0.058394161,5,0.625,126,6,0.047619048,3,0.5,11,2,0.181818182,2,1,95,5,0.052631579,2,0.4,63,2,0.031746032,1,0.5,32,3,0.09375,1,0.333333333,64,4,0.0625,2,0.5,34,3,0.088235294,1,0.333333333,30,1,0.033333333,1,1,2,1,0.5,1,1,0,0,,0,0,2,1,0.5,1,1,174,8,0.045977011,4,0.5,104,10,0.096153846,6,0.6,20,0,0,0,
666023,Fermin,Freddy,122,4,0.032786885,2,0.5,61,1,0.016393443,1,1,61,3,0.049180328,1,0.333333333,82,3,0.036585366,2,0.666666667,40,1,0.025,0,0,40,0,0,0,,36,0,0,0,,4,0,0,0,,42,3,0.071428571,2,0.666666667,33,3,0.090909091,2,0.666666667,9,0,0,0,,39,1,0.025641026,0,0,13,0,0,0,,26,1,0.038461538,0,0,1,0,0,0,,0,0,,0,,1,0,0,0,,68,1,0.014705882,0,0,49,2,0.040816327,1,0.5,5,1,0.2,1,1
666182,Bichette,Bo,369,19,0.051490515,9,0.473684211,185,10,0.054054054,5,0.5,184,9,0.048913043,4,0.444444444,267,13,0.048689139,6,0.461538462,102,6,0.058823529,3,0.5,182,8,0.043956044,4,0.5,171,8,0.046783626,4,0.5,11,0,0,0,,94,4,0.042553191,0,0,56,2,0.035714286,0,0,38,2,0.052631579,0,0,88,6,0.068181818,4,0.666666667,39,3,0.076923077,2,0.666666667,49,3,0.06122449,2,0.666666667,5,1,0.2,1,1,1,0,0,0,0,4,1,0.25,1,1,264,14,0.053030303,7,0.5,87,5,0.057471264,2,0.4,18,0,0,0,
669364,Edwards,Xavier,354,15,0.042372881,9,0.6,171,8,0.046783626,5,0.625,183,7,0.038251366,4,0.571428571,247,9,0.036437247,5,0.555555556,107,6,0.056074766,4,0.666666667,151,6,0.039735099,2,0.333333333,124,4,0.032258065,1,0.25,27,2,0.074074074,1,0.5,125,7,0.056,6,0.857142857,86,5,0.058139535,4,0.8,39,2,0.051282051,2,1,75,2,0.026666667,1,0.5,37,0,0,0,,38,2,0.052631579,1,0.5,3,0,0,0,,0,0,,0,,3,0,0,0,,228,12,0.052631579,8,0.666666667,92,1,0.010869565,0,0,34,2,0.058823529,1,0.5
670623,Paredes,Isaac,476,15,0.031512605,11,0.733333333,219,8,0.03652968,7,0.875,257,7,0.027237354,4,0.571428571,313,9,0.028753994,6,0.666666667,163,6,0.036809816,5,0.833333333,195,6,0.030769231,5,0.833333333,168,6,0.035714286,5,0.833333333,27,0,0,0,,166,7,0.042168675,5,0.714285714,101,3,0.02970297,1,0.333333333,65,4,0.061538462,4,1,109,2,0.018348624,1,0.5,43,0,0,0,,66,2,0.03030303,1,0.5,6,0,0,0,,1,0,0,0,,5,0,0,0,,308,7,0.022727273,5,0.714285714,132,7,0.053030303,5,0.714285714,36,1,0.027777778,1,1
672386,Kirk,Alejandro,230,19,0.082608696,8,0.421052632,112,11,0.098214286,4,0.363636364,118,8,0.06779661,4,0.5,161,15,0.093167702,7,0.466666667,69,4,0.057971014,1,0.25,83,7,0.084337349,3,0.428571429,78,7,0.08974359,3,0.428571429,5,0,0,0,,79,7,0.088607595,3,0.428571429,53,5,0.094339623,3,0.6,26,2,0.076923077,0,0,67,5,0.074626866,2,0.4,30,3,0.1,1,0.333333333,37,2,0.054054054,1,0.5,1,0,0,0,,0,0,,0,,1,0,0,0,,169,15,0.088757396,6,0.4,53,3,0.056603774,1,0.333333333,8,1,0.125,1,1
672761,Pérez,Wenceel,105,5,0.047619048,2,0.4,50,3,0.06,1,0.333333333,55,2,0.036363636,1,0.5,79,2,0.025316456,0,0,26,3,0.115384615,2,0.666666667,31,1,0.032258065,0,0,29,0,0,0,,2,1,0.5,0,0,37,2,0.054054054,2,1,27,0,0,0,,10,2,0.2,2,1,37,2,0.054054054,0,0,23,2,0.086956522,0,0,14,0,0,0,,0,0,,0,,0,0,,0,,0,0,,0,,64,3,0.046875,2,0.666666667,33,0,0,0,,8,2,0.25,0,0
672820,Sosa,Lenyn,68,2,0.029411765,1,0.5,31,0,0,0,,37,2,0.054054054,1,0.5,43,1,0.023255814,1,1,25,1,0.04,0,0,23,1,0.043478261,1,1,22,1,0.045454545,1,1,1,0,0,0,,20,0,0,0,,9,0,0,0,,11,0,0,0,,25,1,0.04,0,0,12,0,0,0,,13,1,0.076923077,0,0,0,0,,0,,0,0,,0,,0,0,,0,,43,0,0,0,,20,2,0.1,1,0.5,5,0,0,0,
676439,Feduccia,Hunter,181,6,0.033149171,4,0.666666667,88,4,0.045454545,3,0.75,93,2,0.021505376,1,0.5,132,5,0.037878788,4,0.8,49,1,0.020408163,0,0,55,0,0,0,,49,0,0,0,,6,0,0,0,,85,6,0.070588235,4,0.666666667,62,5,0.080645161,4,0.8,23,1,0.043478261,0,0,38,0,0,0,,21,0,0,0,,17,0,0,0,,3,0,0,0,,0,0,,0,,3,0,0,0,,95,3,0.031578947,1,0.333333333,70,3,0.042857143,3,1,16,0,0,0,
677592,Pereira,Everson,41,4,0.097560976,1,0.25,15,2,0.133333333,1,0.5,26,2,0.076923077,0,0,27,3,0.111111111,0,0,14,1,0.071428571,1,1,16,1,0.0625,0,0,14,1,0.071428571,0,0,2,0,0,0,,16,3,0.1875,1,0.333333333,8,2,0.25,0,0,8,1,0.125,1,1,8,0,0,0,,4,0,0,0,,4,0,0,0,,1,0,0,0,,1,0,0,0,,0,0,,0,,26,2,0.076923077,0,0,10,2,0.2,1,0.5,5,0,0,0,
678489,Barrosa,Jorge,127,6,0.047244094,2,0.333333333,62,3,0.048387097,0,0,65,3,0.046153846,2,0.666666667,98,4,0.040816327,2,0.5,29,2,0.068965517,0,0,39,1,0.025641026,0,0,33,1,0.03030303,0,0,6,0,0,0,,40,0,0,0,,32,0,0,0,,8,0,0,0,,46,4,0.086956522,2,0.5,33,3,0.090909091,2,0.666666667,13,1,0.076923077,0,0,2,1,0.5,0,0,0,0,,0,0,2,1,0.5,0,0,84,3,0.035714286,0,0,34,3,0.088235294,2,0.666666667,9,0,0,0,
680474,Schuemann,Maxwell,61,9,0.147540984,7,0.777777778,18,3,0.166666667,3,1,43,6,0.139534884,4,0.666666667,36,8,0.222222222,6,0.75,25,1,0.04,1,1,20,3,0.15,1,0.333333333,16,3,0.1875,1,0.333333333,4,0,0,0,,19,4,0.210526316,4,1,15,4,0.266666667,4,1,4,0,0,0,,18,1,0.055555556,1,1,5,1,0.2,1,1,13,0,0,0,,4,1,0.25,1,1,0,0,,0,0,4,1,0.25,1,1,38,8,0.210526316,6,0.75,20,1,0.05,1,1,3,0,0,0,
681508,Gasper,Michael,165,6,0.036363636,3,0.5,91,2,0.021978022,1,0.5,74,4,0.054054054,2,0.5,121,5,0.041322314,2,0.4,44,1,0.022727273,1,1,66,4,0.060606061,2,0.5,61,4,0.06557377,2,0.5,5,0,0,0,,49,0,0,0,,35,0,0,0,,14,0,0,0,,50,2,0.04,1,0.5,25,1,0.04,0,0,25,1,0.04,1,1,0,0,,0,,0,0,,0,,0,0,,0,,78,2,0.025641026,0,0,64,4,0.0625,3,0.75,23,0,0,0,
681624,Pages,Andy,355,25,0.070422535,11,0.44,166,8,0.048192771,2,0.25,189,17,0.08994709,9,0.529411765,273,23,0.084249084,9,0.391304348,82,2,0.024390244,2,1,123,12,0.097560976,5,0.416666667,113,11,0.097345133,4,0.363636364,10,1,0.1,1,1,114,4,0.035087719,3,0.75,87,4,0.045977011,3,0.75,27,0,0,0,,116,9,0.077586207,3,0.333333333,73,8,0.109589041,2,0.25,43,1,0.023255814,1,1,2,0,0,0,,0,0,,0,,2,0,0,0,,241,20,0.082987552,11,0.55,87,3,0.034482759,0,0,27,2,0.074074074,0,0
683083,Nuñez,Nasim,313,12,0.038338658,3,0.25,130,5,0.038461538,2,0.4,183,7,0.038251366,1,0.142857143,199,9,0.045226131,2,0.222222222,114,3,0.026315789,1,0.333333333,85,4,0.047058824,1,0.25,70,4,0.057142857,1,0.25,15,0,0,0,,108,3,0.027777778,0,0,71,2,0.028169014,0,0,37,1,0.027027027,0,0,113,4,0.03539823,2,0.5,57,2,0.035087719,1,0.5,56,2,0.035714286,1,0.5,7,1,0.142857143,0,0,1,1,1,0,0,6,0,0,0,0,199,9,0.045226131,2,0.222222222,85,3,0.035294118,1,0.333333333,29,0,0,0,
683766,Koss,Christian,105,4,0.038095238,3,0.75,60,2,0.033333333,1,0.5,45,2,0.044444444,2,1,62,4,0.064516129,3,0.75,43,0,0,0,,40,1,0.025,1,1,34,1,0.029411765,1,1,6,0,0,0,,36,2,0.055555556,2,1,20,2,0.1,2,1,16,0,0,0,,27,1,0.037037037,0,0,8,1,0.125,0,0,19,0,0,0,,2,0,0,0,,0,0,,0,,2,0,0,0,,68,4,0.058823529,3,0.75,33,0,0,0,,4,0,0,0,
686797,Lee,Brooks,263,10,0.038022814,5,0.5,130,6,0.046153846,2,0.333333333,133,4,0.030075188,3,0.75,165,5,0.03030303,2,0.4,98,5,0.051020408,3,0.6,90,2,0.022222222,1,0.5,80,2,0.025,1,0.5,10,0,0,0,,99,4,0.04040404,2,0.5,61,1,0.016393443,0,0,38,3,0.078947368,2,0.666666667,71,3,0.042253521,1,0.333333333,24,2,0.083333333,1,0.5,47,1,0.021276596,0,0,3,1,0.333333333,1,1,0,0,,0,0,3,1,0.333333333,1,1,146,4,0.02739726,1,0.25,86,6,0.069767442,4,0.666666667,31,0,0,0,
687093,Grissom,Vaughn,290,14,0.048275862,8,0.571428571,127,6,0.047244094,4,0.666666667,163,8,0.049079755,4,0.5,202,10,0.04950495,5,0.5,88,4,0.045454545,3,0.75,106,2,0.018867925,1,0.5,90,1,0.011111111,0,0,16,1,0.0625,1,1,89,6,0.06741573,3,0.5,65,6,0.092307692,3,0.5,24,0,0,0,,87,6,0.068965517,4,0.666666667,43,3,0.069767442,2,0.666666667,44,3,0.068181818,2,0.666666667,8,0,0,0,,4,0,0,0,,4,0,0,0,,204,11,0.053921569,7,0.636363636,66,2,0.03030303,0,0,20,1,0.05,1,1
691023,Walker,Jordan,321,20,0.062305296,7,0.35,167,11,0.065868263,4,0.363636364,154,9,0.058441558,3,0.333333333,256,17,0.06640625,6,0.352941176,65,3,0.046153846,1,0.333333333,134,5,0.037313433,2,0.4,130,5,0.038461538,2,0.4,4,0,0,0,,92,9,0.097826087,1,0.111111111,71,8,0.112676056,1,0.125,21,1,0.047619048,0,0,91,6,0.065934066,4,0.666666667,54,4,0.074074074,3,0.75,37,2,0.054054054,1,0.5,4,0,0,0,,1,0,0,0,,3,0,0,0,,229,14,0.061135371,3,0.214285714,77,6,0.077922078,4,0.666666667,15,0,0,0,
702332,Durbin,Caleb,361,30,0.083102493,17,0.566666667,172,14,0.081395349,8,0.571428571,189,16,0.084656085,9,0.5625,262,16,0.061068702,10,0.625,99,14,0.141414141,7,0.5,111,2,0.018018018,2,1,98,2,0.020408163,2,1,13,0,0,0,,127,9,0.070866142,5,0.555555556,98,6,0.06122449,4,0.666666667,29,3,0.103448276,1,0.333333333,117,17,0.145299145,9,0.529411765,64,8,0.125,4,0.5,53,9,0.169811321,5,0.555555556,6,2,0.333333333,1,0.5,2,0,0,0,0,4,2,0.5,1,0.5,229,18,0.07860262,9,0.5,110,9,0.081818182,5,0.555555556,22,3,0.136363636,3,1
805999,Ewing,Andrew,275,26,0.094545455,13,0.5,123,10,0.081300813,5,0.5,152,16,0.105263158,8,0.5,181,14,0.077348066,8,0.571428571,94,12,0.127659574,5,0.416666667,98,4,0.040816327,2,0.5,85,4,0.047058824,2,0.5,13,0,0,0,,87,8,0.091954023,4,0.5,57,5,0.087719298,2,0.4,30,3,0.1,2,0.666666667,88,14,0.159090909,7,0.5,39,5,0.128205128,4,0.8,49,9,0.183673469,3,0.333333333,2,0,0,0,,0,0,,0,,2,0,0,0,,170,16,0.094117647,7,0.4375,86,7,0.081395349,5,0.714285714,19,3,0.157894737,1,0.333333333
807799,Yoshida,Masataka,216,4,0.018518519,2,0.5,98,3,0.030612245,2,0.666666667,118,1,0.008474576,0,0,150,4,0.026666667,2,0.5,66,0,0,0,,87,3,0.034482759,1,0.333333333,83,3,0.036144578,1,0.333333333,4,0,0,0,,62,0,0,0,,40,0,0,0,,22,0,0,0,,65,1,0.015384615,1,1,26,1,0.038461538,1,1,39,0,0,0,,2,0,0,0,,1,0,0,0,,1,0,0,0,,142,2,0.014084507,0,0,56,1,0.017857143,1,1,18,1,0.055555556,1,1
669326,Teodosio,Bryce,34,2,0.058823529,0,0,9,0,0,0,,25,2,0.08,0,0,19,1,0.052631579,0,0,15,1,0.066666667,0,0,11,0,0,0,,6,0,0,0,,5,0,0,0,,12,0,0,0,,9,0,0,0,,3,0,0,0,,11,2,0.181818182,0,0,4,1,0.25,0,0,7,1,0.142857143,0,0,0,0,,0,,0,0,,0,,0,0,,0,,24,2,0.083333333,0,0,8,0,0,0,,2,0,0,0,
669357,Gorman,Nolan,173,3,0.01734104,1,0.333333333,85,1,0.011764706,0,0,88,2,0.022727273,1,0.5,139,2,0.014388489,1,0.5,34,1,0.029411765,0,0,56,0,0,0,,55,0,0,0,,1,0,0,0,,57,3,0.052631579,1,0.333333333,43,2,0.046511628,1,0.5,14,1,0.071428571,0,0,58,0,0,0,,41,0,0,0,,17,0,0,0,,2,0,0,0,,0,0,,0,,2,0,0,0,,110,2,0.018181818,0,0,42,0,0,0,,21,1,0.047619048,1,1
670242,Wallner,Matthew,57,6,0.105263158,1,0.166666667,29,3,0.103448276,0,0,28,3,0.107142857,1,0.333333333,34,4,0.117647059,1,0.25,23,2,0.086956522,0,0,15,3,0.2,1,0.333333333,13,3,0.230769231,1,0.333333333,2,0,0,0,,28,1,0.035714286,0,0,16,1,0.0625,0,0,12,0,0,0,,12,2,0.166666667,0,0,5,0,0,0,,7,2,0.285714286,0,0,2,0,0,0,,0,0,,0,,2,0,0,0,,34,4,0.117647059,1,0.25,20,2,0.1,0,0,3,0,0,0,
670541,Alvarez,Yordan,389,2,0.005141388,1,0.5,198,0,0,0,,191,2,0.010471204,1,0.5,281,1,0.003558719,0,0,108,1,0.009259259,1,1,209,2,0.009569378,1,0.5,187,1,0.005347594,0,0,22,1,0.045454545,1,1,97,0,0,0,,67,0,0,0,,30,0,0,0,,76,0,0,0,,24,0,0,0,,52,0,0,0,,7,0,0,0,,3,0,0,0,,4,0,0,0,,254,2,0.007874016,1,0.5,98,0,0,0,,37,0,0,0,
671732,Butler,Lawrence,308,28,0.090909091,15,0.535714286,148,14,0.094594595,10,0.714285714,160,14,0.0875,5,0.357142857,217,21,0.096774194,10,0.476190476,91,7,0.076923077,5,0.714285714,102,11,0.107843137,4,0.363636364,93,11,0.11827957,4,0.363636364,9,0,0,0,,106,7,0.066037736,6,0.857142857,75,6,0.08,5,0.833333333,31,1,0.032258065,1,1,98,9,0.091836735,4,0.444444444,49,4,0.081632653,1,0.25,49,5,0.102040816,3,0.6,2,1,0.5,1,1,0,0,,0,0,2,1,0.5,1,1,199,18,0.090452261,7,0.388888889,79,6,0.075949367,6,1,30,4,0.133333333,2,0.5
672580,Garcia,Maikel,299,23,0.076923077,14,0.608695652,165,12,0.072727273,6,0.5,134,11,0.082089552,8,0.727272727,227,15,0.066079295,11,0.733333333,72,8,0.111111111,3,0.375,133,10,0.07518797,6,0.6,118,7,0.059322034,5,0.714285714,15,3,0.2,1,0.333333333,85,7,0.082352941,5,0.714285714,69,7,0.101449275,5,0.714285714,16,0,0,0,,74,5,0.067567568,2,0.4,39,1,0.025641026,1,1,35,4,0.114285714,1,0.25,7,1,0.142857143,1,1,1,0,0,0,0,6,1,0.166666667,1,1,217,15,0.069124424,9,0.6,71,6,0.084507042,4,0.666666667,11,2,0.181818182,1,0.5
672724,Peraza,Oswald,161,13,0.080745342,4,0.307692308,72,4,0.055555556,1,0.25,89,9,0.101123596,3,0.333333333,101,7,0.069306931,2,0.285714286,60,6,0.1,2,0.333333333,42,1,0.023809524,0,0,39,1,0.025641026,0,0,3,0,0,0,,51,0,0,0,,33,0,0,0,,18,0,0,0,,66,12,0.181818182,4,0.333333333,29,6,0.206896552,2,0.333333333,37,6,0.162162162,2,0.333333333,2,0,0,0,,0,0,,0,,2,0,0,0,,99,8,0.080808081,3,0.375,52,4,0.076923077,0,0,10,1,0.1,1,1
673962,Jung,Joshua,270,10,0.037037037,4,0.4,113,3,0.026548673,0,0,157,7,0.044585987,4,0.571428571,211,8,0.037914692,2,0.25,59,2,0.033898305,2,1,107,3,0.028037383,1,0.333333333,98,3,0.030612245,1,0.333333333,9,0,0,0,,88,3,0.034090909,2,0.666666667,62,2,0.032258065,1,0.5,26,1,0.038461538,1,1,75,4,0.053333333,1,0.25,51,3,0.058823529,0,0,24,1,0.041666667,1,1,0,0,,0,,0,0,,0,,0,0,,0,,187,8,0.042780749,4,0.5,71,2,0.028169014,0,0,12,0,0,0,
678011,Seigler,Anthony,106,9,0.08490566,6,0.666666667,43,2,0.046511628,1,0.5,63,7,0.111111111,5,0.714285714,75,6,0.08,4,0.666666667,31,3,0.096774194,2,0.666666667,46,3,0.065217391,3,1,37,3,0.081081081,3,1,9,0,0,0,,34,3,0.088235294,1,0.333333333,27,3,0.111111111,1,0.333333333,7,0,0,0,,25,3,0.12,2,0.666666667,11,0,0,0,,14,3,0.214285714,2,0.666666667,1,0,0,0,,0,0,,0,,1,0,0,0,,71,6,0.084507042,4,0.666666667,22,2,0.090909091,1,0.5,13,1,0.076923077,1,1
678218,Valenzuela,Brandon,144,9,0.0625,7,0.777777778,76,5,0.065789474,3,0.6,68,4,0.058823529,4,1,100,7,0.07,5,0.714285714,44,2,0.045454545,2,1,49,1,0.020408163,0,0,42,1,0.023809524,0,0,7,0,0,0,,49,3,0.06122449,2,0.666666667,32,3,0.09375,2,0.666666667,17,0,0,0,,45,4,0.088888889,4,1,26,3,0.115384615,3,1,19,1,0.052631579,1,1,1,1,1,1,1,0,0,,0,0,1,1,1,1,1,97,3,0.030927835,2,0.666666667,31,1,0.032258065,1,1,16,5,0.3125,4,0.8
678391,Vivas,Jorbit,148,11,0.074324324,3,0.272727273,78,5,0.064102564,1,0.2,70,6,0.085714286,2,0.333333333,100,8,0.08,2,0.25,48,3,0.0625,1,0.333333333,44,2,0.045454545,0,0,39,2,0.051282051,0,0,5,0,0,0,,65,6,0.092307692,2,0.333333333,47,5,0.106382979,2,0.4,18,1,0.055555556,0,0,34,3,0.088235294,1,0.333333333,13,1,0.076923077,0,0,21,2,0.095238095,1,0.5,5,0,0,0,,1,0,0,0,,4,0,0,0,,97,7,0.072164948,3,0.428571429,38,3,0.078947368,0,0,13,1,0.076923077,0,0
681393,Norby,Connor,157,11,0.070063694,4,0.363636364,86,4,0.046511628,0,0,71,7,0.098591549,4,0.571428571,98,9,0.091836735,4,0.444444444,59,2,0.033898305,0,0,52,3,0.057692308,2,0.666666667,41,3,0.073170732,2,0.666666667,11,0,0,0,,65,5,0.076923077,1,0.2,44,5,0.113636364,1,0.2,21,0,0,0,,39,3,0.076923077,1,0.333333333,12,1,0.083333333,1,1,27,2,0.074074074,0,0,1,0,0,0,,1,0,0,0,,0,0,,0,,85,5,0.058823529,2,0.4,60,5,0.083333333,1,0.2,12,1,0.083333333,1,1
681546,Outman,James,78,6,0.076923077,3,0.5,37,2,0.054054054,2,1,41,4,0.097560976,1,0.25,48,6,0.125,3,0.5,30,0,0,0,,28,2,0.071428571,0,0,26,2,0.076923077,0,0,2,0,0,0,,34,2,0.058823529,1,0.5,17,2,0.117647059,1,0.5,17,0,0,0,,14,2,0.142857143,2,1,5,2,0.4,2,1,9,0,0,0,,2,0,0,0,,0,0,,0,,2,0,0,0,,38,3,0.078947368,2,0.666666667,25,3,0.12,1,0.333333333,15,0,0,0,
682657,Martínez,Angel,220,8,0.036363636,3,0.375,104,5,0.048076923,2,0.4,116,3,0.025862069,1,0.333333333,154,7,0.045454545,3,0.428571429,66,1,0.015151515,0,0,82,1,0.012195122,0,0,80,1,0.0125,0,0,2,0,0,0,,72,4,0.055555556,2,0.5,41,3,0.073170732,2,0.666666667,31,1,0.032258065,0,0,63,2,0.031746032,0,0,32,2,0.0625,0,0,31,0,0,0,,3,1,0.333333333,1,1,1,1,1,1,1,2,0,0,0,0,132,5,0.037878788,1,0.2,67,2,0.029850746,1,0.5,21,1,0.047619048,1,1
682987,Jones,Spencer,106,6,0.056603774,2,0.333333333,40,2,0.05,0,0,66,4,0.060606061,2,0.5,78,5,0.064102564,2,0.4,28,1,0.035714286,0,0,33,0,0,0,,33,0,0,0,,0,0,,0,,43,4,0.093023256,1,0.25,33,3,0.090909091,1,0.333333333,10,1,0.1,0,0,29,2,0.068965517,1,0.5,12,2,0.166666667,1,0.5,17,0,0,0,,1,0,0,0,,0,0,,0,,1,0,0,0,,72,4,0.055555556,2,0.5,26,1,0.038461538,0,0,8,1,0.125,0,0
682997,Callihan,Tyler,43,2,0.046511628,1,0.5,26,1,0.038461538,0,0,17,1,0.058823529,1,1,21,1,0.047619048,1,1,22,1,0.045454545,0,0,13,0,0,0,,8,0,0,0,,5,0,0,0,,13,1,0.076923077,1,1,8,1,0.125,1,1,5,0,0,0,,15,0,0,0,,5,0,0,0,,10,0,0,0,,2,1,0.5,0,0,0,0,,0,0,2,1,0.5,0,0,20,2,0.1,1,0.5,18,0,0,0,,5,0,0,0,
682998,Carroll,Corbin,391,8,0.020460358,6,0.75,178,2,0.011235955,1,0.5,213,6,0.028169014,5,0.833333333,296,7,0.023648649,5,0.714285714,95,1,0.010526316,1,1,159,4,0.025157233,4,1,147,3,0.020408163,3,1,12,1,0.083333333,1,1,134,1,0.007462687,0,0,94,1,0.010638298,0,0,40,0,0,0,,95,3,0.031578947,2,0.666666667,54,3,0.055555556,2,0.666666667,41,0,0,0,,3,0,0,0,,1,0,0,0,,2,0,0,0,,243,5,0.020576132,4,0.8,117,3,0.025641026,2,0.666666667,31,0,0,0,
683146,Baty,Brett,250,8,0.032,3,0.375,139,5,0.035971223,1,0.2,111,3,0.027027027,2,0.666666667,170,5,0.029411765,2,0.4,80,3,0.0375,1,0.333333333,75,0,0,0,,66,0,0,0,,9,0,0,0,,103,2,0.019417476,1,0.5,70,1,0.014285714,1,1,33,1,0.03030303,0,0,70,6,0.085714286,2,0.333333333,34,4,0.117647059,1,0.25,36,2,0.055555556,1,0.5,2,0,0,0,,0,0,,0,,2,0,0,0,,144,7,0.048611111,2,0.285714286,76,1,0.013157895,1,1,30,0,0,0,
686555,Collins,Isaac,389,31,0.079691517,12,0.387096774,182,17,0.093406593,8,0.470588235,207,14,0.06763285,4,0.285714286,295,23,0.077966102,10,0.434782609,94,8,0.085106383,2,0.25,123,5,0.040650407,3,0.6,112,5,0.044642857,3,0.6,11,0,0,0,,142,12,0.084507042,6,0.5,112,12,0.107142857,6,0.5,30,0,0,0,,120,13,0.108333333,3,0.230769231,70,5,0.071428571,1,0.2,50,8,0.16,2,0.25,4,1,0.25,0,0,1,1,1,0,0,3,0,0,0,0,249,22,0.088353414,8,0.363636364,101,7,0.069306931,2,0.285714286,39,2,0.051282051,2,1
687363,Scott,Victor,113,6,0.053097345,3,0.5,55,1,0.018181818,0,0,58,5,0.086206897,3,0.6,84,4,0.047619048,2,0.5,29,2,0.068965517,1,0.5,27,0,0,0,,27,0,0,0,,0,0,,0,,47,3,0.063829787,1,0.333333333,40,3,0.075,1,0.333333333,7,0,0,0,,36,3,0.083333333,2,0.666666667,15,1,0.066666667,1,1,21,2,0.095238095,1,0.5,3,0,0,0,,2,0,0,0,,1,0,0,0,,78,5,0.064102564,3,0.6,29,1,0.034482759,0,0,6,0,0,0,
687637,Beavers,Dylan,275,10,0.036363636,2,0.2,133,5,0.037593985,1,0.2,142,5,0.035211268,1,0.2,188,7,0.037234043,2,0.285714286,87,3,0.034482759,0,0,106,5,0.047169811,1,0.2,93,5,0.053763441,1,0.2,13,0,0,0,,91,1,0.010989011,1,1,64,1,0.015625,1,1,27,0,0,0,,73,4,0.054794521,0,0,30,1,0.033333333,0,0,43,3,0.069767442,0,0,5,0,0,0,,1,0,0,0,,4,0,0,0,,157,5,0.031847134,0,0,93,3,0.032258065,2,0.666666667,25,2,0.08,0,0
693304,Gonzales,Nicholas,244,14,0.057377049,7,0.5,114,4,0.035087719,2,0.5,130,10,0.076923077,5,0.5,172,11,0.063953488,5,0.454545455,72,3,0.041666667,2,0.666666667,91,3,0.032967033,1,0.333333333,82,3,0.036585366,1,0.333333333,9,0,0,0,,88,2,0.022727273,1,0.5,59,2,0.033898305,1,0.5,29,0,0,0,,59,8,0.13559322,5,0.625,31,6,0.193548387,3,0.5,28,2,0.071428571,2,1,6,1,0.166666667,0,0,0,0,,0,0,6,1,0.166666667,0,0,163,7,0.042944785,3,0.428571429,71,5,0.070422535,2,0.4,10,2,0.2,2,1
699912,Fernandez,Jose,164,5,0.030487805,2,0.4,76,3,0.039473684,1,0.333333333,88,2,0.022727273,1,0.5,109,4,0.036697248,1,0.25,55,1,0.018181818,1,1,48,0,0,0,,41,0,0,0,,7,0,0,0,,53,4,0.075471698,2,0.5,33,3,0.090909091,1,0.333333333,20,1,0.05,1,1,62,1,0.016129032,0,0,35,1,0.028571429,0,0,27,0,0,0,,1,0,0,0,,0,0,,0,,1,0,0,0,,102,3,0.029411765,1,0.333333333,47,0,0,0,,15,2,0.133333333,1,0.5
701678,Lee,Hao-Yu,227,9,0.039647577,4,0.444444444,116,3,0.025862069,1,0.333333333,111,6,0.054054054,3,0.5,170,6,0.035294118,4,0.666666667,57,3,0.052631579,0,0,79,4,0.050632911,2,0.5,73,3,0.04109589,2,0.666666667,6,1,0.166666667,0,0,75,1,0.013333333,1,1,63,1,0.015873016,1,1,12,0,0,0,,69,4,0.057971014,1,0.25,34,2,0.058823529,1,0.5,35,2,0.057142857,0,0,4,0,0,0,,0,0,,0,,4,0,0,0,,142,7,0.049295775,3,0.428571429,75,1,0.013333333,0,0,10,1,0.1,1,1
804606,Griffin,Konnor,174,7,0.040229885,4,0.571428571,88,4,0.045454545,3,0.75,86,3,0.034883721,1,0.333333333,107,3,0.028037383,2,0.666666667,67,4,0.059701493,2,0.5,62,0,0,0,,51,0,0,0,,11,0,0,0,,57,1,0.01754386,1,1,33,0,0,0,,24,1,0.041666667,1,1,52,6,0.115384615,3,0.5,23,3,0.130434783,2,0.666666667,29,3,0.103448276,1,0.333333333,3,0,0,0,,0,0,,0,,3,0,0,0,,116,5,0.043103448,3,0.6,45,1,0.022222222,0,0,13,1,0.076923077,1,1
804668,Flores,Rafael,118,2,0.016949153,0,0,60,1,0.016666667,0,0,58,1,0.017241379,0,0,80,2,0.025,0,0,38,0,0,0,,45,1,0.022222222,0,0,41,1,0.024390244,0,0,4,0,0,0,,43,1,0.023255814,0,0,26,1,0.038461538,0,0,17,0,0,0,,30,0,0,0,,13,0,0,0,,17,0,0,0,,0,0,,0,,0,0,,0,,0,0,,0,,68,2,0.029411765,0,0,40,0,0,0,,10,0,0,0,
805779,Wilson,Jacob,157,7,0.044585987,2,0.285714286,66,3,0.045454545,1,0.333333333,91,4,0.043956044,1,0.25,123,5,0.040650407,2,0.4,34,2,0.058823529,0,0,59,3,0.050847458,1,0.333333333,54,2,0.037037037,1,0.5,5,1,0.2,0,0,57,1,0.01754386,0,0,40,0,0,0,,17,1,0.058823529,0,0,40,3,0.075,1,0.333333333,29,3,0.103448276,1,0.333333333,11,0,0,0,,1,0,0,0,,0,0,,0,,1,0,0,0,,103,5,0.048543689,2,0.4,45,2,0.044444444,0,0,9,0,0,0,
805808,McGonigle,Kevin,439,31,0.070615034,19,0.612903226,205,16,0.07804878,7,0.4375,234,15,0.064102564,12,0.8,351,26,0.074074074,16,0.615384615,88,5,0.056818182,3,0.6,184,10,0.054347826,9,0.9,178,9,0.050561798,8,0.888888889,6,1,0.166666667,1,1,135,7,0.051851852,4,0.571428571,107,7,0.065420561,4,0.571428571,28,0,0,0,,114,11,0.096491228,5,0.454545455,63,9,0.142857143,4,0.444444444,51,2,0.039215686,1,0.5,6,3,0.5,1,0.333333333,3,1,0.333333333,0,0,3,2,0.666666667,1,0.333333333,234,12,0.051282051,7,0.583333333,163,13,0.079754601,8,0.615384615,42,6,0.142857143,4,0.666666667
805904,Cole,Zachary,44,4,0.090909091,3,0.75,23,1,0.043478261,0,0,21,3,0.142857143,3,1,30,3,0.1,2,0.666666667,14,1,0.071428571,1,1,12,1,0.083333333,1,1,12,1,0.083333333,1,1,0,0,,0,,14,1,0.071428571,1,1,10,1,0.1,1,1,4,0,0,0,,18,2,0.111111111,1,0.5,8,1,0.125,0,0,10,1,0.1,1,1,0,0,,0,,0,0,,0,,0,0,,0,,24,3,0.125,2,0.666666667,12,0,0,0,,8,1,0.125,1,1
808982,Lee,Jung Hoo,367,14,0.038147139,6,0.428571429,166,6,0.036144578,2,0.333333333,201,8,0.039800995,4,0.5,238,10,0.042016807,3,0.3,129,4,0.031007752,3,0.75,129,8,0.062015504,3,0.375,111,7,0.063063063,2,0.285714286,18,1,0.055555556,1,1,125,5,0.04,2,0.4,67,2,0.029850746,0,0,58,3,0.051724138,2,0.666666667,110,1,0.009090909,1,1,60,1,0.016666667,1,1,50,0,0,0,,3,0,0,0,,0,0,,0,,3,0,0,0,,252,12,0.047619048,5,0.416666667,97,2,0.020618557,1,0.5,18,0,0,0,
813841,Cox,Jonah,95,3,0.031578947,2,0.666666667,48,2,0.041666667,1,0.5,47,1,0.021276596,1,1,64,2,0.03125,2,1,31,1,0.032258065,0,0,37,1,0.027027027,1,1,34,1,0.029411765,1,1,3,0,0,0,,26,1,0.038461538,0,0,19,0,0,0,,7,1,0.142857143,0,0,32,1,0.03125,1,1,11,1,0.090909091,1,1,21,0,0,0,,0,0,,0,,0,0,,0,,0,0,,0,,63,1,0.015873016,1,1,28,2,0.071428571,1,0.5,4,0,0,0,
823550,Song,Sung-Mun,102,2,0.019607843,2,1,55,1,0.018181818,1,1,47,1,0.021276596,1,1,71,0,0,0,,31,2,0.064516129,2,1,43,1,0.023255814,1,1,36,0,0,0,,7,1,0.142857143,1,1,27,1,0.037037037,1,1,17,0,0,0,,10,1,0.1,1,1,30,0,0,0,,18,0,0,0,,12,0,0,0,,2,0,0,0,,0,0,,0,,2,0,0,0,,83,2,0.024096386,2,1,12,0,0,0,,7,0,0,0,
672695,Perdomo,Geraldo,595,33,0.055462185,16,0.484848485,293,19,0.064846416,8,0.421052632,302,14,0.046357616,8,0.571428571,446,24,0.053811659,13,0.541666667,149,9,0.060402685,3,0.333333333,249,5,0.020080321,3,0.6,222,5,0.022522523,3,0.6,27,0,0,0,,204,14,0.068627451,7,0.5,145,10,0.068965517,5,0.5,59,4,0.06779661,2,0.5,137,13,0.094890511,6,0.461538462,77,8,0.103896104,5,0.625,60,5,0.083333333,1,0.2,5,1,0.2,0,0,2,1,0.5,0,0,3,0,0,0,0,393,21,0.053435115,6,0.285714286,149,6,0.040268456,5,0.833333333,53,6,0.113207547,5,0.833333333
673237,Diaz,Yainer,116,7,0.060344828,2,0.285714286,47,4,0.085106383,1,0.25,69,3,0.043478261,1,0.333333333,69,5,0.072463768,2,0.4,47,2,0.042553191,0,0,49,2,0.040816327,1,0.5,40,2,0.05,1,0.5,9,0,0,0,,32,3,0.09375,1,0.333333333,21,3,0.142857143,1,0.333333333,11,0,0,0,,34,2,0.058823529,0,0,8,0,0,0,,26,2,0.076923077,0,0,1,0,0,0,,0,0,,0,,1,0,0,0,,77,6,0.077922078,2,0.333333333,35,0,0,0,,4,1,0.25,0,0
673357,Robert,Luis,103,6,0.058252427,3,0.5,63,4,0.063492063,2,0.5,40,2,0.05,1,0.5,81,5,0.061728395,3,0.6,22,1,0.045454545,0,0,36,3,0.083333333,3,1,36,3,0.083333333,3,1,0,0,,0,,38,1,0.026315789,0,0,32,1,0.03125,0,0,6,0,0,0,,28,2,0.071428571,0,0,13,1,0.076923077,0,0,15,1,0.066666667,0,0,1,0,0,0,,0,0,,0,,1,0,0,0,,72,2,0.027777778,1,0.5,28,4,0.142857143,2,0.5,3,0,0,0,
673548,Suzuki,Seiya,504,17,0.033730159,12,0.705882353,251,9,0.035856574,6,0.666666667,253,8,0.031620553,6,0.75,406,13,0.032019704,8,0.615384615,98,4,0.040816327,4,1,183,3,0.016393443,1,0.333333333,170,2,0.011764706,0,0,13,1,0.076923077,1,1,167,7,0.041916168,6,0.857142857,142,6,0.042253521,5,0.833333333,25,1,0.04,1,1,148,6,0.040540541,4,0.666666667,94,5,0.053191489,3,0.6,54,1,0.018518519,1,1,6,1,0.166666667,1,1,0,0,,0,0,6,1,0.166666667,1,1,308,13,0.042207792,11,0.846153846,175,4,0.022857143,1,0.25,21,0,0,0,
676369,Velázquez,Nelson,67,4,0.059701493,3,0.75,30,1,0.033333333,1,1,37,3,0.081081081,2,0.666666667,45,3,0.066666667,3,1,22,1,0.045454545,0,0,19,2,0.105263158,2,1,19,2,0.105263158,2,1,0,0,,0,,25,2,0.08,1,0.5,18,1,0.055555556,1,1,7,1,0.142857143,0,0,23,0,0,0,,8,0,0,0,,15,0,0,0,,0,0,,0,,0,0,,0,,0,0,,0,,36,4,0.111111111,3,0.75,24,0,0,0,,7,0,0,0,
676475,Burleson,Alec,296,9,0.030405405,5,0.555555556,155,5,0.032258065,4,0.8,141,4,0.028368794,1,0.25,242,8,0.033057851,4,0.5,54,1,0.018518519,1,1,128,4,0.03125,3,0.75,122,4,0.032786885,3,0.75,6,0,0,0,,104,2,0.019230769,1,0.5,82,2,0.024390244,1,0.5,22,0,0,0,,63,3,0.047619048,1,0.333333333,38,2,0.052631579,0,0,25,1,0.04,1,1,1,0,0,0,,0,0,,0,,1,0,0,0,,185,3,0.016216216,2,0.666666667,86,5,0.058139535,2,0.4,25,1,0.04,1,1
676914,Schneider,Davis,135,17,0.125925926,14,0.823529412,65,7,0.107692308,6,0.857142857,70,10,0.142857143,8,0.8,95,13,0.136842105,10,0.769230769,40,4,0.1,4,1,52,6,0.115384615,5,0.833333333,45,6,0.133333333,5,0.833333333,7,0,0,0,,50,7,0.14,6,0.857142857,33,5,0.151515152,4,0.8,17,2,0.117647059,2,1,31,3,0.096774194,2,0.666666667,17,2,0.117647059,1,0.5,14,1,0.071428571,1,1,2,1,0.5,1,1,0,0,,0,0,2,1,0.5,1,1,90,11,0.122222222,10,0.909090909,40,6,0.15,4,0.666666667,5,0,0,0,
678545,Basabe,Osleivis,114,4,0.035087719,0,0,50,3,0.06,0,0,64,1,0.015625,0,0,65,1,0.015384615,0,0,49,3,0.06122449,0,0,32,0,0,0,,27,0,0,0,,5,0,0,0,,49,1,0.020408163,0,0,25,0,0,0,,24,1,0.041666667,0,0,33,3,0.090909091,0,0,13,1,0.076923077,0,0,20,2,0.1,0,0,0,0,,0,,0,0,,0,,0,0,,0,,74,3,0.040540541,0,0,31,1,0.032258065,0,0,9,0,0,0,
680757,Kwan,Steven,605,16,0.026446281,9,0.5625,302,8,0.026490066,5,0.625,303,8,0.02640264,4,0.5,428,12,0.028037383,7,0.583333333,177,4,0.02259887,2,0.5,259,4,0.015444015,2,0.5,239,3,0.012552301,2,0.666666667,20,1,0.05,0,0,192,8,0.041666667,5,0.625,122,7,0.057377049,4,0.571428571,70,1,0.014285714,1,1,152,4,0.026315789,2,0.5,65,2,0.030769231,1,0.5,87,2,0.022988506,1,0.5,2,0,0,0,,2,0,0,0,,0,0,,0,,470,12,0.025531915,6,0.5,112,4,0.035714286,3,0.75,23,0,0,0,
681082,Stott,Bryson,525,7,0.013333333,3,0.428571429,251,5,0.019920319,2,0.4,274,2,0.00729927,1,0.5,349,7,0.020057307,3,0.428571429,176,0,0,0,,174,2,0.011494253,1,0.5,148,2,0.013513514,1,0.5,26,0,0,0,,189,3,0.015873016,1,0.333333333,131,3,0.022900763,1,0.333333333,58,0,0,0,,157,2,0.012738854,1,0.5,68,2,0.029411765,1,0.5,89,0,0,0,,5,0,0,0,,2,0,0,0,,3,0,0,0,,393,3,0.007633588,1,0.333333333,105,3,0.028571429,2,0.666666667,27,1,0.037037037,0,0
683737,Busch,Michael,434,20,0.046082949,7,0.35,209,9,0.043062201,2,0.222222222,225,11,0.048888889,5,0.454545455,347,16,0.04610951,7,0.4375,87,4,0.045977011,0,0,168,6,0.035714286,2,0.333333333,155,5,0.032258065,2,0.4,13,1,0.076923077,0,0,137,3,0.02189781,2,0.666666667,113,3,0.026548673,2,0.666666667,24,0,0,0,,121,10,0.082644628,3,0.3,77,7,0.090909091,3,0.428571429,44,3,0.068181818,0,0,8,1,0.125,0,0,2,1,0.5,0,0,6,0,0,0,0,267,16,0.059925094,5,0.3125,133,3,0.022556391,1,0.333333333,34,1,0.029411765,1,1
687221,Rushing,Dalton,127,7,0.05511811,3,0.428571429,61,4,0.06557377,1,0.25,66,3,0.045454545,2,0.666666667,87,5,0.057471264,2,0.4,40,2,0.05,1,0.5,32,1,0.03125,0,0,30,1,0.033333333,0,0,2,0,0,0,,53,3,0.056603774,2,0.666666667,35,2,0.057142857,1,0.5,18,1,0.055555556,1,1,42,3,0.071428571,1,0.333333333,22,2,0.090909091,1,0.5,20,1,0.05,0,0,0,0,,0,,0,0,,0,,0,0,,0,,74,5,0.067567568,1,0.2,39,2,0.051282051,2,1,14,0,0,0,
687231,Hernaiz,Darell,94,8,0.085106383,5,0.625,48,3,0.0625,2,0.666666667,46,5,0.108695652,3,0.6,61,7,0.114754098,4,0.571428571,33,1,0.03030303,1,1,23,2,0.086956522,1,0.5,20,2,0.1,1,0.5,3,0,0,0,,40,4,0.1,3,0.75,25,4,0.16,3,0.75,15,0,0,0,,28,2,0.071428571,1,0.5,14,1,0.071428571,0,0,14,1,0.071428571,1,1,3,0,0,0,,2,0,0,0,,1,0,0,0,,63,6,0.095238095,5,0.833333333,27,2,0.074074074,0,0,4,0,0,0,
690993,Keith,Colten,285,19,0.066666667,11,0.578947368,136,9,0.066176471,5,0.555555556,149,10,0.067114094,6,0.6,225,12,0.053333333,8,0.666666667,60,7,0.116666667,3,0.428571429,112,3,0.026785714,2,0.666666667,103,2,0.019417476,1,0.5,9,1,0.111111111,1,1,101,8,0.079207921,5,0.625,81,7,0.086419753,5,0.714285714,20,1,0.05,0,0,70,7,0.1,4,0.571428571,41,3,0.073170732,2,0.666666667,29,4,0.137931034,2,0.5,2,1,0.5,0,0,0,0,,0,0,2,1,0.5,0,0,189,12,0.063492063,7,0.583333333,62,4,0.064516129,2,0.5,34,3,0.088235294,2,0.666666667
691182,Amador,Adael,43,6,0.139534884,2,0.333333333,26,3,0.115384615,2,0.666666667,17,3,0.176470588,0,0,25,4,0.16,1,0.25,18,2,0.111111111,1,0.5,14,1,0.071428571,0,0,11,1,0.090909091,0,0,3,0,0,0,,18,3,0.166666667,1,0.333333333,12,3,0.25,1,0.333333333,6,0,0,0,,11,2,0.181818182,1,0.5,2,0,0,0,,9,2,0.222222222,1,0.5,0,0,,0,,0,0,,0,,0,0,,0,,29,5,0.172413793,1,0.2,13,1,0.076923077,1,1,1,0,0,0,
691373,Garcia,Jhostynxon,17,2,0.117647059,1,0.5,7,1,0.142857143,1,1,10,1,0.1,0,0,10,2,0.2,1,0.5,7,0,0,0,,7,1,0.142857143,0,0,4,1,0.25,0,0,3,0,0,0,,5,0,0,0,,3,0,0,0,,2,0,0,0,,5,1,0.2,1,1,3,1,0.333333333,1,1,2,0,0,0,,0,0,,0,,0,0,,0,,0,0,,0,,9,1,0.111111111,1,1,5,0,0,0,,3,1,0.333333333,0,0
691718,Crow-Armstrong,Pete,372,20,0.053763441,10,0.5,186,11,0.059139785,5,0.454545455,186,9,0.048387097,5,0.555555556,294,15,0.051020408,7,0.466666667,78,5,0.064102564,3,0.6,167,3,0.017964072,1,0.333333333,161,3,0.01863354,1,0.333333333,6,0,0,0,,98,8,0.081632653,3,0.375,69,5,0.072463768,1,0.2,29,3,0.103448276,2,0.666666667,105,9,0.085714286,6,0.666666667,64,7,0.109375,5,0.714285714,41,2,0.048780488,1,0.5,2,0,0,0,,0,0,,0,,2,0,0,0,,250,12,0.048,4,0.333333333,91,7,0.076923077,5,0.714285714,31,1,0.032258065,1,1
691740,Susac,Daniel,74,2,0.027027027,1,0.5,32,0,0,0,,42,2,0.047619048,1,0.5,55,1,0.018181818,0,0,19,1,0.052631579,1,1,21,0,0,0,,17,0,0,0,,4,0,0,0,,28,1,0.035714286,0,0,23,1,0.043478261,0,0,5,0,0,0,,24,1,0.041666667,1,1,15,0,0,0,,9,1,0.111111111,1,1,1,0,0,0,,0,0,,0,,1,0,0,0,,55,2,0.036363636,1,0.5,16,0,0,0,,3,0,0,0,
691777,Muncy,Maxwell,165,4,0.024242424,2,0.5,66,2,0.03030303,1,0.5,99,2,0.02020202,1,0.5,116,4,0.034482759,2,0.5,49,0,0,0,,54,2,0.037037037,1,0.5,47,2,0.042553191,1,0.5,7,0,0,0,,52,0,0,0,,40,0,0,0,,12,0,0,0,,57,2,0.035087719,1,0.5,29,2,0.068965517,1,0.5,28,0,0,0,,2,0,0,0,,0,0,,0,,2,0,0,0,,94,1,0.010638298,0,0,59,3,0.050847458,2,0.666666667,12,0,0,0,
694362,Dunn,Blake,104,7,0.067307692,3,0.428571429,56,4,0.071428571,2,0.5,48,3,0.0625,1,0.333333333,84,6,0.071428571,3,0.5,20,1,0.05,0,0,35,1,0.028571429,0,0,32,1,0.03125,0,0,3,0,0,0,,36,1,0.027777778,1,1,29,1,0.034482759,1,1,7,0,0,0,,31,4,0.129032258,2,0.5,22,3,0.136363636,2,0.666666667,9,1,0.111111111,0,0,2,1,0.5,0,0,1,1,1,0,0,1,0,0,0,0,67,6,0.089552239,3,0.5,28,0,0,0,,9,1,0.111111111,0,0
694671,Langford,Wyatt,289,23,0.079584775,10,0.434782609,145,14,0.096551724,8,0.571428571,144,9,0.0625,2,0.222222222,224,15,0.066964286,8,0.533333333,65,8,0.123076923,2,0.25,122,3,0.024590164,1,0.333333333,117,3,0.025641026,1,0.333333333,5,0,0,0,,104,14,0.134615385,6,0.428571429,74,10,0.135135135,6,0.6,30,4,0.133333333,0,0,60,5,0.083333333,3,0.6,32,2,0.0625,1,0.5,28,3,0.107142857,2,0.666666667,3,1,0.333333333,0,0,1,0,0,0,0,2,1,0.5,0,0,197,16,0.081218274,6,0.375,72,6,0.083333333,3,0.5,20,1,0.05,1,1
695657,Montgomery,Colson,266,4,0.015037594,2,0.5,115,2,0.017391304,1,0.5,151,2,0.013245033,1,0.5,179,2,0.011173184,1,0.5,87,2,0.022988506,1,0.5,107,1,0.009345794,0,0,91,0,0,0,,16,1,0.0625,0,0,96,2,0.020833333,1,0.5,61,2,0.032786885,1,0.5,35,0,0,0,,59,1,0.016949153,1,1,27,0,0,0,,32,1,0.03125,1,1,4,0,0,0,,0,0,,0,,4,0,0,0,,159,4,0.025157233,2,0.5,94,0,0,0,,13,0,0,0,
700932,Manzardo,Kyle,212,5,0.023584906,2,0.4,97,4,0.041237113,2,0.5,115,1,0.008695652,0,0,141,2,0.014184397,1,0.5,71,3,0.042253521,1,0.333333333,77,0,0,0,,68,0,0,0,,9,0,0,0,,76,1,0.013157895,0,0,49,1,0.020408163,0,0,27,0,0,0,,55,4,0.072727273,2,0.5,23,1,0.043478261,1,1,32,3,0.09375,1,0.333333333,4,0,0,0,,1,0,0,0,,3,0,0,0,,116,2,0.017241379,1,0.5,80,3,0.0375,1,0.333333333,16,0,0,0,
701398,Stewart,Sal,394,51,0.129441624,28,0.549019608,192,19,0.098958333,8,0.421052632,202,32,0.158415842,20,0.625,297,36,0.121212121,21,0.583333333,97,15,0.154639175,7,0.466666667,147,17,0.115646259,9,0.529411765,132,16,0.121212121,8,0.5,15,1,0.066666667,1,1,120,9,0.075,6,0.666666667,85,6,0.070588235,5,0.833333333,35,3,0.085714286,1,0.333333333,124,25,0.201612903,13,0.52,79,14,0.17721519,8,0.571428571,45,11,0.244444444,5,0.454545455,3,0,0,0,,1,0,0,0,,2,0,0,0,,226,22,0.097345133,10,0.454545455,138,24,0.173913043,14,0.583333333,30,5,0.166666667,4,0.8
701762,Kurtz,Nicholas,275,11,0.04,9,0.818181818,142,7,0.049295775,5,0.714285714,133,4,0.030075188,4,1,199,9,0.045226131,8,0.888888889,76,2,0.026315789,1,0.5,114,3,0.026315789,3,1,102,3,0.029411765,3,1,12,0,0,0,,77,4,0.051948052,4,1,54,3,0.055555556,3,1,23,1,0.043478261,1,1,82,4,0.048780488,2,0.5,42,3,0.071428571,2,0.666666667,40,1,0.025,0,0,2,0,0,0,,1,0,0,0,,1,0,0,0,,168,6,0.035714286,5,0.833333333,80,4,0.05,3,0.75,27,1,0.037037037,1,1
701807,Benge,Carson,419,10,0.023866348,7,0.7,213,5,0.023474178,3,0.6,206,5,0.024271845,4,0.8,299,7,0.023411371,6,0.857142857,120,3,0.025,1,0.333333333,176,2,0.011363636,2,1,158,2,0.012658228,2,1,18,0,0,0,,129,5,0.03875969,4,0.8,81,3,0.037037037,3,1,48,2,0.041666667,1,0.5,111,3,0.027027027,1,0.333333333,60,2,0.033333333,1,0.5,51,1,0.019607843,0,0,3,0,0,0,,0,0,,0,,3,0,0,0,,273,7,0.025641026,4,0.571428571,117,1,0.008547009,1,1,29,2,0.068965517,2,1
703520,Bateman,Brett,136,3,0.022058824,3,1,70,2,0.028571429,2,1,66,1,0.015151515,1,1,94,3,0.031914894,3,1,42,0,0,0,,64,0,0,0,,56,0,0,0,,8,0,0,0,,39,1,0.025641026,1,1,26,1,0.038461538,1,1,13,0,0,0,,32,1,0.03125,1,1,11,1,0.090909091,1,1,21,0,0,0,,1,1,1,1,1,1,1,1,1,1,0,0,,0,0,94,2,0.021276596,2,1,32,1,0.03125,1,1,10,0,0,0,
663604,Lockridge,Brandon,83,2,0.024096386,0,0,44,1,0.022727273,0,0,39,1,0.025641026,0,0,65,2,0.030769231,0,0,18,0,0,0,,30,0,0,0,,30,0,0,0,,0,0,,0,,26,1,0.038461538,0,0,21,1,0.047619048,0,0,5,0,0,0,,27,1,0.037037037,0,0,14,1,0.071428571,0,0,13,0,0,0,,0,0,,0,,0,0,,0,,0,0,,0,,53,2,0.037735849,0,0,23,0,0,0,,7,0,0,0,
664056,Bader,Harrison,61,2,0.032786885,1,0.5,29,1,0.034482759,0,0,32,1,0.03125,1,1,37,1,0.027027027,1,1,24,1,0.041666667,0,0,21,1,0.047619048,1,1,19,1,0.052631579,1,1,2,0,0,0,,13,0,0,0,,7,0,0,0,,6,0,0,0,,27,1,0.037037037,0,0,11,0,0,0,,16,1,0.0625,0,0,0,0,,0,,0,0,,0,,0,0,,0,,39,1,0.025641026,1,1,18,0,0,0,,4,1,0.25,0,0
664774,Wade,LaMonte,118,3,0.025423729,1,0.333333333,71,2,0.028169014,1,0.5,47,1,0.021276596,0,0,85,2,0.023529412,0,0,33,1,0.03030303,1,1,48,1,0.020833333,0,0,46,1,0.02173913,0,0,2,0,0,0,,40,2,0.05,1,0.5,29,1,0.034482759,0,0,11,1,0.090909091,1,1,29,0,0,0,,10,0,0,0,,19,0,0,0,,1,0,0,0,,0,0,,0,,1,0,0,0,,79,3,0.037974684,1,0.333333333,26,0,0,0,,13,0,0,0,
666211,Trammell,Taylor,148,17,0.114864865,7,0.411764706,69,6,0.086956522,3,0.5,79,11,0.139240506,4,0.363636364,91,8,0.087912088,3,0.375,57,9,0.157894737,4,0.444444444,49,3,0.06122449,2,0.666666667,39,2,0.051282051,1,0.5,10,1,0.1,1,1,50,8,0.16,3,0.375,31,4,0.129032258,2,0.5,19,4,0.210526316,1,0.25,48,6,0.125,2,0.333333333,21,2,0.095238095,0,0,27,4,0.148148148,2,0.5,1,0,0,0,,0,0,,0,,1,0,0,0,,92,11,0.119565217,4,0.363636364,46,6,0.130434783,3,0.5,10,0,0,0,
666624,Morel,Christopher,62,4,0.064516129,2,0.5,38,2,0.052631579,1,0.5,24,2,0.083333333,1,0.5,34,3,0.088235294,2,0.666666667,28,1,0.035714286,0,0,14,1,0.071428571,1,1,13,1,0.076923077,1,1,1,0,0,0,,27,3,0.111111111,1,0.333333333,14,2,0.142857143,1,0.5,13,1,0.076923077,0,0,21,0,0,0,,7,0,0,0,,14,0,0,0,,0,0,,0,,0,0,,0,,0,0,,0,,37,2,0.054054054,1,0.5,23,2,0.086956522,1,0.5,2,0,0,0,
666971,Gurriel,Lourdes,103,3,0.029126214,1,0.333333333,47,2,0.042553191,1,0.5,56,1,0.017857143,0,0,83,3,0.036144578,1,0.333333333,20,0,0,0,,25,2,0.08,1,0.5,23,2,0.086956522,1,0.5,2,0,0,0,,42,1,0.023809524,0,0,34,1,0.029411765,0,0,8,0,0,0,,35,0,0,0,,26,0,0,0,,9,0,0,0,,1,0,0,0,,0,0,,0,,1,0,0,0,,67,1,0.014925373,0,0,23,2,0.086956522,1,0.5,13,0,0,0,
668670,Rogers,Jacob,123,6,0.048780488,2,0.333333333,57,2,0.035087719,1,0.5,66,4,0.060606061,1,0.25,90,3,0.033333333,2,0.666666667,33,3,0.090909091,0,0,38,1,0.026315789,1,1,33,1,0.03030303,1,1,5,0,0,0,,47,2,0.042553191,1,0.5,39,2,0.051282051,1,0.5,8,0,0,0,,36,3,0.083333333,0,0,16,0,0,0,,20,3,0.15,0,0,2,0,0,0,,2,0,0,0,,0,0,,0,,71,2,0.028169014,1,0.5,43,2,0.046511628,1,0.5,9,2,0.222222222,0,0
668804,Reynolds,Bryan,341,23,0.06744868,12,0.52173913,166,14,0.084337349,8,0.571428571,175,9,0.051428571,4,0.444444444,230,15,0.065217391,9,0.6,111,8,0.072072072,3,0.375,127,8,0.062992126,3,0.375,115,7,0.060869565,3,0.428571429,12,1,0.083333333,0,0,120,6,0.05,5,0.833333333,79,6,0.075949367,5,0.833333333,41,0,0,0,,90,9,0.1,4,0.444444444,36,2,0.055555556,1,0.5,54,7,0.12962963,3,0.428571429,4,0,0,0,,0,0,,0,,4,0,0,0,,205,12,0.058536585,4,0.333333333,92,9,0.097826087,6,0.666666667,44,2,0.045454545,2,1
676572,Wagaman,Eric,43,3,0.069767442,3,1,26,2,0.076923077,2,1,17,1,0.058823529,1,1,28,1,0.035714286,1,1,15,2,0.133333333,2,1,17,1,0.058823529,1,1,14,1,0.071428571,1,1,3,0,0,0,,10,0,0,0,,8,0,0,0,,2,0,0,0,,16,2,0.125,2,1,6,0,0,0,,10,2,0.2,2,1,0,0,,0,,0,0,,0,,0,0,,0,,23,1,0.043478261,1,1,12,0,0,0,,8,2,0.25,2,1
676609,Caballero,José,257,31,0.120622568,17,0.548387097,117,12,0.102564103,6,0.5,140,19,0.135714286,11,0.578947368,154,20,0.12987013,10,0.5,103,11,0.106796117,7,0.636363636,82,9,0.109756098,7,0.777777778,69,7,0.101449275,5,0.714285714,13,2,0.153846154,2,1,85,11,0.129411765,3,0.272727273,49,9,0.183673469,3,0.333333333,36,2,0.055555556,0,0,87,10,0.114942529,7,0.7,35,4,0.114285714,2,0.5,52,6,0.115384615,5,0.833333333,3,1,0.333333333,0,0,1,0,0,0,0,2,1,0.5,0,0,168,24,0.142857143,12,0.5,76,7,0.092105263,5,0.714285714,13,0,0,0,
680776,Duran,Jarren,289,10,0.034602076,5,0.5,134,8,0.059701493,4,0.5,155,2,0.012903226,1,0.5,209,6,0.028708134,4,0.666666667,80,4,0.05,1,0.25,114,0,0,0,,106,0,0,0,,8,0,0,0,,78,2,0.025641026,1,0.5,60,2,0.033333333,1,0.5,18,0,0,0,,96,8,0.083333333,4,0.5,42,4,0.095238095,3,0.75,54,4,0.074074074,1,0.25,1,0,0,0,,1,0,0,0,,0,0,,0,,182,2,0.010989011,1,0.5,81,7,0.086419753,3,0.428571429,26,1,0.038461538,1,1
681297,Cowser,Colton,285,12,0.042105263,6,0.5,137,4,0.02919708,3,0.75,148,8,0.054054054,3,0.375,186,12,0.064516129,6,0.5,99,0,0,0,,100,4,0.04,2,0.5,80,4,0.05,2,0.5,20,0,0,0,,99,3,0.03030303,2,0.666666667,60,3,0.05,2,0.666666667,39,0,0,0,,82,4,0.048780488,2,0.5,44,4,0.090909091,2,0.5,38,0,0,0,,4,1,0.25,0,0,2,1,0.5,0,0,2,0,0,0,0,152,9,0.059210526,4,0.444444444,89,2,0.02247191,1,0.5,44,1,0.022727273,1,1
683357,Caissie,Owen,213,10,0.046948357,6,0.6,112,3,0.026785714,1,0.333333333,101,7,0.069306931,5,0.714285714,141,9,0.063829787,5,0.555555556,72,1,0.013888889,1,1,83,3,0.036144578,1,0.333333333,67,3,0.044776119,1,0.333333333,16,0,0,0,,77,2,0.025974026,2,1,46,2,0.043478261,2,1,31,0,0,0,,53,5,0.094339623,3,0.6,28,4,0.142857143,2,0.5,25,1,0.04,1,1,0,0,,0,,0,0,,0,,0,0,,0,,130,5,0.038461538,3,0.6,68,3,0.044117647,1,0.333333333,15,2,0.133333333,2,1
686217,Frelick,Salvatore,275,7,0.025454545,2,0.285714286,124,4,0.032258065,1,0.25,151,3,0.01986755,1,0.333333333,170,4,0.023529412,1,0.25,105,3,0.028571429,1,0.333333333,76,3,0.039473684,0,0,65,2,0.030769231,0,0,11,1,0.090909091,0,0,115,0,0,0,,69,0,0,0,,46,0,0,0,,83,4,0.048192771,2,0.5,36,2,0.055555556,1,0.5,47,2,0.042553191,1,0.5,1,0,0,0,,0,0,,0,,1,0,0,0,,206,6,0.029126214,2,0.333333333,56,1,0.017857143,0,0,13,0,0,0,
686469,Pasquantino,Vincent,269,5,0.018587361,4,0.8,139,3,0.021582734,3,1,130,2,0.015384615,1,0.5,207,5,0.024154589,4,0.8,62,0,0,0,,119,3,0.025210084,3,1,110,3,0.027272727,3,1,9,0,0,0,,83,1,0.012048193,1,1,60,1,0.016666667,1,1,23,0,0,0,,65,1,0.015384615,0,0,36,1,0.027777778,0,0,29,0,0,0,,2,0,0,0,,1,0,0,0,,1,0,0,0,,167,5,0.02994012,4,0.8,87,0,0,0,,15,0,0,0,
686681,Massey,Michael,234,7,0.02991453,6,0.857142857,110,4,0.036363636,3,0.75,124,3,0.024193548,3,1,187,4,0.021390374,3,0.75,47,3,0.063829787,3,1,69,2,0.028985507,1,0.5,65,1,0.015384615,0,0,4,1,0.25,1,1,100,2,0.02,2,1,85,2,0.023529412,2,1,15,0,0,0,,64,3,0.046875,3,1,37,1,0.027027027,1,1,27,2,0.074074074,2,1,1,0,0,0,,0,0,,0,,1,0,0,0,,153,6,0.039215686,5,0.833333333,67,1,0.014925373,1,1,14,0,0,0,
686765,Sogard,Nicholas,238,16,0.067226891,10,0.625,121,7,0.05785124,4,0.571428571,117,9,0.076923077,6,0.666666667,181,13,0.071823204,8,0.615384615,57,3,0.052631579,2,0.666666667,88,3,0.034090909,3,1,82,3,0.036585366,3,1,6,0,0,0,,80,5,0.0625,3,0.6,61,4,0.06557377,3,0.75,19,1,0.052631579,0,0,70,8,0.114285714,4,0.5,38,6,0.157894737,2,0.333333333,32,2,0.0625,2,1,0,0,,0,,0,0,,0,,0,0,,0,,136,10,0.073529412,5,0.5,75,4,0.053333333,4,1,27,2,0.074074074,1,0.5
687952,Encarnacion-Strand,Christian,84,2,0.023809524,0,0,35,1,0.028571429,0,0,49,1,0.020408163,0,0,63,1,0.015873016,0,0,21,1,0.047619048,0,0,30,0,0,0,,27,0,0,0,,3,0,0,0,,28,1,0.035714286,0,0,19,1,0.052631579,0,0,9,0,0,0,,23,1,0.043478261,0,0,16,0,0,0,,7,1,0.142857143,0,0,3,0,0,0,,1,0,0,0,,2,0,0,0,,64,2,0.03125,0,0,18,0,0,0,,2,0,0,0,
691026,Winn,Masyn,441,10,0.022675737,7,0.7,233,5,0.021459227,2,0.4,208,5,0.024038462,5,1,331,7,0.021148036,5,0.714285714,110,3,0.027272727,2,0.666666667,140,1,0.007142857,0,0,128,1,0.0078125,0,0,12,0,0,0,,162,3,0.018518519,3,1,119,2,0.016806723,2,1,43,1,0.023255814,1,1,133,6,0.045112782,4,0.666666667,81,4,0.049382716,3,0.75,52,2,0.038461538,1,0.5,6,0,0,0,,3,0,0,0,,3,0,0,0,,295,7,0.023728814,6,0.857142857,119,3,0.025210084,1,0.333333333,27,0,0,0,
694249,Carrigg,Cole,170,27,0.158823529,12,0.444444444,84,15,0.178571429,5,0.333333333,86,12,0.139534884,7,0.583333333,120,19,0.158333333,10,0.526315789,50,8,0.16,2,0.25,76,9,0.118421053,6,0.666666667,69,9,0.130434783,6,0.666666667,7,0,0,0,,51,8,0.156862745,4,0.5,32,6,0.1875,3,0.5,19,2,0.105263158,1,0.5,42,9,0.214285714,2,0.222222222,19,4,0.210526316,1,0.25,23,5,0.217391304,1,0.2,1,1,1,0,0,0,0,,0,0,1,1,1,0,0,87,15,0.172413793,6,0.4,63,9,0.142857143,5,0.555555556,20,3,0.15,1,0.333333333
694514,Thompson,Sterlin,32,6,0.1875,1,0.166666667,12,1,0.083333333,0,0,20,5,0.25,1,0.2,23,5,0.217391304,1,0.2,9,1,0.111111111,0,0,7,0,0,0,,6,0,0,0,,1,0,0,0,,14,2,0.142857143,0,0,11,2,0.181818182,0,0,3,0,0,0,,9,4,0.444444444,1,0.25,6,3,0.5,1,0.333333333,3,1,0.333333333,0,0,2,0,0,0,,0,0,,0,,2,0,0,0,,18,4,0.222222222,0,0,10,1,0.1,0,0,4,1,0.25,1,1
695336,Saggese,Thomas,102,5,0.049019608,2,0.4,46,2,0.043478261,0,0,56,3,0.053571429,2,0.666666667,70,4,0.057142857,2,0.5,32,1,0.03125,0,0,37,0,0,0,,35,0,0,0,,2,0,0,0,,35,2,0.057142857,2,1,25,2,0.08,2,1,10,0,0,0,,28,3,0.107142857,0,0,9,2,0.222222222,0,0,19,1,0.052631579,0,0,2,0,0,0,,1,0,0,0,,1,0,0,0,,78,5,0.064102564,2,0.4,22,0,0,0,,2,0,0,0,
695600,Jensen,Carter,368,13,0.035326087,9,0.692307692,166,3,0.018072289,3,1,202,10,0.04950495,6,0.6,296,13,0.043918919,9,0.692307692,72,0,0,0,,143,3,0.020979021,3,1,137,3,0.02189781,3,1,6,0,0,0,,105,4,0.038095238,3,0.75,86,4,0.046511628,3,0.75,19,0,0,0,,117,6,0.051282051,3,0.5,73,6,0.082191781,3,0.5,44,0,0,0,,3,0,0,0,,0,0,,0,,3,0,0,0,,238,10,0.042016807,7,0.7,100,1,0.01,0,0,30,2,0.066666667,2,1
701675,Church,Nathan,216,4,0.018518519,0,0,96,1,0.010416667,0,0,120,3,0.025,0,0,171,4,0.023391813,0,0,45,0,0,0,,71,1,0.014084507,0,0,67,1,0.014925373,0,0,4,0,0,0,,80,2,0.025,0,0,68,2,0.029411765,0,0,12,0,0,0,,63,1,0.015873016,0,0,36,1,0.027777778,0,0,27,0,0,0,,2,0,0,0,,0,0,,0,,2,0,0,0,,142,2,0.014084507,0,0,54,2,0.037037037,0,0,20,0,0,0,
665019,Clemens,Kody,303,16,0.052805281,5,0.3125,140,10,0.071428571,4,0.4,163,6,0.036809816,1,0.166666667,200,6,0.03,3,0.5,103,10,0.097087379,2,0.2,106,2,0.018867925,2,1,96,2,0.020833333,2,1,10,0,0,0,,109,4,0.036697248,2,0.5,73,2,0.02739726,1,0.5,36,2,0.055555556,1,0.5,83,9,0.108433735,1,0.111111111,29,2,0.068965517,0,0,54,7,0.12962963,1,0.142857143,5,1,0.2,0,0,2,0,0,0,0,3,1,0.333333333,0,0,191,9,0.047120419,3,0.333333333,89,7,0.078651685,2,0.285714286,23,0,0,0,
665161,Peña,Jeremy,191,5,0.02617801,3,0.6,85,3,0.035294118,2,0.666666667,106,2,0.018867925,1,0.5,130,4,0.030769231,2,0.5,61,1,0.016393443,1,1,93,2,0.021505376,2,1,83,2,0.024096386,2,1,10,0,0,0,,53,2,0.037735849,1,0.5,29,1,0.034482759,0,0,24,1,0.041666667,1,1,45,1,0.022222222,0,0,18,1,0.055555556,0,0,27,0,0,0,,0,0,,0,,0,0,,0,,0,0,,0,,118,3,0.025423729,3,1,55,2,0.036363636,0,0,18,0,0,0,
665750,Taveras,Leody,267,18,0.06741573,8,0.444444444,127,11,0.086614173,5,0.454545455,140,7,0.05,3,0.428571429,195,12,0.061538462,5,0.416666667,72,6,0.083333333,3,0.5,91,4,0.043956044,3,0.75,79,4,0.050632911,3,0.75,12,0,0,0,,94,4,0.042553191,0,0,71,2,0.028169014,0,0,23,2,0.086956522,0,0,78,9,0.115384615,5,0.555555556,44,5,0.113636364,2,0.4,34,4,0.117647059,3,0.75,4,1,0.25,0,0,1,1,1,0,0,3,0,0,0,0,155,14,0.090322581,6,0.428571429,81,2,0.024691358,1,0.5,31,2,0.064516129,1,0.5
665877,Fermín,José,334,13,0.038922156,2,0.153846154,174,7,0.040229885,0,0,160,6,0.0375,2,0.333333333,244,13,0.053278689,2,0.153846154,90,0,0,0,,80,3,0.0375,0,0,75,3,0.04,0,0,5,0,0,0,,115,2,0.017391304,0,0,95,2,0.021052632,0,0,20,0,0,0,,131,7,0.053435115,1,0.142857143,71,7,0.098591549,1,0.142857143,60,0,0,0,,8,1,0.125,1,1,3,1,0.333333333,1,1,5,0,0,0,0,191,5,0.02617801,2,0.4,121,6,0.049586777,0,0,22,2,0.090909091,0,0
668904,Lewis,Royce,247,8,0.032388664,3,0.375,112,3,0.026785714,2,0.666666667,135,5,0.037037037,1,0.2,158,4,0.025316456,2,0.5,89,4,0.04494382,1,0.25,77,3,0.038961039,2,0.666666667,70,3,0.042857143,2,0.666666667,7,0,0,0,,96,1,0.010416667,0,0,59,0,0,0,,37,1,0.027027027,0,0,71,4,0.056338028,1,0.25,29,1,0.034482759,0,0,42,3,0.071428571,1,0.333333333,3,0,0,0,,0,0,,0,,3,0,0,0,,163,4,0.024539877,2,0.5,59,3,0.050847458,1,0.333333333,25,1,0.04,0,0
669257,Smith,William,208,2,0.009615385,1,0.5,118,0,0,0,,90,2,0.022222222,1,0.5,156,2,0.012820513,1,0.5,52,0,0,0,,72,0,0,0,,68,0,0,0,,4,0,0,0,,79,2,0.025316456,1,0.5,54,2,0.037037037,1,0.5,25,0,0,0,,57,0,0,0,,34,0,0,0,,23,0,0,0,,0,0,,0,,0,0,,0,,0,0,,0,,132,0,0,0,,64,0,0,0,,12,2,0.166666667,1,0.5
669911,Toglia,Michael,19,2,0.105263158,0,0,14,2,0.142857143,0,0,5,0,0,0,,10,2,0.2,0,0,9,0,0,0,,3,1,0.333333333,0,0,3,1,0.333333333,0,0,0,0,,0,,10,1,0.1,0,0,7,1,0.142857143,0,0,3,0,0,0,,5,0,0,0,,0,0,,0,,5,0,0,0,,1,0,0,0,,0,0,,0,,1,0,0,0,,14,2,0.142857143,0,0,4,0,0,0,,1,0,0,0,
670032,Lopez,Nicholas,143,4,0.027972028,2,0.5,69,0,0,0,,74,4,0.054054054,2,0.5,94,2,0.021276596,0,0,49,2,0.040816327,2,1,43,0,0,0,,35,0,0,0,,8,0,0,0,,42,0,0,0,,33,0,0,0,,9,0,0,0,,57,4,0.070175439,2,0.5,26,2,0.076923077,0,0,31,2,0.064516129,2,1,1,0,0,0,,0,0,,0,,1,0,0,0,,83,2,0.024096386,1,0.5,41,1,0.024390244,0,0,19,1,0.052631579,1,1
670764,Walls,Taylor,287,18,0.06271777,8,0.444444444,156,10,0.064102564,5,0.5,131,8,0.061068702,3,0.375,182,10,0.054945055,4,0.4,105,8,0.076190476,4,0.5,86,4,0.046511628,1,0.25,79,4,0.050632911,1,0.25,7,0,0,0,,106,6,0.056603774,4,0.666666667,65,5,0.076923077,3,0.6,41,1,0.024390244,1,1,89,6,0.06741573,2,0.333333333,38,1,0.026315789,0,0,51,5,0.098039216,2,0.4,6,2,0.333333333,1,0.5,0,0,,0,0,6,2,0.333333333,1,0.5,168,11,0.06547619,4,0.363636364,95,7,0.073684211,4,0.571428571,24,0,0,0,
670770,Friedl,Terry,176,2,0.011363636,1,0.5,87,1,0.011494253,0,0,89,1,0.011235955,1,1,134,2,0.014925373,1,0.5,42,0,0,0,,64,1,0.015625,1,1,59,1,0.016949153,1,1,5,0,0,0,,51,0,0,0,,40,0,0,0,,11,0,0,0,,57,1,0.01754386,0,0,32,1,0.03125,0,0,25,0,0,0,,4,0,0,0,,3,0,0,0,,1,0,0,0,,129,1,0.007751938,1,1,31,1,0.032258065,0,0,16,0,0,0,
676391,Clement,Ernie,247,13,0.052631579,8,0.615384615,123,4,0.032520325,4,1,124,9,0.072580645,4,0.444444444,173,6,0.034682081,3,0.5,74,7,0.094594595,5,0.714285714,90,2,0.022222222,2,1,81,1,0.012345679,1,1,9,1,0.111111111,1,1,88,5,0.056818182,4,0.8,54,2,0.037037037,2,1,34,3,0.088235294,2,0.666666667,66,6,0.090909091,2,0.333333333,38,3,0.078947368,0,0,28,3,0.107142857,2,0.666666667,3,0,0,0,,0,0,,0,,3,0,0,0,,164,10,0.06097561,8,0.8,68,2,0.029411765,0,0,15,1,0.066666667,0,0
677950,Thomas,Alek,51,4,0.078431373,3,0.75,23,4,0.173913043,3,0.75,28,0,0,0,,39,4,0.102564103,3,0.75,12,0,0,0,,18,1,0.055555556,1,1,17,1,0.058823529,1,1,1,0,0,0,,24,2,0.083333333,2,1,14,2,0.142857143,2,1,10,0,0,0,,9,1,0.111111111,0,0,8,1,0.125,0,0,1,0,0,0,,0,0,,0,,0,0,,0,,0,0,,0,,33,2,0.060606061,2,1,14,2,0.142857143,1,0.5,4,0,0,0,
679845,Loftin,Nicholas,327,21,0.064220183,10,0.476190476,154,11,0.071428571,3,0.272727273,173,10,0.057803468,7,0.7,227,15,0.066079295,8,0.533333333,100,6,0.06,2,0.333333333,115,4,0.034782609,4,1,100,4,0.04,4,1,15,0,0,0,,108,6,0.055555556,4,0.666666667,80,5,0.0625,3,0.6,28,1,0.035714286,1,1,98,10,0.102040816,2,0.2,47,6,0.127659574,1,0.166666667,51,4,0.078431373,1,0.25,6,1,0.166666667,0,0,0,0,,0,0,6,1,0.166666667,0,0,203,13,0.064039409,7,0.538461538,104,7,0.067307692,2,0.285714286,20,1,0.05,1,1
680777,Jeffers,Ryan,302,13,0.043046358,8,0.615384615,145,6,0.04137931,2,0.333333333,157,7,0.044585987,6,0.857142857,200,6,0.03,4,0.666666667,102,7,0.068627451,4,0.571428571,101,1,0.00990099,1,1,91,1,0.010989011,1,1,10,0,0,0,,106,5,0.047169811,2,0.4,65,3,0.046153846,1,0.333333333,41,2,0.048780488,1,0.5,93,7,0.075268817,5,0.714285714,43,2,0.046511628,2,1,50,5,0.1,3,0.6,2,0,0,0,,1,0,0,0,,1,0,0,0,,205,10,0.048780488,5,0.5,82,2,0.024390244,2,1,15,1,0.066666667,1,1
681715,Hernandez,Heriberto,281,14,0.049822064,4,0.285714286,127,5,0.039370079,2,0.4,154,9,0.058441558,2,0.222222222,187,12,0.064171123,3,0.25,94,2,0.021276596,1,0.5,103,2,0.019417476,0,0,84,2,0.023809524,0,0,19,0,0,0,,93,6,0.064516129,2,0.333333333,65,5,0.076923077,2,0.4,28,1,0.035714286,0,0,83,6,0.072289157,2,0.333333333,38,5,0.131578947,1,0.2,45,1,0.022222222,1,1,2,0,0,0,,0,0,,0,,2,0,0,0,,176,6,0.034090909,0,0,70,5,0.071428571,2,0.4,35,3,0.085714286,2,0.666666667
686611,Crews,Dylan,206,9,0.04368932,5,0.555555556,92,1,0.010869565,1,1,114,8,0.070175439,4,0.5,130,5,0.038461538,4,0.8,76,4,0.052631579,1,0.25,65,0,0,0,,57,0,0,0,,8,0,0,0,,74,2,0.027027027,1,0.5,47,1,0.021276596,1,1,27,1,0.037037037,0,0,65,7,0.107692308,4,0.571428571,26,4,0.153846154,3,0.75,39,3,0.076923077,1,0.333333333,2,0,0,0,,0,0,,0,,2,0,0,0,,118,6,0.050847458,3,0.5,71,3,0.042253521,2,0.666666667,17,0,0,0,
687282,Rincones,Gabriel,48,9,0.1875,6,0.666666667,22,4,0.181818182,3,0.75,26,5,0.192307692,3,0.6,29,5,0.172413793,2,0.4,19,4,0.210526316,4,1,22,1,0.045454545,0,0,16,1,0.0625,0,0,6,0,0,0,,13,4,0.307692308,2,0.5,9,3,0.333333333,1,0.333333333,4,1,0.25,1,1,13,4,0.307692308,4,1,4,1,0.25,1,1,9,3,0.333333333,3,1,0,0,,0,,0,0,,0,,0,0,,0,,33,8,0.242424242,5,0.625,11,0,0,0,,4,1,0.25,1,1
690976,Freeland,Alexander,220,6,0.027272727,4,0.666666667,99,3,0.03030303,1,0.333333333,121,3,0.024793388,3,1,153,4,0.026143791,3,0.75,67,2,0.029850746,1,0.5,69,0,0,0,,65,0,0,0,,4,0,0,0,,72,2,0.027777778,2,1,48,1,0.020833333,1,1,24,1,0.041666667,1,1,79,4,0.050632911,2,0.5,40,3,0.075,2,0.666666667,39,1,0.025641026,0,0,0,0,,0,,0,0,,0,,0,0,,0,,119,3,0.025210084,2,0.666666667,73,2,0.02739726,1,0.5,28,1,0.035714286,1,1
691011,Romo,Drew,85,5,0.058823529,3,0.6,47,0,0,0,,38,5,0.131578947,3,0.6,56,3,0.053571429,2,0.666666667,29,2,0.068965517,1,0.5,37,2,0.054054054,2,1,28,2,0.071428571,2,1,9,0,0,0,,24,0,0,0,,17,0,0,0,,7,0,0,0,,23,3,0.130434783,1,0.333333333,11,1,0.090909091,0,0,12,2,0.166666667,1,0.5,1,0,0,0,,0,0,,0,,1,0,0,0,,39,1,0.025641026,1,1,32,3,0.09375,1,0.333333333,14,1,0.071428571,1,1
691019,Teel,Kyle,67,5,0.074626866,2,0.4,34,3,0.088235294,0,0,33,2,0.060606061,2,1,39,3,0.076923077,2,0.666666667,28,2,0.071428571,0,0,24,3,0.125,0,0,18,1,0.055555556,0,0,6,2,0.333333333,0,0,25,2,0.08,2,1,16,2,0.125,2,1,9,0,0,0,,17,0,0,0,,5,0,0,0,,12,0,0,0,,1,0,0,0,,0,0,,0,,1,0,0,0,,31,4,0.129032258,2,0.5,31,1,0.032258065,0,0,5,0,0,0,
691781,House,Brady,176,11,0.0625,7,0.636363636,83,8,0.096385542,5,0.625,93,3,0.032258065,2,0.666666667,121,8,0.066115702,5,0.625,55,3,0.054545455,2,0.666666667,55,3,0.054545455,3,1,53,3,0.056603774,3,1,2,0,0,0,,58,3,0.051724138,1,0.333333333,38,2,0.052631579,0,0,20,1,0.05,1,1,60,5,0.083333333,3,0.6,30,3,0.1,2,0.666666667,30,2,0.066666667,1,0.5,3,0,0,0,,0,0,,0,,3,0,0,0,,122,7,0.057377049,3,0.428571429,51,4,0.078431373,4,1,3,0,0,0,
694673,Ortiz,Abimelec,81,5,0.061728395,2,0.4,40,3,0.075,1,0.333333333,41,2,0.048780488,1,0.5,56,2,0.035714286,0,0,25,3,0.12,2,0.666666667,41,2,0.048780488,2,1,29,0,0,0,,12,2,0.166666667,2,1,24,2,0.083333333,0,0,18,1,0.055555556,0,0,6,1,0.166666667,0,0,16,1,0.0625,0,0,9,1,0.111111111,0,0,7,0,0,0,,0,0,,0,,0,0,,0,,0,0,,0,,47,5,0.106382979,2,0.4,25,0,0,0,,9,0,0,0,
694728,Matthews,Brice,147,2,0.013605442,0,0,60,0,0,0,,87,2,0.022988506,0,0,92,1,0.010869565,0,0,55,1,0.018181818,0,0,47,0,0,0,,38,0,0,0,,9,0,0,0,,49,2,0.040816327,0,0,33,1,0.03030303,0,0,16,1,0.0625,0,0,51,0,0,0,,21,0,0,0,,30,0,0,0,,0,0,,0,,0,0,,0,,0,0,,0,,82,1,0.012195122,0,0,53,0,0,0,,12,1,0.083333333,0,0
695670,Ford,Harrison,80,3,0.0375,1,0.333333333,36,2,0.055555556,0,0,44,1,0.022727273,1,1,55,1,0.018181818,1,1,25,2,0.08,0,0,22,0,0,0,,20,0,0,0,,2,0,0,0,,32,1,0.03125,1,1,22,1,0.045454545,1,1,10,0,0,0,,25,1,0.04,0,0,13,0,0,0,,12,1,0.083333333,0,0,1,1,1,0,0,0,0,,0,0,1,1,1,0,0,53,0,0,0,,24,3,0.125,1,0.333333333,3,0,0,0,
701852,Cavanaugh,Drew,90,3,0.033333333,2,0.666666667,48,2,0.041666667,2,1,42,1,0.023809524,0,0,63,3,0.047619048,2,0.666666667,27,0,0,0,,24,1,0.041666667,0,0,22,1,0.045454545,0,0,2,0,0,0,,34,1,0.029411765,1,1,20,1,0.05,1,1,14,0,0,0,,31,1,0.032258065,1,1,21,1,0.047619048,1,1,10,0,0,0,,1,0,0,0,,0,0,,0,,1,0,0,0,,53,2,0.037735849,1,0.5,30,0,0,0,,7,1,0.142857143,1,1
702222,Crawford,Justin,240,13,0.054166667,3,0.230769231,120,10,0.083333333,3,0.3,120,3,0.025,0,0,155,10,0.064516129,2,0.2,85,3,0.035294118,1,0.333333333,57,3,0.052631579,2,0.666666667,48,2,0.041666667,1,0.5,9,1,0.111111111,1,1,73,2,0.02739726,0,0,50,2,0.04,0,0,23,0,0,0,,106,8,0.075471698,1,0.125,54,6,0.111111111,1,0.166666667,52,2,0.038461538,0,0,4,0,0,0,,3,0,0,0,,1,0,0,0,,174,7,0.040229885,2,0.285714286,59,6,0.101694915,1,0.166666667,7,0,0,0,
703601,Clark,Maxwell,119,3,0.025210084,3,1,45,1,0.022222222,1,1,74,2,0.027027027,2,1,84,2,0.023809524,2,1,35,1,0.028571429,1,1,34,1,0.029411765,1,1,32,1,0.03125,1,1,2,0,0,0,,49,1,0.020408163,1,1,39,1,0.025641026,1,1,10,0,0,0,,35,1,0.028571429,1,1,13,0,0,0,,22,1,0.045454545,1,1,1,0,0,0,,0,0,,0,,1,0,0,0,,78,3,0.038461538,3,1,37,0,0,0,,4,0,0,0,
805811,Eldridge,Bryson,283,21,0.074204947,13,0.619047619,144,11,0.076388889,6,0.545454545,139,10,0.071942446,7,0.7,205,15,0.073170732,10,0.666666667,78,6,0.076923077,3,0.5,121,9,0.074380165,6,0.666666667,112,9,0.080357143,6,0.666666667,9,0,0,0,,96,4,0.041666667,3,0.75,64,2,0.03125,2,1,32,2,0.0625,1,0.5,58,8,0.137931034,4,0.5,29,4,0.137931034,2,0.5,29,4,0.137931034,2,0.5,8,0,0,0,,0,0,,0,,8,0,0,0,,161,12,0.074534161,7,0.583333333,102,7,0.068627451,4,0.571428571,20,2,0.1,2,1
663698,Bart,Joseph,77,3,0.038961039,0,0,42,0,0,0,,35,3,0.085714286,0,0,61,2,0.032786885,0,0,16,1,0.0625,0,0,22,0,0,0,,21,0,0,0,,1,0,0,0,,24,0,0,0,,20,0,0,0,,4,0,0,0,,28,3,0.107142857,0,0,20,2,0.1,0,0,8,1,0.125,0,0,3,0,0,0,,0,0,,0,,3,0,0,0,,43,3,0.069767442,0,0,28,0,0,0,,6,0,0,0,
663837,Vierling,Matthew,199,2,0.010050251,1,0.5,103,0,0,0,,96,2,0.020833333,1,0.5,164,2,0.012195122,1,0.5,35,0,0,0,,67,1,0.014925373,0,0,64,1,0.015625,0,0,3,0,0,0,,73,1,0.01369863,1,1,61,1,0.016393443,1,1,12,0,0,0,,56,0,0,0,,36,0,0,0,,20,0,0,0,,3,0,0,0,,3,0,0,0,,0,0,,0,,138,2,0.014492754,1,0.5,48,0,0,0,,13,0,0,0,
663886,Stephenson,Tyler,302,7,0.023178808,6,0.857142857,143,6,0.041958042,5,0.833333333,159,1,0.006289308,1,1,213,4,0.018779343,4,1,89,3,0.033707865,2,0.666666667,92,0,0,0,,81,0,0,0,,11,0,0,0,,107,2,0.018691589,2,1,82,2,0.024390244,2,1,25,0,0,0,,100,5,0.05,4,0.8,50,2,0.04,2,1,50,3,0.06,2,0.666666667,3,0,0,0,,0,0,,0,,3,0,0,0,,185,6,0.032432432,5,0.833333333,88,1,0.011363636,1,1,29,0,0,0,
664983,McCarthy,Jacob,194,5,0.025773196,4,0.8,102,2,0.019607843,2,1,92,3,0.032608696,2,0.666666667,136,3,0.022058824,2,0.666666667,58,2,0.034482759,2,1,91,1,0.010989011,1,1,82,1,0.012195122,1,1,9,0,0,0,,64,2,0.03125,1,0.5,38,1,0.026315789,0,0,26,1,0.038461538,1,1,37,1,0.027027027,1,1,16,1,0.0625,1,1,21,0,0,0,,2,1,0.5,1,1,0,0,,0,0,2,1,0.5,1,1,114,4,0.035087719,3,0.75,63,0,0,0,,17,1,0.058823529,1,1
665487,Tatis,Fernando,357,7,0.019607843,4,0.571428571,176,4,0.022727273,2,0.5,181,3,0.016574586,2,0.666666667,269,7,0.026022305,4,0.571428571,88,0,0,0,,186,4,0.021505376,3,0.75,171,4,0.023391813,3,0.75,15,0,0,0,,91,2,0.021978022,1,0.5,64,2,0.03125,1,0.5,27,0,0,0,,78,1,0.012820513,0,0,34,1,0.029411765,0,0,44,0,0,0,,2,0,0,0,,0,0,,0,,2,0,0,0,,229,5,0.021834061,3,0.6,99,1,0.01010101,1,1,29,1,0.034482759,0,0
665833,Cruz,Oneil,293,6,0.020477816,1,0.166666667,160,3,0.01875,1,0.333333333,133,3,0.022556391,0,0,207,4,0.019323671,1,0.25,86,2,0.023255814,0,0,127,2,0.015748031,0,0,116,2,0.017241379,0,0,11,0,0,0,,91,3,0.032967033,1,0.333333333,61,2,0.032786885,1,0.5,30,1,0.033333333,0,0,73,1,0.01369863,0,0,30,0,0,0,,43,1,0.023255814,0,0,2,0,0,0,,0,0,,0,,2,0,0,0,,189,3,0.015873016,1,0.333333333,74,2,0.027027027,0,0,30,1,0.033333333,0,0
666126,Cortes,Carlos,242,12,0.049586777,5,0.416666667,133,7,0.052631579,3,0.428571429,109,5,0.04587156,2,0.4,176,10,0.056818182,4,0.4,66,2,0.03030303,1,0.5,91,1,0.010989011,0,0,81,1,0.012345679,0,0,10,0,0,0,,75,3,0.04,2,0.666666667,52,2,0.038461538,1,0.5,23,1,0.043478261,1,1,74,8,0.108108108,3,0.375,43,7,0.162790698,3,0.428571429,31,1,0.032258065,0,0,2,0,0,0,,0,0,,0,,2,0,0,0,,165,4,0.024242424,2,0.5,45,4,0.088888889,2,0.5,32,4,0.125,1,0.25
668939,Rutschman,Adley,335,7,0.020895522,2,0.285714286,157,3,0.01910828,0,0,178,4,0.02247191,2,0.5,241,4,0.01659751,1,0.25,94,3,0.031914894,1,0.333333333,133,1,0.007518797,0,0,123,1,0.008130081,0,0,10,0,0,0,,105,0,0,0,,71,0,0,0,,34,0,0,0,,95,6,0.063157895,2,0.333333333,47,3,0.063829787,1,0.333333333,48,3,0.0625,1,0.333333333,2,0,0,0,,0,0,,0,,2,0,0,0,,206,5,0.024271845,1,0.2,100,2,0.02,1,0.5,29,0,0,0,
669004,Melendez,Mervyl,78,3,0.038461538,1,0.333333333,35,3,0.085714286,1,0.333333333,43,0,0,0,,54,3,0.055555556,1,0.333333333,24,0,0,0,,28,1,0.035714286,0,0,25,1,0.04,0,0,3,0,0,0,,30,2,0.066666667,1,0.5,23,2,0.086956522,1,0.5,7,0,0,0,,20,0,0,0,,6,0,0,0,,14,0,0,0,,0,0,,0,,0,0,,0,,0,0,,0,,39,3,0.076923077,1,0.333333333,35,0,0,0,,4,0,0,0,
669392,Taylor,Samad,123,4,0.032520325,1,0.25,57,2,0.035087719,1,0.5,66,2,0.03030303,0,0,83,1,0.012048193,0,0,40,3,0.075,1,0.333333333,39,0,0,0,,37,0,0,0,,2,0,0,0,,44,2,0.045454545,1,0.5,32,0,0,0,,12,2,0.166666667,1,0.5,39,2,0.051282051,0,0,13,1,0.076923077,0,0,26,1,0.038461538,0,0,1,0,0,0,,1,0,0,0,,0,0,,0,,77,4,0.051948052,1,0.25,40,0,0,0,,6,0,0,0,
672016,Clarke,Denzel,56,3,0.053571429,2,0.666666667,20,0,0,0,,36,3,0.083333333,2,0.666666667,33,3,0.090909091,2,0.666666667,23,0,0,0,,17,1,0.058823529,1,1,15,1,0.066666667,1,1,2,0,0,0,,20,1,0.05,0,0,12,1,0.083333333,0,0,8,0,0,0,,18,1,0.055555556,1,1,6,1,0.166666667,1,1,12,0,0,0,,1,0,0,0,,0,0,,0,,1,0,0,0,,39,2,0.051282051,1,0.5,14,1,0.071428571,1,1,3,0,0,0,
672275,Bailey,Patrick,194,7,0.036082474,3,0.428571429,95,4,0.042105263,1,0.25,99,3,0.03030303,2,0.666666667,124,6,0.048387097,2,0.333333333,70,1,0.014285714,1,1,50,1,0.02,1,1,44,1,0.022727273,1,1,6,0,0,0,,78,1,0.012820513,0,0,53,1,0.018867925,0,0,25,0,0,0,,62,5,0.080645161,2,0.4,26,4,0.153846154,1,0.25,36,1,0.027777778,1,1,4,0,0,0,,1,0,0,0,,3,0,0,0,,126,6,0.047619048,2,0.333333333,51,0,0,0,,17,1,0.058823529,1,1
672356,Arias,Gabriel,73,4,0.054794521,0,0,29,2,0.068965517,0,0,44,2,0.045454545,0,0,49,2,0.040816327,0,0,24,2,0.083333333,0,0,24,1,0.041666667,0,0,21,1,0.047619048,0,0,3,0,0,0,,24,2,0.083333333,0,0,12,0,0,0,,12,2,0.166666667,0,0,25,1,0.04,0,0,16,1,0.0625,0,0,9,0,0,0,,0,0,,0,,0,0,,0,,0,0,,0,,48,1,0.020833333,0,0,21,3,0.142857143,0,0,4,0,0,0,
672960,Okamoto,Kazuma,407,7,0.017199017,2,0.285714286,225,3,0.013333333,1,0.333333333,182,4,0.021978022,1,0.25,295,5,0.016949153,2,0.4,112,2,0.017857143,0,0,159,3,0.018867925,1,0.333333333,135,2,0.014814815,1,0.5,24,1,0.041666667,0,0,136,3,0.022058824,0,0,102,2,0.019607843,0,0,34,1,0.029411765,0,0,109,1,0.009174312,1,1,58,1,0.017241379,1,1,51,0,0,0,,3,0,0,0,,0,0,,0,,3,0,0,0,,235,4,0.017021277,0,0,141,3,0.021276596,2,0.666666667,31,0,0,0,
676356,DeLuca,Jonathan,184,8,0.043478261,4,0.5,90,5,0.055555556,1,0.2,94,3,0.031914894,3,1,122,5,0.040983607,1,0.2,62,3,0.048387097,3,1,53,1,0.018867925,0,0,47,1,0.021276596,0,0,6,0,0,0,,68,6,0.088235294,3,0.5,43,3,0.069767442,0,0,25,3,0.12,3,1,60,1,0.016666667,1,1,32,1,0.03125,1,1,28,0,0,0,,3,0,0,0,,0,0,,0,,3,0,0,0,,108,5,0.046296296,2,0.4,66,3,0.045454545,2,0.666666667,10,0,0,0,
676724,Young,Jared,181,8,0.044198895,3,0.375,95,5,0.052631579,2,0.4,86,3,0.034883721,1,0.333333333,121,5,0.041322314,1,0.2,60,3,0.05,2,0.666666667,54,1,0.018518519,0,0,49,1,0.020408163,0,0,5,0,0,0,,70,4,0.057142857,1,0.25,50,4,0.08,1,0.25,20,0,0,0,,55,3,0.054545455,2,0.666666667,22,0,0,0,,33,3,0.090909091,2,0.666666667,2,0,0,0,,0,0,,0,,2,0,0,0,,109,4,0.036697248,2,0.5,63,3,0.047619048,1,0.333333333,9,1,0.111111111,0,0
677649,Duran,Ezequiel,321,6,0.018691589,3,0.5,150,4,0.026666667,2,0.5,171,2,0.011695906,1,0.5,247,5,0.020242915,3,0.6,74,1,0.013513514,0,0,118,3,0.025423729,1,0.333333333,108,3,0.027777778,1,0.333333333,10,0,0,0,,105,2,0.019047619,2,1,82,2,0.024390244,2,1,23,0,0,0,,98,1,0.010204082,0,0,57,0,0,0,,41,1,0.024390244,0,0,0,0,,0,,0,0,,0,,0,0,,0,,192,2,0.010416667,1,0.5,111,3,0.027027027,2,0.666666667,18,1,0.055555556,0,0
680869,Gelof,Zachary,267,15,0.056179775,11,0.733333333,150,7,0.046666667,6,0.857142857,117,8,0.068376068,5,0.625,187,8,0.042780749,5,0.625,80,7,0.0875,6,0.857142857,91,4,0.043956044,3,0.75,85,3,0.035294118,2,0.666666667,6,1,0.166666667,1,1,84,3,0.035714286,3,1,51,2,0.039215686,2,1,33,1,0.03030303,1,1,87,8,0.091954023,5,0.625,51,3,0.058823529,1,0.333333333,36,5,0.138888889,4,0.8,5,0,0,0,,0,0,,0,,5,0,0,0,,168,6,0.035714286,5,0.833333333,80,8,0.1,6,0.75,19,1,0.052631579,0,0
680977,Donovan,Brendan,102,7,0.068627451,4,0.571428571,43,4,0.093023256,2,0.5,59,3,0.050847458,2,0.666666667,69,1,0.014492754,0,0,33,6,0.181818182,4,0.666666667,47,1,0.021276596,0,0,44,1,0.022727273,0,0,3,0,0,0,,28,2,0.071428571,2,1,17,0,0,0,,11,2,0.181818182,2,1,26,4,0.153846154,2,0.5,8,0,0,0,,18,4,0.222222222,2,0.5,1,0,0,0,,0,0,,0,,1,0,0,0,,75,5,0.066666667,3,0.6,20,2,0.1,1,0.5,7,0,0,0,
681807,Fry,David,142,5,0.035211268,2,0.4,68,4,0.058823529,1,0.25,74,1,0.013513514,1,1,97,1,0.010309278,0,0,45,4,0.088888889,2,0.5,67,1,0.014925373,0,0,62,1,0.016129032,0,0,5,0,0,0,,36,1,0.027777778,1,1,20,0,0,0,,16,1,0.0625,1,1,38,3,0.078947368,1,0.333333333,15,0,0,0,,23,3,0.130434783,1,0.333333333,1,0,0,0,,0,0,,0,,1,0,0,0,,78,4,0.051282051,2,0.5,50,1,0.02,0,0,14,0,0,0,
683002,Henderson,Gunnar,410,20,0.048780488,8,0.4,193,4,0.020725389,2,0.5,217,16,0.073732719,6,0.375,285,15,0.052631579,7,0.466666667,125,5,0.04,1,0.2,172,3,0.01744186,2,0.666666667,149,3,0.020134228,2,0.666666667,23,0,0,0,,113,6,0.053097345,2,0.333333333,76,6,0.078947368,2,0.333333333,37,0,0,0,,115,9,0.07826087,4,0.444444444,57,6,0.105263158,3,0.5,58,3,0.051724138,1,0.333333333,10,2,0.2,0,0,3,0,0,0,0,7,2,0.285714286,0,0,285,14,0.049122807,6,0.428571429,93,2,0.021505376,0,0,32,4,0.125,2,0.5
685133,Meckler,Wade,204,12,0.058823529,6,0.5,100,5,0.05,1,0.2,104,7,0.067307692,5,0.714285714,146,11,0.075342466,6,0.545454545,58,1,0.017241379,0,0,77,3,0.038961039,1,0.333333333,69,3,0.043478261,1,0.333333333,8,0,0,0,,71,3,0.042253521,2,0.666666667,51,3,0.058823529,2,0.666666667,20,0,0,0,,54,5,0.092592593,3,0.6,26,5,0.192307692,3,0.6,28,0,0,0,,2,1,0.5,0,0,0,0,,0,0,2,1,0.5,0,0,126,7,0.055555556,4,0.571428571,52,3,0.057692308,2,0.666666667,26,2,0.076923077,0,0
686668,Doyle,Brenton,85,2,0.023529412,1,0.5,44,2,0.045454545,1,0.5,41,0,0,0,,48,2,0.041666667,1,0.5,37,0,0,0,,30,1,0.033333333,1,1,21,1,0.047619048,1,1,9,0,0,0,,32,1,0.03125,0,0,20,1,0.05,0,0,12,0,0,0,,22,0,0,0,,7,0,0,0,,15,0,0,0,,1,0,0,0,,0,0,,0,,1,0,0,0,,50,1,0.02,1,1,28,1,0.035714286,0,0,7,0,0,0,
687529,McCray,Grant,63,3,0.047619048,2,0.666666667,25,1,0.04,0,0,38,2,0.052631579,2,1,43,3,0.069767442,2,0.666666667,20,0,0,0,,18,2,0.111111111,2,1,16,2,0.125,2,1,2,0,0,0,,22,1,0.045454545,0,0,13,1,0.076923077,0,0,9,0,0,0,,23,0,0,0,,14,0,0,0,,9,0,0,0,,0,0,,0,,0,0,,0,,0,0,,0,,45,3,0.066666667,2,0.666666667,15,0,0,0,,3,0,0,0,
689414,Hicks,Liam,365,13,0.035616438,7,0.538461538,145,6,0.04137931,3,0.5,220,7,0.031818182,4,0.571428571,268,11,0.041044776,6,0.545454545,97,2,0.020618557,1,0.5,127,1,0.007874016,1,1,118,1,0.008474576,1,1,9,0,0,0,,142,5,0.035211268,4,0.8,94,4,0.042553191,3,0.75,48,1,0.020833333,1,1,95,7,0.073684211,2,0.285714286,56,6,0.107142857,2,0.333333333,39,1,0.025641026,0,0,1,0,0,0,,0,0,,0,,1,0,0,0,,203,8,0.039408867,4,0.5,132,5,0.037878788,3,0.6,30,0,0,0,
691406,Caminero,Junior,419,24,0.057279236,9,0.375,208,11,0.052884615,3,0.272727273,211,13,0.061611374,6,0.461538462,308,21,0.068181818,8,0.380952381,111,3,0.027027027,1,0.333333333,167,11,0.065868263,3,0.272727273,155,11,0.070967742,3,0.272727273,12,0,0,0,,140,10,0.071428571,5,0.5,102,9,0.088235294,5,0.555555556,38,1,0.026315789,0,0,107,2,0.018691589,0,0,50,1,0.02,0,0,57,1,0.01754386,0,0,5,1,0.2,1,1,1,0,0,0,0,4,1,0.25,1,1,266,18,0.067669173,7,0.388888889,108,3,0.027777778,0,0,45,3,0.066666667,2,0.666666667
691594,Sanoja,Javier,258,6,0.023255814,3,0.5,123,2,0.016260163,1,0.5,135,4,0.02962963,2,0.5,166,3,0.018072289,2,0.666666667,92,3,0.032608696,1,0.333333333,100,0,0,0,,83,0,0,0,,17,0,0,0,,77,2,0.025974026,2,1,48,1,0.020833333,1,1,29,1,0.034482759,1,1,79,4,0.050632911,1,0.25,34,2,0.058823529,1,0.5,45,2,0.044444444,0,0,2,0,0,0,,1,0,0,0,,1,0,0,0,,177,5,0.028248588,2,0.4,65,1,0.015384615,1,1,16,0,0,0,
693307,Dingler,Francis,366,16,0.043715847,7,0.4375,168,8,0.047619048,4,0.5,198,8,0.04040404,3,0.375,281,11,0.039145907,4,0.363636364,85,5,0.058823529,3,0.6,134,3,0.02238806,2,0.666666667,124,3,0.024193548,2,0.666666667,10,0,0,0,,121,8,0.066115702,4,0.5,92,5,0.054347826,2,0.4,29,3,0.103448276,2,0.666666667,107,5,0.046728972,1,0.2,64,3,0.046875,0,0,43,2,0.046511628,1,0.5,4,0,0,0,,1,0,0,0,,3,0,0,0,,222,12,0.054054054,4,0.333333333,124,4,0.032258065,3,0.75,20,0,0,0,
694208,Ballesteros,Moisés,173,7,0.040462428,3,0.428571429,80,5,0.0625,1,0.2,93,2,0.021505376,2,1,121,6,0.049586777,3,0.5,52,1,0.019230769,0,0,54,3,0.055555556,2,0.666666667,52,3,0.057692308,2,0.666666667,2,0,0,0,,62,2,0.032258065,0,0,40,1,0.025,0,0,22,1,0.045454545,0,0,57,2,0.035087719,1,0.5,29,2,0.068965517,1,0.5,28,0,0,0,,0,0,,0,,0,0,,0,,0,0,,0,,106,4,0.037735849,2,0.5,46,2,0.043478261,1,0.5,21,1,0.047619048,0,0
700250,Rice,Benjamin,421,26,0.06175772,13,0.5,196,13,0.066326531,7,0.538461538,225,13,0.057777778,6,0.461538462,308,16,0.051948052,10,0.625,113,10,0.088495575,3,0.3,186,7,0.037634409,5,0.714285714,175,6,0.034285714,5,0.833333333,11,1,0.090909091,0,0,117,8,0.068376068,4,0.5,81,6,0.074074074,4,0.666666667,36,2,0.055555556,0,0,112,10,0.089285714,3,0.3,52,4,0.076923077,1,0.25,60,6,0.1,2,0.333333333,6,1,0.166666667,1,1,0,0,,0,0,6,1,0.166666667,1,1,246,13,0.052845528,5,0.384615385,133,10,0.07518797,7,0.7,42,3,0.071428571,1,0.333333333
802415,Simpson,Chandler,336,5,0.014880952,0,0,171,1,0.005847953,0,0,165,4,0.024242424,0,0,250,5,0.02,0,0,86,0,0,0,,121,2,0.016528926,0,0,107,2,0.018691589,0,0,14,0,0,0,,121,1,0.008264463,0,0,90,1,0.011111111,0,0,31,0,0,0,,90,2,0.022222222,0,0,52,2,0.038461538,0,0,38,0,0,0,,4,0,0,0,,1,0,0,0,,3,0,0,0,,230,4,0.017391304,0,0,86,1,0.011627907,0,0,20,0,0,0,
806068,Emerson,Colt,129,6,0.046511628,2,0.333333333,61,1,0.016393443,1,1,68,5,0.073529412,1,0.2,95,5,0.052631579,2,0.4,34,1,0.029411765,0,0,36,2,0.055555556,2,1,31,2,0.064516129,2,1,5,0,0,0,,49,0,0,0,,39,0,0,0,,10,0,0,0,,44,4,0.090909091,0,0,25,3,0.12,0,0,19,1,0.052631579,0,0,0,0,,0,,0,0,,0,,0,0,,0,,75,4,0.053333333,0,0,43,2,0.046511628,2,1,11,0,0,0,
806198,Pratt,Cooper,178,6,0.033707865,5,0.833333333,74,1,0.013513514,0,0,104,5,0.048076923,5,1,119,3,0.025210084,3,1,59,3,0.050847458,2,0.666666667,57,1,0.01754386,1,1,50,0,0,0,,7,1,0.142857143,1,1,62,1,0.016129032,0,0,37,0,0,0,,25,1,0.04,0,0,58,4,0.068965517,4,1,32,3,0.09375,3,1,26,1,0.038461538,1,1,1,0,0,0,,0,0,,0,,1,0,0,0,,113,4,0.03539823,4,1,58,2,0.034482759,1,0.5,7,0,0,0,
807712,Keaschall,Luke,371,33,0.088948787,18,0.545454545,195,19,0.097435897,10,0.526315789,176,14,0.079545455,8,0.571428571,253,25,0.098814229,14,0.56,118,8,0.06779661,4,0.5,151,11,0.072847682,6,0.545454545,136,10,0.073529412,6,0.6,15,1,0.066666667,0,0,112,13,0.116071429,9,0.692307692,74,10,0.135135135,6,0.6,38,3,0.078947368,3,1,102,9,0.088235294,3,0.333333333,39,5,0.128205128,2,0.4,63,4,0.063492063,1,0.25,6,0,0,0,,4,0,0,0,,2,0,0,0,,258,27,0.104651163,15,0.555555556,88,3,0.034090909,2,0.666666667,25,3,0.12,1,0.333333333
807713,Shaw,Matthew,141,4,0.028368794,1,0.25,64,3,0.046875,1,0.333333333,77,1,0.012987013,0,0,106,3,0.028301887,1,0.333333333,35,1,0.028571429,0,0,36,0,0,0,,35,0,0,0,,1,0,0,0,,49,1,0.020408163,1,1,39,1,0.025641026,1,1,10,0,0,0,,55,3,0.054545455,0,0,32,2,0.0625,0,0,23,1,0.043478261,0,0,1,0,0,0,,0,0,,0,,1,0,0,0,,75,1,0.013333333,0,0,56,3,0.053571429,1,0.333333333,10,0,0,0,
808959,Murakami,Munetaka,365,34,0.093150685,16,0.470588235,176,15,0.085227273,5,0.333333333,189,19,0.100529101,11,0.578947368,248,20,0.080645161,11,0.55,117,14,0.11965812,5,0.357142857,157,15,0.095541401,5,0.333333333,140,13,0.092857143,5,0.384615385,17,2,0.117647059,0,0,108,9,0.083333333,8,0.888888889,75,6,0.08,6,1,33,3,0.090909091,2,0.666666667,98,10,0.102040816,3,0.3,33,1,0.03030303,0,0,65,9,0.138461538,3,0.333333333,2,0,0,0,,0,0,,0,,2,0,0,0,,162,17,0.104938272,7,0.411764706,157,13,0.082802548,7,0.538461538,46,4,0.086956522,2,0.5
